title,ratings,num_rated,dis_price,act_price,url
"SanDisk 32GB Ultra Class 10 SDHC UHS-I Memory Card Up to 80MB, Grey/Black (SDSDUNC-032G-GN6IN)",4.5,9121,6.79,6.79,https://www.amazon.com/SanDisk-Ultra-Class-Memory-SDSDUNC-032G-GN6IN/dp/B0143RT8OY/ref=sr_1_3?keywords=sandisk+32gb&qid=1561088636&s=gateway&sr=8-3
"SanDisk 32GB Ultra microSDHC UHS-I Memory Card with Adapter - 98MB/s, C10, U1, Full HD, A1, Micro SD Card - SDSQUAR-032G-GN6MA",4.5,17387,7.93,7.93,https://www.amazon.com/SanDisk-Ultra-microSDXC-Memory-Adapter/dp/B073JWXGNT/ref=sr_1_4?keywords=sandisk+32gb&qid=1561088636&s=gateway&sr=8-4
SanDisk Extreme Pro 32GB SDHC UHS-I Card (SDSDXXG-032G-GN4IN),4.4,3386,12.91,12.91,https://www.amazon.com/SanDisk-Extreme-32GB-UHS-I-SDSDXXG-032G-GN4IN/dp/B01J5RHBQ4/ref=sr_1_5?keywords=sandisk+32gb&qid=1561088636&s=gateway&sr=8-5
"SanDisk 32GB Class 4 SDHC Memory Card, Frustration-Free Packaging- SDSDB-032G-AFFP (Label May Change)",4.4,14003,7.99,7.99,https://www.amazon.com/SanDisk-Memory-Frustration-Free-Packaging-SDSDB-032G-AFFP/dp/B007JRB0RE/ref=sr_1_6?keywords=sandisk+32gb&qid=1561088636&s=gateway&sr=8-6
"SanDisk 32GB Extreme SDHC UHS-I Memory Card - 90MB/s, C10, U3, V30, 4K UHD, SD Card - SDSDXVE-032G-GNCIN",4.6,1852,10.67,10.67,https://www.amazon.com/SanDisk-Extreme-SDSDXVE-032G-GNCIN-Newest-Version/dp/B01LORO7Z6/ref=sr_1_7?keywords=sandisk+32gb&qid=1561088636&s=gateway&sr=8-7
"SanDisk 32GB X2 (64GB) MicroSD HC Ultra Uhs-1 Memory Card, Class 10",4.6,675,13.28,13.28,https://www.amazon.com/SanDisk-MicroSD-Ultra-UHS-1-Memory/dp/B00CNYV942/ref=sr_1_8?keywords=sandisk+32gb&qid=1561088636&s=gateway&sr=8-8
"SanDisk 32GB (Two Pack) Extreme Pro Memory Card works with Nikon D3400, D3300, D750, D5500, D5300, D500, AW130, W100, L840 Digital DSLR Camera SDHC 4K V30 UHS-I with Everything But Stromboli Reader",4.4,47,31.49,31.49,https://www.amazon.com/SanDisk-Extreme-Digital-Everything-Stromboli/dp/B077SWPX85/ref=sr_1_9?keywords=sandisk+32gb&qid=1561088636&s=gateway&sr=8-9
SanDisk Ultra CZ48 32GB USB 3.0 Flash Drive Transfer Speeds Up To 100MB/s-SDCZ48-032G-UAM46,4.2,4397,7.79,7.79,https://www.amazon.com/SanDisk-Ultra-Transfer-Speeds-s-SDCZ48-032G-UAM46/dp/B00KYK2AKO/ref=sr_1_10?keywords=sandisk+32gb&qid=1561088636&s=gateway&sr=8-10
Calumet Sandisk Ultra SDHC 32GB 80MB/S C10 Flash Memory Card (SDSDUNC-032G-AN6IN) 2 Pack,4.5,41,13.99,13.99,https://www.amazon.com/Calumet-Sandisk-Ultra-Memory-SDSDUNC-032G-AN6IN/dp/B072J9RDB2/ref=sr_1_14?keywords=sandisk+32gb&qid=1561088636&s=gateway&sr=8-14
SanDisk 32 GB Class 10 SD HC Ultra Flash Memory Card - 5 Pack (SDSDUNC-032G-GN6IN) With Everything But Stromboli (tm) MicroFiber Cleaning Cloth,4.8,15,46.75,46.75,https://www.amazon.com/SanDisk-Class-Ultra-Flash-Memory/dp/B0727PCXT8/ref=sr_1_15?keywords=sandisk+32gb&qid=1561088636&s=gateway&sr=8-15
SanDisk Cruzer Glide CZ60 32GB USB 2.0 Flash Drive - SDCZ60-032G-B35,4.5,5315,6.99,6.99,https://www.amazon.com/SanDisk-Cruzer-Glide-Flash-Drive/dp/B008AF380Q/ref=sr_1_16?keywords=sandisk+32gb&qid=1561088636&s=gateway&sr=8-16
SanDisk 32GB iXpand Flash Drive for iPhone and iPad - SDIX30C-032G-GN6NN,3.9,2560,23.03,23.03,https://www.amazon.com/SanDisk-iXpand-Flash-Drive-iPhone/dp/B01CIEBU22/ref=sr_1_17?keywords=sandisk+32gb&qid=1561088636&s=gateway&sr=8-17
SanDisk Extreme Plus 32 GB Class 10 UHS-I U1/U3 microSDHC Memory Card,4.7,35,13.99,13.99,https://www.amazon.com/SanDisk-Extreme-Class-microSDHC-Memory/dp/B00DVKHQ4Y/ref=sr_1_18?keywords=sandisk+32gb&qid=1561088636&s=gateway&sr=8-18
SanDisk Extreme SDCFXSB-032G-G46 32GB CompactFlash Memory Card,4.5,439,29.49,29.49,https://www.amazon.com/SanDisk-Extreme-SDCFXSB-032G-G46-CompactFlash-Memory/dp/B00NUB2Q9E/ref=sr_1_19?keywords=sandisk+32gb&qid=1561088636&s=gateway&sr=8-19
SanDisk 32GB (Five Pack) SD HC Extreme Pro Memory Card works with Digital DSLR Camera SDHC 4K V30 UHS-I (SDSDXXG-032G-GN4IN) with Everything But Stromboli (TM) Combo Reader,5.0,8,68.62,68.62,https://www.amazon.com/SanDisk-Extreme-SDSDXXG-032G-GN4IN-Everything-Stromboli/dp/B078J69JJ9/ref=sr_1_20?keywords=sandisk+32gb&qid=1561088636&s=gateway&sr=8-20
SanDisk Ultra - 10 Pack Bundle UHS-I Class 10 SD Flash Memory Card Retail (SDSDUNC-032G-GN6IN) - With Everything But Stromboli (TM) Combo Card Reader,4.8,28,75.95,75.95,https://www.amazon.com/SanDisk-Ultra-SDSDUNC-032G-GN6IN-Everything-Stromboli/dp/B07FMH32YF/ref=sr_1_19?keywords=sandisk+32gb&qid=1561088655&s=gateway&sr=8-19
SanDisk Extreme PRO 32GB up to 95MB/s UHS-I/U3 SDHC Flash Memory Card - SDSDXPA-032G-X46,4.5,4952,16.5,16.5,https://www.amazon.com/SanDisk-Extreme-UHS-I-Flash-Memory/dp/B005LFT3QG/ref=sr_1_20?keywords=sandisk+32gb&qid=1561088655&s=gateway&sr=8-20
Sandisk Extreme Pro - Flash Memory Card - 32 GB - SDHC UHS-II - Black,4.6,45,55.0,55.0,https://www.amazon.com/Sandisk-Extreme-Pro-Memory-UHS-II/dp/B01NA9O89R/ref=sr_1_21?keywords=sandisk+32gb&qid=1561088655&s=gateway&sr=8-21
SanDisk 32GB SDHC Class 4 (10 Pack Bundle) Flash Memory Card SDSDB-032G-B35 Retail - with (10) SD Plastic Jewel Cases and (1) Everything But Stromboli (tm) Combo SD/TF Card Reader,4.9,9,64.39,64.39,https://www.amazon.com/SanDisk-Bundle-Memory-SDSDB-032G-B35-Retail/dp/B07FTQDC9X/ref=sr_1_22?keywords=sandisk+32gb&qid=1561088655&s=gateway&sr=8-22
"SanDisk 32GB Ultra Class 10 SDHC UHS-I Memory Card Up to 80MB, Grey/Black (SDSDUNC-032G-GN6IN) (Renewed)",5.0,4,6.65,6.65,https://www.amazon.com/SanDisk-Ultra-Memory-SDSDUNC-032G-GN6IN-Renewed/dp/B07H355WGZ/ref=sr_1_23?keywords=sandisk+32gb&qid=1561088655&s=gateway&sr=8-23
SanDisk Extreme 32GB microSDHC UHS-3 Card - SDSQXAF-032G-GN6MA,4.5,1125,10.49,10.49,https://www.amazon.com/SanDisk-Extreme-microSDHC-UHS-3-SDSQXAF-032G-GN6MA/dp/B06XWMQ81P/ref=sr_1_24?keywords=sandisk+32gb&qid=1561088655&s=gateway&sr=8-24
SanDisk 32GB SDHC Flash Memory Card SDSDB-032G-B35 (Certified Refurbished) (5 Pack),4.7,10,27.95,27.95,https://www.amazon.com/SanDisk-Memory-SDSDB-032G-B35-Certified-Refurbished/dp/B07RHKVGWK/ref=sr_1_25?keywords=sandisk+32gb&qid=1561088655&s=gateway&sr=8-25
Samsung 32GB 95MB/s (U1) MicroSDHC EVO Select Memory Card with Adapter (MB-ME32GA/AM),4.6,18976,7.99,7.99,https://www.amazon.com/Samsung-MicroSD-Adapter-MB-ME32GA-AM/dp/B06XWN9Q99/ref=sr_1_26?keywords=sandisk+32gb&qid=1561088655&s=gateway&sr=8-26
SanDisk Ultra 32GB SDHC Class 10 UHS-1 48MB/s Memory Card,4.4,53,8.89,8.89,https://www.amazon.com/SanDisk-Ultra-Class-UHS-1-Memory/dp/B00QUC2AOQ/ref=sr_1_29?keywords=sandisk+32gb&qid=1561088655&s=gateway&sr=8-29
6 x Genuine SanDisk Ultra 32GB Class 10 SDHC Flash Memory Card Up To 80MB/s Memory Card (SDSDUNC-032G-GN6IN) with slim memory card case (6pcs),4.6,5,54.85,54.85,https://www.amazon.com/Genuine-SanDisk-Memory-SDSDUNC-032G-GN6IN-memory/dp/B07CPQ4RM3/ref=sr_1_30?keywords=sandisk+32gb&qid=1561088655&s=gateway&sr=8-30
Sandisk Ultra SDHC 32GB 80MB/S C10 Flash Memory Card (SDSDUNC-032G-AN6IN),4.6,41,8.08,8.08,https://www.amazon.com/Sandisk-Ultra-Flash-Memory-SDSDUNC-032G-AN6IN/dp/B013WXK0BU/ref=sr_1_32?keywords=sandisk+32gb&qid=1561088655&s=gateway&sr=8-32
"32GB 32G Memory Stick PRO Duo for PSP, Camera, Phone, Photo Frame, MicroSD + EnjoyGadgets Adapter",3.9,249,18.99,18.99,https://www.amazon.com/Memory-Camera-MicroSD-EnjoyGadgets-Adapter/dp/B007ZH9OFI/ref=sr_1_33?keywords=sandisk+32gb&qid=1561088655&s=gateway&sr=8-33
Micro Center 32GB Class 10 SDHC Flash Memory Card SD Card (2 Pack),4.5,52,10.99,10.99,https://www.amazon.com/Micro-Center-Class-Flash-Memory/dp/B07K82GRDV/ref=sr_1_34?keywords=sandisk+32gb&qid=1561088655&s=gateway&sr=8-34
"SanDisk 32GB SD Ultra SDHC Memory Card works with Canon Powershot ELPH 180, 190, SX420 IS, SX410, SX610 Camera UHS-I Class 10 with Everything But Stromboli Memory Card Reader (SDSDUNC-032G-GN6IN)",4.5,15,13.5,13.5,https://www.amazon.com/SanDisk-Powershot-Everything-Stromboli-SDSDUNC-032G-GN6IN/dp/B075JQSR1D/ref=sr_1_35?keywords=sandisk+32gb&qid=1561088655&s=gateway&sr=8-35
"SanDisk 32GB SDHC Extreme Pro Memory Card Bundle Works with Panasonic Lumix G85, G85MK, GH5s, G9 Mirrorless Camera 4K V30 (SDSDXXG-032G-GN4IN) Plus (1) Everything But Stromboli (TM) Combo Card Reader",,0,16.82,16.82,https://www.amazon.com/SanDisk-Panasonic-Mirrorless-SDSDXXG-032G-GN4IN-Everything/dp/B07KGH7ZTP/ref=sr_1_36?keywords=sandisk+32gb&qid=1561088655&s=gateway&sr=8-36
5x Genuine SanDisk Ultra 32GB Class 10 SDHC Flash Memory Card Up To 80MB/s Memory Card (SDSDUNC-032G-GN6IN) with slim memory card case (5 PCS),4.8,20,46.84,46.84,https://www.amazon.com/Genuine-SanDisk-Memory-SDSDUNC-032G-GN6IN-memory/dp/B01MQM5BTR/ref=sr_1_35?keywords=sandisk+32gb&qid=1561088658&s=gateway&sr=8-35
SanDisk Ultra Fit 32GB USB 3.0 Flash Drive - SDCZ43-032G-GAM46,4.0,5671,8.75,8.75,https://www.amazon.com/SanDisk-Ultra-Flash-Drive-SDCZ43-032G-GAM46/dp/B01BGTG41W/ref=sr_1_36?keywords=sandisk+32gb&qid=1561088658&s=gateway&sr=8-36
SanDisk 32GB (Five Pack) USB 3.0 Flash Ultra Memory Drive CZ48 - with (2) Everything But Stromboli (tm) Lanyard,4.5,68,37.95,37.95,https://www.amazon.com/SanDisk-Flash-Ultra-Memory-Drive/dp/B01B3GOCZ8/ref=sr_1_37?keywords=sandisk+32gb&qid=1561088658&s=gateway&sr=8-37
2 Pack SanDisk 32 GB Class 10 SDHC Flash Memory Card works with Bestguarder HD IP66 Infrared Night Vision Game & Trail Hunting Scouting Ghost Camera - W/ Everything But Stromboli (tm) MicroFiber Cloth,4.3,15,17.28,17.28,https://www.amazon.com/SanDisk-Bestguarder-Infrared-Hunting-Scouting/dp/B01LYQ1PVB/ref=sr_1_39?keywords=sandisk+32gb&qid=1561088658&s=gateway&sr=8-39
"SanDisk 32GB Ultra Dual Drive m3.0 for Android Devices and Computers - microUSB, USB 3.0 - SDDD3-032G-G46",4.1,264,8.25,8.25,https://www.amazon.com/SanDisk-Android-Devices-Computers-SDDD3-032G-G46/dp/B01LXHKR4T/ref=sr_1_40?keywords=sandisk+32gb&qid=1561088658&s=gateway&sr=8-40
SanDisk 32GB SD Memory Card UHS-I Class 10 + Memory Card Reader/Wallet Bundle kit (SanDisk 32GB SD Memory Card),5.0,3,24.95,24.95,https://www.amazon.com/SanDisk-Memory-Card-Reader-Wallet/dp/B07CCM8Q9P/ref=sr_1_41?keywords=sandisk+32gb&qid=1561088658&s=gateway&sr=8-41
Sandisk 32GB 32G Ultra Micro SD HC Class 10 TF Flash SDHC Memory Card - SDSQUNB-032G-GN3MN,4.6,210,6.72,6.72,https://www.amazon.com/Sandisk-Ultra-Micro-Class-Memory/dp/B010NE3QHQ/ref=sr_1_42?keywords=sandisk+32gb&qid=1561088658&s=gateway&sr=8-42
"""Made for Amazon"" SanDisk 32 GB micro SD Memory Card for Fire Tablets and Fire TV",4.4,11313,7.99,7.99,https://www.amazon.com/SanDisk-micro-Memory-Card-Tablets/dp/B013TMNKAW/ref=sr_1_45?keywords=sandisk+32gb&qid=1561088658&s=gateway&sr=8-45
"SanDisk 32GB SDHC SD Ultra Memory Card 80mb Bundle Works with Nikon D3500, D7500, D5600, D5200 Digital Camera Class 10 (SDSDUNC-032G-GN6IN) Plus (1) Everything But Stromboli (TM) Combo Card Reader",3.0,1,10.99,10.99,https://www.amazon.com/SanDisk-Digital-SDSDUNC-032G-GN6IN-Everything-Stromboli/dp/B07LCSCGVX/ref=sr_1_47?keywords=sandisk+32gb&qid=1561088658&s=gateway&sr=8-47
"SanDisk 32GB SDHC SD Ultra Memory Card Bundle Works with Canon Powershot SX530 HS, G7 X Mark II, G9 X Mark II Camera UHS-I (SDSDUNC-032G-GN6IN) Plus (1) Everything But Stromboli TM Combo Card Reader",,0,10.99,10.99,https://www.amazon.com/SanDisk-Powershot-SDSDUNC-032G-GN6IN-Everything-Stromboli/dp/B07KJR1Q5X/ref=sr_1_48?keywords=sandisk+32gb&qid=1561088658&s=gateway&sr=8-48
"SanDisk Cruzer CZ36 32GB USB 2.0 Flash Drive, Frustration-Free Packaging- SDCZ36-032G-AFFP",4.4,18007,6.69,6.69,https://www.amazon.com/SanDisk-Cruzer-Frustration-Free-Packaging-SDCZ36-032G-AFFP/dp/B007JR532M/ref=sr_1_49?keywords=sandisk+32gb&qid=1561088658&s=gateway&smid=ATVPDKIKX0DER&sr=8-49
"SanDisk Cruzer Blade 32GB USB 2.0 Flash Drive, Frustration-Free Packaging- SDCZ50-032G-AFFP",4.4,3245,6.2,6.2,https://www.amazon.com/SanDisk-Cruzer-Frustration-Free-Packaging-SDCZ50-032G-AFFP/dp/B007KFAG8Y/ref=sr_1_50?keywords=sandisk+32gb&qid=1561088658&s=gateway&sr=8-50
"SanDisk Extreme PRO microSDHC Memory Card Plus SD Adapter up to 100 MB/s, Class 10, U3, V30, A1 - 32GB SDSQXCG-032G",4.6,129,14.49,14.49,https://www.amazon.com/SanDisk-Extreme-microSDHC-Memory-Adapter/dp/B06XYHN68L/ref=sr_1_51?keywords=sandisk+32gb&qid=1561088658&s=gateway&sr=8-51
Lexar Professional 1667x 128GB SDXC UHS-II/U3 Card (LSD128CBNA1667),4.1,40,39.99,39.99,https://www.amazon.com/Lexar-Professional-1667x-UHS-II-LSD128CBNA1667/dp/B07NLY7N7L/ref=sr_1_52?keywords=sandisk+32gb&qid=1561088658&s=gateway&sr=8-52
SanDisk Standard - Flash memory card - 32 GB - Class 4  - SDHC Retail Package,4.5,186,8.89,8.89,https://www.amazon.com/SanDisk-Standard-memory-Retail-Package/dp/B002OWHZMI/ref=sr_1_51?keywords=sandisk+32gb&qid=1561088661&s=gateway&sr=8-51
2 Pack SanDisk 32 GB Class 10 SDHC Flash Memory Card works with APEMAN Trail Camera Hunting Game Camera 12MP - W/ Everything But Stromboli (tm) Combo Card Reader (SDSDUNC-032G-GN6IN),5.0,4,18.23,18.23,https://www.amazon.com/SanDisk-Memory-APEMAN-Camera-Hunting/dp/B075ZXNW8C/ref=sr_1_52?keywords=sandisk+32gb&qid=1561088661&s=gateway&sr=8-52
SanDisk Extreme 32 GB SDHC Class 10 UHS-1 Flash Memory Card 45MB/s (SDSDX-032G-X46),4.6,1569,20.89,20.89,https://www.amazon.com/SanDisk-Extreme-Class-Memory-SDSDX-032G-X46/dp/B004Q3C98S/ref=sr_1_53?keywords=sandisk+32gb&qid=1561088661&s=gateway&sr=8-53
SanDisk 32GB Cruzer Fit USB Flash Drive - SDCZ33-032G-G35,4.6,94,8.15,8.15,https://www.amazon.com/SanDisk-32GB-Cruzer-Flash-Drive/dp/B07MPCJDXS/ref=sr_1_54?keywords=sandisk+32gb&qid=1561088661&s=gateway&sr=8-54
10 PACK - SanDisk Ultra 32GB Class 10 SDHC UHS-1 Memory Card up to 48MB/s - SDSDUNB-032G LOT OF 10 with USB 2.0 dual slot MicroSD & SD Memory Card Reader ,5.0,4,62.41,62.41,https://www.amazon.com/10-PACK-SanDisk-SDSDUNB-032G-MicroSD/dp/B017CQF64Y/ref=sr_1_55?keywords=sandisk+32gb&qid=1561088661&s=gateway&sr=8-55
"SanDisk Ultra 32GB microSDHC UHS-I Card with Adapter, Silver, Standard Packaging (SDSQUNC-032G-GN6MA)",4.5,32328,7.88,7.88,https://www.amazon.com/SanDisk-microSDHC-Standard-Packaging-SDSQUNC-032G-GN6MA/dp/B010Q57T02/ref=sr_1_56?keywords=sandisk+32gb&qid=1561088661&s=gateway&sr=8-56
SanDisk High Endurance Video Monitoring Card with Adapter 32GB (SDSDQQ-032G-G46A),4.4,874,10.49,10.49,https://www.amazon.com/SanDisk-Endurance-Monitoring-Adapter-SDSDQQ-032G-G46A/dp/B00V5Q1K3O/ref=sr_1_57?keywords=sandisk+32gb&qid=1561088661&s=gateway&sr=8-57
"SanDisk 32GB SDHC SD Extreme Pro Memory Card UHS-II Works with Fujifilm X-T3, X-T2, X-T1 Mirrorless Camera 300MB/s 4K V30 (SDSDXPK-032G-ANCIN) Plus 1 Everything But Stromboli 3.0 SD/Micro Card Reader",5.0,1,65.74,65.74,https://www.amazon.com/SanDisk-Mirrorless-SDSDXPK-032G-ANCIN-Everything-Stromboli/dp/B07L6QRJ4Q/ref=sr_1_58?keywords=sandisk+32gb&qid=1561088661&s=gateway&sr=8-58
SanDisk Extreme PRO SDHC UHS-I 32GB,5.0,5,16.99,16.99,https://www.amazon.com/SanDisk-Extreme-SDHC-UHS-I-32GB/dp/B01K3X45G8/ref=sr_1_61?keywords=sandisk+32gb&qid=1561088661&s=gateway&sr=8-61
SanDisk 32GB Ultra microSDHC Card Class 10 (SDSDQUA-032G-A11A),4.3,305,7.34,7.34,https://www.amazon.com/SanDisk-ULTRA-microSDHC-Class-SDSDQUA-032G-A11A/dp/B007JTKLEK/ref=sr_1_62?keywords=sandisk+32gb&qid=1561088661&s=gateway&sr=8-62
SanDisk 32GB Ultra Fit USB 3.1 Low-Profile Flash Drive (2 Pack Bundle) SDCZ430-032G-G46 Pen Drive with (1) Everything But Stromboli (TM) Lanyard,4.3,51,17.2,17.2,https://www.amazon.com/SanDisk-Low-Profile-SDCZ430-032G-G46-Everything-Stromboli/dp/B07C4BCH1B/ref=sr_1_63?keywords=sandisk+32gb&qid=1561088661&s=gateway&sr=8-63
SanDisk Extreme 32GB microSDHC UHS-I Card with Adapter - SDSQXVF-032G-GN6MA [Old Version],4.5,2005,12.95,12.95,https://www.amazon.com/Sandisk-Extreme-Micro-Adapter-Version/dp/B01HU3Q6F2/ref=sr_1_64?keywords=sandisk+32gb&qid=1561088661&s=gateway&sr=8-64
"SanDisk 32GB SDHC SD Extreme Pro Memory Card (Two Pack) Bundle works with Nikon D3500, D7500, D5600 Digital DSLR Camera 4K V30 U3 (SDSDXXG-032G-GN4IN) Plus (1) Everything But Stromboli (TM) 3.0 Reader",5.0,1,32.65,32.65,https://www.amazon.com/SanDisk-Extreme-SDSDXXG-032G-GN4IN-Everything-Stromboli/dp/B07LBR5DRR/ref=sr_1_65?keywords=sandisk+32gb&qid=1561088661&s=gateway&sr=8-65
"SanDisk 32GB SDHC SD Extreme Pro Memory Card Works with Canon EOS R, RP, M, M10 Mirrorless Camera Class 10 UHS-I (SDSDXXG-032G-GN4IN) Plus (1) Everything But Stromboli (TM) Multi Slot Card Reader",,0,16.82,16.82,https://www.amazon.com/SanDisk-Mirrorless-SDSDXXG-032G-GN4IN-Everything-Stromboli/dp/B07PDN1LCZ/ref=sr_1_66?keywords=sandisk+32gb&qid=1561088661&s=gateway&sr=8-66
SanDisk Cruzer Blade 32GB (10 pack) USB 2.0 Flash Drive Jump Drive Pen Drive SDCZ50-032G - Ten Pack w/ (5) Everything But Stromboli (TM) Lanyard,4.6,244,69.25,69.25,https://www.amazon.com/SanDisk-Cruzer-Blade-Flash-SDCZ50-032G/dp/B018SR30KI/ref=sr_1_67?keywords=sandisk+32gb&qid=1561088661&s=gateway&sr=8-67
SanDisk Ultra Flair 32GB USB 3.0 Flash Drive - SDCZ73-032G-G46,4.1,3641,7.94,7.94,https://www.amazon.com/SanDisk-Ultra-Flair-Flash-Drive/dp/B015CH1JIW/ref=sr_1_68?keywords=sandisk+32gb&qid=1561088661&s=gateway&sr=8-68
"SanDisk 32GB Clip Sport Go MP3 Player, Black - LED Screen and FM Radio - SDMX30-032G-G46K",3.1,12,59.99,59.99,https://www.amazon.com/SanDisk-32GB-Sport-Player-Black/dp/B07MQ9WNXC/ref=sr_1_67?keywords=sandisk+32gb&qid=1561088665&s=gateway&sr=8-67
SanDisk Ultra Flair USB (2 Pack) 3.0 32GB Flash Drive High Performance SDCZ73-032G-G46 - with (1) Everything But Stromboli (tm) Lanyard,4.2,84,17.03,17.03,https://www.amazon.com/SanDisk-Ultra-Flair-Performance-SDCZ73-032G-G46/dp/B01B3HGQQA/ref=sr_1_68?keywords=sandisk+32gb&qid=1561088665&s=gateway&sr=8-68
SanDisk Ultra USB (10 Pack) 3.0 32GB CZ48 Flash Drive High Performance Jump Drive/Thumb Drive/Pen Drive up to 100MB/s - with (5) Everything But Stromboli (tm) Lanyard,4.5,29,82.95,82.95,https://www.amazon.com/SanDisk-Ultra-Flash-Drive-Performance/dp/B01EG72D1Q/ref=sr_1_69?keywords=sandisk+32gb&qid=1561088665&s=gateway&sr=8-69
SanDisk Cruzer Two Pack 32 GB (32GB x 2 = 64GB) Cruzer Blade USB 2.0 Flash Drive Jump Drive Pen Drive SDCZ50 - Two Pack With (1) Everything But Stromboli (TM) Lanyard,4.5,202,13.98,13.98,https://www.amazon.com/SanDisk-Cruzer-Blade-Flash-SDCZ50/dp/B00N9BQ9ES/ref=sr_1_70?keywords=sandisk+32gb&qid=1561088665&s=gateway&sr=8-70
"32GB Sandisk Extreme Pro 4K Memory Card works with DJI Mavic Pro, Spark, Phantom 4, Phantom 3 Quadcopter 4K UHD Camera Drone - UHS-1 V30 32G Micro SDXC with Everything But Stromboli Card Reader",4.5,19,19.65,19.65,https://www.amazon.com/Sandisk-Extreme-Memory-Phantom-Quadcopter/dp/B072W7S88B/ref=sr_1_71?keywords=sandisk+32gb&qid=1561088665&s=gateway&sr=8-71
"SanDisk 32GB SDHC SD Extreme Pro Memory Card UHS-II Works with Canon EOS R, RP Mirrorless Camera 300MB/s 4K Class 10 (SDSDXPK-032G-ANCIN) Plus 1 Everything But Stromboli (TM) 3.0 Micro/SD Card Reader",,0,65.74,65.74,https://www.amazon.com/SanDisk-Mirrorless-SDSDXPK-032G-ANCIN-Everything-Stromboli/dp/B07NVYC3ZZ/ref=sr_1_72?keywords=sandisk+32gb&qid=1561088665&s=gateway&sr=8-72
SanDisk 32GB Glide 3.0 CZ600 (2 Pack) 32GB USB Flash Drive Flash Drive Jump Drive Pen Drive High Performance - with (1) Everything But Stromboli (tm) Lanyard,4.2,26,18.39,18.39,https://www.amazon.com/SanDisk-Glide-CZ600-Flash-Performance/dp/B01E7PAB02/ref=sr_1_73?keywords=sandisk+32gb&qid=1561088665&s=gateway&sr=8-73
SanDisk 32GB MicroSDHC High Speed Class 4 Card with MicroSD to SD Adapter,4.5,2030,6.79,6.79,https://www.amazon.com/SanDisk-MicroSDHC-Speed-MicroSD-Adapter/dp/B004G7D0EG/ref=sr_1_74?keywords=sandisk+32gb&qid=1561088665&s=gateway&sr=8-74
SanDisk 32GB (Ten Pack) SD HC Extreme Pro Memory Card for Digital DSLR Camera SDHC 4K V30 UHS-I (SDSDXXG-032G-GN4IN) with Everything But Stromboli (TM) 3.0 SD/TF Reader,,0,126.45,126.45,https://www.amazon.com/SanDisk-Extreme-SDSDXXG-032G-GN4IN-Everything-Stromboli/dp/B07HJH1KH2/ref=sr_1_77?keywords=sandisk+32gb&qid=1561088665&s=gateway&sr=8-77
"SanDisk 32GB Ultra (4 Pack) UHS-I Class 10 SDHC Memory Card, Retail Packaging - with (1) Everything But Stromboli (tm) Microfiber Cloth",4.1,26,34.25,34.25,https://www.amazon.com/SanDisk-Ultra-Memory-Retail-Packaging/dp/B01EG9SDTA/ref=sr_1_78?keywords=sandisk+32gb&qid=1561088665&s=gateway&sr=8-78
SanDisk 32GB Ultra Fit USB 3.1 Flash Drive - SDCZ430-032G-G46,4.0,1606,8.45,8.45,https://www.amazon.com/SanDisk-32GB-Ultra-Flash-Drive/dp/B077VXV323/ref=sr_1_79?keywords=sandisk+32gb&qid=1561088665&s=gateway&sr=8-79
Sony Playstation Vita 16 GB Memory Card [Sony] (Original Version),4.4,215,37.61,37.61,https://www.amazon.com/Sony-Playstation-Vita-Memory-All-PS/dp/B005N4I24Y/ref=sr_1_80?keywords=sandisk+32gb&qid=1561088665&s=gateway&sr=8-80
SanDisk - Pixtor Advanced 32GB microSDHC Class 10 UHS-3 Memory Card - Red/Gold,4.4,10,24.99,24.99,https://www.amazon.com/SanDisk-Pixtor-Advanced-microSDHC-Memory/dp/B0182MMAQE/ref=sr_1_81?keywords=sandisk+32gb&qid=1561088665&s=gateway&sr=8-81
SanDisk 32GB Class 4 SDHC Flash Memory Card - 2 Pack SDSDB2L-032G-B35 Retail Package,4.4,279,13.81,13.81,https://www.amazon.com/SanDisk-32GB-Class-Flash-Memory/dp/B00GA205IY/ref=sr_1_82?keywords=sandisk+32gb&qid=1561088665&s=gateway&sr=8-82
"Sony Memory Card 32GB, UHS-II SD, CL10, U3, Max R260MB/s, W100MB/s (SF-M32/T)",4.7,154,28.95,28.95,https://www.amazon.com/Sony-Memory-UHS-II-R260MB-SF-M32/dp/B01D8H09CK/ref=sr_1_83?keywords=sandisk+32gb&qid=1561088665&s=gateway&sr=8-83
"32GB SD Card, BOYMXU Professional 1000 x Class 10 SDHC UHS-I U3 Memory Card Compatible Computer Cameras and Camcorders, SD Memory Card Up to 95MB/s, Green/Black",4.2,30,9.99,9.99,https://www.amazon.com/BOYMXU-Professional-Compatible-Computer-Camcorders/dp/B07J1G261N/ref=sr_1_84?keywords=sandisk+32gb&qid=1561088665&s=gateway&sr=8-84
