ratings,rev_head,revs
5.0,Quick and works well in mirrorless camera,This was exactly as advertised and quickly stored photos taken with a mirrorless camera.
5.0,Good quality for price,"Good quality for the price , lost of space for raw photos"
5.0,excellent product,"I went to the Patagonia with this cards, and they have any problems, no wipe out information, I will buy more again!"
2.0,Actually a micro sd card built into a low quality adapter,"I ordered two of these, and one of them came with a bent contact and a case that was popped open slightly. In an attempt to straighten the contact to make the card usable, I discovered that this SD card is actually a micro SD card built into a low quality adapter. It isn't even soldered, it's just set into the case with the contacts touching."
5.0,Easy to use,"This SD card is awesome! I needed it to store some of my memorable pictures. Works just fine, is affordable, easy to use and runs smooth. Planning to buy a couple more."
5.0,Good quality,"This is a large sd card, which I made a wrong order, I supposed to buy a small one for my gopro, so I used it in my camera, it's quite fluent, I think the quality is good."
5.0,Tons of pictures for a low price,"This allows me to store nearly 10,000 pictures and it was cheap."
5.0,very good sd card,"i use this to store musics and play in my car. it works great for me. the transfer speed is actually very fast, and allows me to have thousands of songs in it"
1.0,Does not work,"DO NOT BUY THIS. It does not work. I inserted it in my canon videocamera. I get a message ""do not disconnect power- work in progress"" I waited - NOTHING happened"
4.0,Compatible,"I use it to increase memory in a low end laptop, works for me."
5.0,works good,AAAA++++++
3.0,Not full memory available,So it said that has 32 GB. But when this card goes in computer absolutely empty is has only 15 GB available. How is that possible?
5.0,Great value,"Great value and quality, works with our trail cams, lots of storage room for pictures and video"
5.0,It Works!,"I got it for use in a Ham Radio.  It works with no issues, so far."
5.0,Great item,Great item for a great price
5.0,ok,ok
3.0,Made my camera freeze,"Was not comfortable with my Nikon D7000, it made my camera freeze each time I used it"
5.0,Quality,Good product
5.0,Value,Plenty of storage space for my fishing electronics
5.0,Fast great,Used this to do my 1st real photog job it was awesome
