ratings,rev_head,revs
2.0,Not the seller's faulty due to Sandisk poor manufacturing & quality control,One of these two Sandisks failed; Windows said disk was faulty and needed to be repaired to us.  150 photos not recoverable from the disk.  Not the seller's faulty due to Sandisk poor manufacturing & quality control.  First Sandisk failure I have had in 15 years.
2.0,I did not actually get 2 SD cards in my order - one was SD and one was micro,"Not sure if this is normal, but was truly not what I was expecting based on the picture above."
5.0,Works great for pics,"Works great using for trail camera and stores quality pics, very fast shipping and a very good value. Highly recommend"
4.0,Great Memory Storage !,"Bought this for my camera and it works well. The photo capacity is great. After a trip taking 113 pictures, it was nice to pop it in the USB port and review all the scenes. Perfect for camers - small and concise !"
5.0,Dependable product,Purchased these for my new Canon camera in case I take to many pictures at work. Fits a lot of pictures on one card
5.0,Great price!,I use  a lot of Sandisk memory cards and I'm always looking for great prices for them.  And with Prime I got them fast!
5.0,Works as expected,"We use in our trail cameras, they work great."
5.0,sandisk cards,no dislikes. Great tool for my Sony camera
5.0,Great price for 2 cards.,"Greta price for getting 2 32GB cards, My Fuji XPRO1 stores better on fast cards."
5.0,great product,Great product! would purchase again!
5.0,More storage for my camera.,Using these in my Olympus EPL-6. Formatted and working just fine. Always nice to have a spare.
5.0,Good deal,So far it's great. Haven't tried getting images off it yet..
5.0,great item,Great value for the price
5.0,Great brand,Great quality
5.0,great deal,great memory cards with a great  price. thank you!!!
4.0,and cases are not that useful. SanDisk are,"Card reader doesn't work of Apple, and cases are not that useful. SanDisk are great"
5.0,Great pictures,"No issues with either of these cards, just plug in and go."
5.0,Five Stars,"Purchased many times and am always happy, especially with the delivery time."
5.0,Excellent,Perfect 👌
5.0,They Work,These San Disk memory cards always do the trick for me
5.0,Buen producto,Buen producto
5.0,Great value,Cards work as expected. Can’t beat the price
5.0,quality product from quality people. well done.,they showed up on time. I put them in my trail cams and they both work fine. I got these to replace the 8gb cards. good product at a good price.
2.0,Reset the unit in second use,When I plug the SD card on my PC to see my photos. I found the message of Reset the unit to use it.
5.0,Five Stars,very satisfied
5.0,Great deal!,I thought these SD cards were a great buy and we’re what I was needing.
5.0,Five Stars,Was a good price. No issues
5.0,Good price to have backups,Great price on something I use quite often
5.0,Love it,Perfect
5.0,insert into camera,I liked the price
