ratings,rev_head,revs
5.0,High Speed,Great cards for backing up my photos or as seconds if i fill my 128gb Extreme pro in my camera
5.0,Works Well,"Bought for picture on long trip, worked well.  Always had good luck with ScanDisk memory."
5.0,Do a great job.,This is the third time we have bought these disks.  Do a great job.
5.0,Great purchase,Works as advertised
5.0,Sd card,Great product work great
5.0,Works great.,Works great.
5.0,Great price,Just what I was wanting
5.0,Excelente calidad,Excelente calidad
5.0,Five Stars,"Awesome buy, definitely will buy again."
5.0,As cards,Perfect
