ratings,rev_head,revs
4.0,No complaints,"These were a good value and seem to work fine with our Kindle Fires. I had no trouble transferring games and books to the memory card.  Arrived as scheduled. These were gifted to various family members and no one has complained. For reference, these are the proper memory cards for Fire Tablets."
5.0,Great for Game Cameras,"The shipment came very well packaged and in a very timely time period. The SD card holders that came with the order were well packed and had their own storage bag to contain them in future which was nice feature. These cards work excellent in my 7 game cameras and have seen over thousands of images on a card. So if you are looking for a 10 rated 32GB 80MB  SD card, I would encourage you to buy these from this supplier as are economically priced."
5.0,Great SD card!,I purchased these for my production company because a class 10 will keep up with filming without any lags.
4.0,A good buy...,Good value for money...I just wish the description is more clear about the size and dimension...
5.0,6x - 32GB Class10SDHC Flash Memory Cards,More for my money
