ratings,rev_head,revs
2.0,Gave me a write error in the middle of a photoshoot then locked up my camera :(,"I was pretty excited for these both for the capacity and price, but I think I might have to return them."
4.0,Great bang for the buck - benches shy of claims but real word speeds are pretty close,Was a little apprehensive of investing further in Lexar given their recent change of ownership and then being MIA for a short period but it looks like they're finally back in business. I had initially purchased the Freetail Evoke Pro (https://www.amazon.com/FreeTail-Evoke-1000x-UHS-II-FTSD128A10/dp/B074PVQJR1) but glad I found this one as it bests the former card in performance for nearly half the price (EDIT: I purchased this in early May for $39.99 but I see the price has gone up now).
5.0,High Speed High Capacity Raw and 4K Shooting,I purchased two 128 GB cards and a 64 GB card. They arrived in the mail today and I tested them with high speed shooting at 46 megapixels in raw with a Nikon D850 and shot 4K video with a Panasonic Lumix SX100. I observed no lag shooting in raw with the Nikon D850 or the 4K video with the Lumix.  Using a USB 3.0 card reader I downloaded the images to a desktop computer and an iPad Pro. Downloads were very fast. I was especially surprised at how fast the 4K video downloaded to the iPad Pro. Earlier earlier this year I purchased a Sony 128 GB card with 260 MB/sec read and 100 MB/sec write specs an paid twice as much.  I have never had any problems using a Lexar card and consider this to be an excellent purchase.
5.0,good performance,Be aware!
2.0,Over rate it.,I bought this Lexar 64GB -250MB/S and Sandisk 64GB-170MB/S and test out both cards.
4.0,"compatible with UHS-II devices, and cheap.","The Lexar ""1667x"" 128G UHS-II/U3  card has a very optimistic ""250MB/sec"" printed on the label, but it really reads at about 150MB/sec and writes at maybe 60-90 MB/sec. Still better than most older-generation cards, I guess, but honest specs would be nicer."
1.0,Video recording write errors!!!,"I purchased 2 Lexar Professional 1667x 128GB SDXC UHS-II/U3 Card (LSD128CBNA1667)  and 1st time using them, I formatted the cards in camera (XT3 with recent firmware 3.0) and when using to  record video I received multiple read errors, camera lock up, and lost moments!!!  When swapping out these cards with some of my other high speed photography Lexar 64gig cards they would have write errors as well.  I switched to an old Sandisk Extreme and no more problem.  Glitches happen, but this was completely unacceptable!!!"
5.0,Super fast write speed,I had 10GB of photos and video files on this SDXMC and it took my PC only a minute to copy everything!!
5.0,Muy Conforme,"Excelente calidad, el producto llego a tiempo como indicaban. Y fue según la descripción"
5.0,"Large capasity, Fast speed",Very good price for its large capacity and fast speed
4.0,value,tranfers speed inconsistent
5.0,Works great on pan. GH5s,Works great on GH5s!!!!!
5.0,Works great on  Nikon D3500,Works great on  Nikon D3500
5.0,Its good to have as a secondary SD card.,It works fine for it was intended. Good for price!
5.0,Good SD card,Lexar is good
1.0,Don't buy!!!,Doesnt work at all
5.0,good,good price.
5.0,Value for money,Very good!
5.0,"Impressive read speeds, writes above 60 megabytes /second but what's the warranty?","Lexar's new ownership continues to market their cards in a very odd way.. For some reason they like to compare their speeds against that of ancient first generation CD-ROM drives, hence the ""1667X"" prominently displayed on the card. Ignore that nonsense."
3.0,"super-fast, excellent price-performance, but sadly NOT 100% backward compatible","There's a lot to like about this UHS-II/U3 SD card. Used in a UHS-II compliant device it offers REALLY fast performance for an SD card. In my configuration, I benchmarked sustained writes at 79MB/s and sustained reads at 228MB/s. Even in backwards-compatible devices it still offers comparable performance to equivalent UHS-I and older ""class 10"" devices at 56MB/s write and 79MB/s read. When you look at the price-GB this card would appear to be a ""no-brainer""."
3.0,Slower than I expected,"This SD card is rated at 250MB/s, however, I’m only getting results that are below that rating. I ran the test on both my 2017 MacBook Pro Touchbar and the latest Acer Swift 3 PC laptop with a USB-C connected Satechi 312MB/s UHS-II rated external card reader."
5.0,Make Sure Your Camera Settings Are Compatible,"This Lexar Professional 1667x 128GB SDXC UHS-II/U3 Card did a fine job for me as I videoed bears and other wildlife. It was certainly responsive and had no write errors. It is a good value for its capacity. I would like to note though that the camera settings may not always match the write speed of this card. This can produce write errors.  However, the write errors are not the result of a faulty card but having the setting in the automatic camera on the wrong speed. There is a default in automatic camera settings and they may not match this card. However, it is normally not too difficult to change these settings to allow compatibility with this video Card. Overall, I am pleased with this card."
5.0,Lexar SD Card,"SDXC UHS-2 SD cards are designed to work with cameras and other devices that accept the full-sized SD cards. This is a class 10 card. I see this as a future-oriented purchase as my Nikon 3200 will accept this card but will not use the UHS-2 expanded bus for speed, but my next camera might, with the benefit of faster transfer rates from the card to my computer now.  I like the capacity size – 128 GB. My 24.2 MP camera should be able to save over 17500 images: something I have not tried to do, yet. In RAW, it should be able to hold over 1750 images. Even on an older camera like mine, the entire capacity of the card is visible to the camera and the card works just as expected."
5.0,Lexar is my gold standard for digital storage,"If you shoot digital photography, your ""film"" is the SD card (or other media) in your camera. These days, the market demands camera makers make bigger and better image sensors. That means larger files (a good thing for many reasons like the need to crop or the desire for large prints) and larger files bring along a couple of concerns. The first is how many images (or videos) can you store before you run out of space. The second is the time it takes to down load to your computer. I tested this card using a Canon 5D MKIII and found that it performed flawlessly, held all the images I shot over an auto race weekend and when I got home, the files seemed to download quicker than I was used to with other cards (although I did not use a stop watch, it seemed faster - a good thing)."
5.0,Speedy SDXC card,"250 MB/sec is a super-speedy transfer rate, suitable for DSLR and 4K/HD camcorder use. This Lexar card is a really good value for a 128GB SDXC card, as long as your card reader or camera is UHS-II capable. Download speeds were noticeably faster than an older generation Sandisk Extreme Pro card that I have when used with a USB-C card reader."
5.0,Works well in a Canon 600D,I received this Lexar 128GB card for an honest review. Here’s my take on it:
5.0,Fantastic,"These are maybe 1/3 the price of my Sony 300 MB/s. These move data at 250 MB/s. I have a Canon XF400 professional camcorder. When I put other cards in, after formatting, the XF400 warns that it cannot shoot at its highest rate (4K 60p). I am forced to shoot HD or use the expensive Sony."
5.0,Does what it's intended for,"A 128GB card doesn't work in all my devices (for instance, my external audio recorder), but it does work just fine in my large video cameras.  This large-capacity card lets me record several hours in full HD."
5.0,"Fast, With Lots of Space","I first tried this SD card in my Canon camera, but it will not format. I think my camera is probably a little too old for this SD."
5.0,What I look for in an SD card is high speed.,What I look for in an SD card is high speed. This unit is UHS-II technology (U3) for a read transfer Speed up to 250MB/s which is fantastic. Great for gear that records in 4k or HD! 256GB is great and I use it as a backup SD card in my Canon 5D mark iii. Super speedy writing of images to the SD card.
