ratings,rev_head,revs
1.0,"Buyer Beware, this does NOT work in a PSP","This does NOT work in a PSP.  Based on other reviews I guess this used to work for other people but I and several other recent reviewers were NOT able to get this to work in a PSP.  Seller does not offer returns either.  I was able to call Amazon and get a refund.  I am a computer systems engineer by trade and I tried all the tips/tricks offered here in the q/a and reviews and a few others as well.  No matter what I do the PSP will simply say ""No Memory Stick Inserted"".  So instead I bought an actual Sony brand 32GB Memory Stick Pro Duo.  Caveat Emptor!  For $20 it's not that big of a deal, I am just hoping to save the next guy the time, trouble, and frustration I went through."
5.0,Best card for the PSP,"This works well, I purchased this for my PSP as the largest card the PSP will handle is 32gb."
5.0,Memories are precious,READ BEFORE WRITING A COMPLAINT THAT IT DOESN'T WORK: format the stick first. Settings>System Settings>Format Memory stick on your XMB.
4.0,No problems,"I was a bit skeptical that this 32GB adapter/card would work with my PSP, but it does. I've got two PSPs, a PSP2001 & a PSP3001 (one running system software 6.35 and the other 6.20) - the memory card works in both of them. I also tried it in my Sony DSC-H3 camera and it worked there too. I did have to format the memory card first using the format function on the PSP2001. The card formated out to 29.7GB - which is about what I expected. I also tried several other microSD cards in the adapter (couple 16GBs and a 8GB), they worked OK too (also had to format them before the PSP could use it). I checked to see if I could still access the formated memory cards directly via my Windows 7 Pro desktop - and I could. So I can do that to load videos & music."
5.0,"Its all you'll ever need,","I bought this for my PSP 3000. To confirm, It actually is a micro SD card inserted into a converter/reader which is specially designed to match Sony proprietary products. So it should be compatible with your gaming consoles, cameras..etc. I did not have to reformat the card as the PSP automatically recognized 29GB of free space. But thats how memory cards are as we all know,  If you need to format the card for any reason, you may only do so buy using a computer (connecting a usb cable between the pc and your PSP)"
5.0,Let me first state that his is awesome. I read some of the reviews and was ...,"Let me first state that his is awesome. I read some of the reviews and was a bit hesitant but after receiving mine and formatting it on my computer first and THEN (formatting it with the PSP tool) it worked perfectly. You will have to format it using the fat drive and uncheck the quick format. It will give you an error stating it cannot format it but if you do it for the second time it will state that it is completed. Unplug the PSP then check to see if it registers the memory card. once the memory card is registered by the PSP, you can then format it using the PSP tool to format it. This will give you all your folders. This took me about 2 min to do and is very easy."
5.0,The Best Product I'd Ever Bought for my PSP,"I bought this for my PSP so I can have all my music and videos in the palm of my hand. When the PSP first released in 2005, 1GB were pretty expensive and to this day, most Sony brands are expensive in stores and online. I didn't want to buy two 16gb micro sd and a Memory Stick Pro adapter. This product is the answer, it works perfectly with my PSP, loads well and hasn't failed to deliver great tunes and clips. Well worth the buy."
4.0,is pretty out dated I thought the memory is probably cheap ...,"Neat it works, I got so tired of all these 32mb ones that can't hold barely anything and P.S.P. is pretty out dated I thought the memory is probably cheap by now, why not and rid theses 32mb for just being in the view even!  Well, long story short now my P.S.P. network power button doesn't work."
2.0,transfer of games is fast and reads everything just fine with my mini SD reader,Leonardo Storti:
4.0,I eventually gave up and figured that I wasted my money by buying both cards,"Alright, I think I can finally settle the PSP issue.  The problem is not the actual Micro SD memory card, the issue is with the Adapter Card.  After reading many reviews about it working on the PSP, I went ahead and ordered one.  The problem was, I accidentally had it shipped to my parents house in a different state.  Being inpatient and because I had planned on eventually ordering a second one anyway, I went ahead and ordered another one (this timed shipped to the correct address).  So I got the second one first and ran into all the problems that others have described here.  Card doesnt always want to format, the PSP stops recognizing the card, games working infrequent.  I eventually gave up and figured that I wasted my money by buying both cards."
5.0,Last Sony Storage Card You Will (Probably) Ever Need,Purchased for extra storage on my Sony Cybershot DSC-T100. I popped the micro SD card into the conversion unit and slid it directly into the camera storage slot. BAM! 29 GB of storage space for super high resolution photos and 1080 HD video. This was a huge upgrade from a Sony 2 GB card. No longer will I have to worry about deleting shots to ensure I have enough space for all the other photos I want to take. A Sony Card of the same size would cost nearly three times as much ($60.99 at the time of this review). Very thankful I took a chance with this card and I hope it continues to earn my trust.
5.0,great,"much joy to have purchased this product, I was looking for a while and could not find something I liked and that both were useful, however, when I began to see that this product was available at a good price and that served me fully not what I thought and buy it immediately, I liked from the beginning, because it is wonderful to buy something you like and that in turn will be useful, widely recommend the use and purchase of the same, ""eyes closed"" amazon thanks for allowing me to have both product I wanted and expected!"
5.0,I love this memory stick,"I love this memory stick, and it works great. I had formatted it on my PC using the fat32 format then tried formatting on my PSP hoping it would give me the PSP format....it didn't work. It would keep saying ""No memory stick detected"" and I would be back at square one all over again. So I just used one of my other memory stick pro duos, plugged it into the computer and dragged all of the files (PSP, Picture, Video, MP_ROOT, etc) onto my desktop. I reinserted and reformatted my new memory stick again using fat32 format and after that was done I dragged the files from my desktop onto the new memory stick. It works like a charm now, I haven't had any issues with it. Also it will work on all forms of firmware doing it this way as well. I was on OFW 6.60 and it reads it just fine"
5.0,Better value than an over-priced Memory Stick.,I'm using this on my PSP-3000/3001 on CFW 6.20 PRO-C2 and it's working perfectly.
4.0,Works well enough for PSP3000,"I got one (and I believe an extra) of these as extra memory for my PSP3000 that I recently bought. It works just fine for PSP, though I had to format it once again after the initial reformatting. I had a bit of a game saved on there too, so that was a bummer that I had lost that bit of info, but luckily it wasn't a lot of time. But overall I have no real complaints, after that first reformatting hiccup everything has been fine so far, and it is a ton of memory so it will hold a pretty fair amount of PSP games on it. I am happy with the purchase."
5.0,"Bargain priced, made well, works great, ☆★☆★☆","When a friend of mine gifted me her gently used PSP-1001 it was with the understanding that she'd keep the memory card. Needing a memory card of my own, I looked on Amazon for a 16GB or 32GB one. I preferred Sony, but I was dismayed to find out that a 32GB Sony memory card sells for over $50!! Outrageous!"
1.0,Absolute crap,This is junk. The adaptor is crap. Worked about 2 days then nothing. Put original pro duo stick back in and no problems.
5.0,I have a ton of room on my PSP now!,"Was looking for a well priced memory stick with enough space for my PSP 3000, and found exactly what I was looking for. This is perfect, and just like everyone else mentioned, it does need to be formatted first. Just place it in your PSP, connect it to your computer via USB, then in system settings on your Psp, format it. It was simple and easy enough to do. The item arrived a day earlier than scheduled and was packaged well to protect it from any damages. Thank you for the great customer service!"
5.0,Wait until you have the money and buy this one you'll be glad you did,Not really expensive not really cheap but for what you spend it'll hold a lot of games I've been using them since PSP started
2.0,it works and does the job... however ...,"it works and does the job...however the the stick not the sd card cracks after taking it out of the psp..my suggestion is once you put it in the PSP, just leave it in there because it may break"
3.0,Cheaper alternatives aren't always the best.,I bought this product for my Sony PSP 1000.
5.0,Seems to work!,"It's weird. Everyone who knows what they're doing with this card says that, if the memory card can't be read on your PSP, then format it on the computer and not the PSP itself. I figured it was worth the money to try. I got it today in the mail and just tried it out. It wouldn't read, so I hooked it up to my computer and formatted it to FAT32, 64bit. I left USB mode and it said it still couldn't read it. Then I re-formatted it on my computer again and, as suggested by another reviewer, rebooted it immediately afterward (so that the boot up screen appeared first). It STILL couldn't be read. It gave me quite a scare at that point because I was sure I wasn't doing it wrong. Finally, I disconnected it from my computer and tried formatting it on the PSP itself, as a last-ditch effort... and it worked."
5.0,It works and has the storage space listed,It worked easily in right away. I just had the format the card in the console's options.
4.0,Great product,Worked as advertised
5.0,Five Stars,Works like it should in a jail broken PSP set up to run emulators.
5.0,Amazing when you get it to work!,"The instructions in the reviews are unclear when it comes to using this with a PSP and none are shipped with the card, so I figured I'd put them here for people to see."
5.0,Just as good as a brand name product.,"I bought this memory stick to play downloaded games on my modded PSP. I have to say I was worried that it wouldn't work or have issues, but right away when I placed it in the PSP and formatted the card it worked great and showed 29gigs. It was enough to hold about 45 full length PSP games on it. This is a great product at an even better price and I will definitely be buying another one."
2.0,"Not happy, needless to say","Either the camera purchased from Amazon, or this memory stick, seems flawed. Camera reports, ""This 'memory stick' may not record or play"" on power up. Pressing the shutter button clears the message, and photos can then be taken normally. Camera also sometimes reports ""Error formatting memory stick,"" even though the memory stick has already been formatted. Not happy, needless to say."
5.0,It's good!,"Bought this for my slim psp and I am glad I did. Great alternative to more ""official"" options."
5.0,can't be more reliable,"i bought card for my aunt's old Sony camera. First i thought the camera will not take such a big capacity card. But it works perfect. The display on the camera showed 29 GB capacity which more then enough. I don't know how long it will last, but so far it works recording pictures and videos."
1.0,Literally plastic garbage,Bought this for my PSP and was super excited at the cheap price.
5.0,Thanks for the reviews and I made a good purchase. No problem with seller,"Just receive today for my 10year old son, who couldn't wait to get in front of Pc and see just how many songs and movie he could on this, having so much space. Thanks for the reviews and I made a good purchase. No problem with seller, shipping, anything, I'm happy and so is he. And it support the  SONY PSP GO! Cam 450x Camera, which is great."
5.0,Honest Review:,"I was searching for an actual sony memory stick that is 32 to 64 gb but I couldnt find any except this one.  I took a risk of using $20 on this, but when I updated the firmware to match my psp1000fat, it was perfect.  Every game was able to install to the psp with no problem.  I would recommend this to others out there."
5.0,Simple & Easy,"Using it with PSP on 6.60 Pro, no issues. transfer speeds from pc are 4-5mb/s so all is fine in that department. No slowdowns. I was also able to format the memorystick in the psp no issues."
5.0,Great deal,I searched a bit for a memory stick for my old PSP. I wanted to load it up full of games to take on the road but the prices for memory sticks and finding them made it a bit of a challenge. I found this one and it worked like a charm. It shipped quickly and works just like advertised. I did have to format it when I got it; just so it'd read right in the PSP.
1.0,Did not work at all. I plugged it into ...,Did not work at all. I plugged it into the brand new psp o bought and it was not recognized. My computer couldn't even read it. I tried a different micro SD card in the adapter and it still wouldn't read.
5.0,Works great. Got for psp 3000,Works great . Got for psp 3000. No problems whatsoever.
4.0,Four Stars,Works great with my PSP
5.0,Works great with PSP-3000!,"It's really nice. I needed something for my new PSP-3000 and the Sony ones are WAYYY too expensive. This works with Official Firmware so all you have to do is put your microSD card into the adapter and put it into your PSP and then format it. You get about 29GB after format which is plenty for me. If your the type who only plays digital though, you may want to buy multiples of these or just go buy the adapter seperately and buy one of those 128GB SD cards."
4.0,"Decent, just be weary of description.","Great item, but description mentions an adapter which I never received. Item came very quickly and worked perfectly tho! I didn't need the adapter, so it wasn't a big deal to me."
4.0,Excellent workaround for Sony products.,"Works with PSP 2000.  This product is a much better purchase then Memory Stick Pro Duo's.  The price is much better, and you can add memory by swapping out the micro SD card it comes with.  I already had a spare, so now I'm all set.  I bought a Memory Stick but I'll probably return it.  I was able to format it with my PSP but sometimes I have shut down and remove the card for it to be recognized."
5.0,"Keep your arm, and keep your leg.  Seriously.",This thing is amazing for its price.  I have been using it quite a bit in conjunction with my PSP and so far it has worked marvelously.
1.0,"When I put this product in my camcorder, it ...","When I put this product in my camcorder, it will not format. I purchased this product to have extras when needed, so I was unable to return due to the time frame when I realized it didn't format and the product is not usable. :("
5.0,Buy!,I originally bought this for my PSP but I ended up switching the 32gb card with my 8gb card in my phone I ended up getting more space than I knew what to do with. Great deal for just the card but i got it all for a great deal
1.0,Roll the dice,"MicroSD works great, Adapter is not worth a darn."
5.0,Great! And worth the price!,"It's the cheapest one I have found and works just as good as any other I have owned. Also comes with two other cards to make it compatible with my computer. If you are like me and are using it for a psp, BUY IT! It holds so much music. I still have 16 gb left on it."
5.0,Very nice memory card for PSP.,"The picture provided isn't what the memory card looks like. It's actually an adapter that you can put the mini SD card into. My PSP was able to format it and now I have all my PSN downloads on the card, so it's working great! Thanks a bunch, SoCal! I'm very happy with my purchase and in the future, I'd like to buy more."
5.0,... that depend on expanded memory and this is a good brand and works well for its intended product and ...,"We have so many items that depend on expanded memory and this is a good brand and works well for its intended product and purpose,"
4.0,Four Stars,Card works as expected with no issues.
5.0,Was a bit leery,After reading some of the reviews on this product. I installed it into my PSP 3000 series with the latest update and formatted the card with the system and it formatted correctly. It's still working great and not having any memory issues. I can cram a lot of movies onto this.
5.0,Five Stars,Perfect!
5.0,Satisfactory,Works great with no problems in my PSP 3000. Read/Write speeds are acceptable.
5.0,Right on time,I order this for my trip overseas and facing a 14 hour plane ride required a little extra space. I was able to load some of my favorite videos and more. Loaded with out issue and worked great on my PSP.
5.0,Perfect,The memory stick that came with my PSP was a 2gb one and I had a lot of games which I wanted to play so I bought this memory stick and it works perfectly and I got it quickly too
5.0,Great way to have a high amount of storage for ...,"Great way to have a high amount of storage for a PSP. And it allows you to use any capacity Micro SD card in the adapter, but honestly, with 32 GB of storage, you'll most likely be all set as far as the PSP is concerned. Awesome product!"
4.0,Only 29GB.. Not 32GB.,After formatting free space available was only 29gb. I doubt the psp needs 3gb of memory. it seems to work fine. It's a good price. Just got shorted on free space..
5.0,I love that it is exactly as described,I love that it is exactly as described. It's pretty great to get so much memory for such a great price.
3.0,okay,it works for my psp 3000 but I have to remove and put back in occasionally because it doesn't read when I first turn it on. but a minor inconvenience for a cheap 32g card.
1.0,One Star,I did not work for me. My camera did not recognize this adapter at all.
4.0,Four Stars,for older sony camera
5.0,Five Stars,Nothing to complain about here. It does exactly what its supposed to. It worked. No cons
5.0,Fast shipping,Great item
5.0,Does work with the PSP 1000 series (Phat as some ...,Does work with the PSP 1000 series (Phat as some people call it) so if you are on the fence about ordering it for that model I can verify it works.
3.0,Not for PSP,"I'm sure this item is okay for general use, but it does not work with ps as the description claims. I had to send mine back."
5.0,... this card for a few months and it works great on PSP 1st generation,Been having this card for a few months and it works great on PSP 1st generation.
2.0,Not good for some reason,Not good for some reason ! work okay at first but then later it keep trying to freeze my psp system and had to remove it and throw it away ! don't buy this memory stick for your psp
5.0,great but not exactly what I thought it would be,Its not a duo but comes with an adapter to make it one. Which I think is a lot better because you can use it for your psp or use it like a micro sd card For your phone or camera. So two options for the price of one.
5.0,Finally...TONS of inexpensive (thank you!!) memory for my old Cybershot DSC-H20,"So far so GREAT!  Using it in Sony Cybershot DSC-H20. It gives me the message: ""This 'Memory Stick' may not record or play"", but it does! Just click past the message and you're good. Photos and video record and play just fine. I removed/reinserted, recorded, played, deleted, recorded over and over, and it performed fine - except for that message. But hey...considering the cost and measly size of a ""genuine"" MemoryStick Pro Duo, I can certainly click by it!  Also, I now have a MicroSD card handy if I ever need it. (The MicroSD does slide out of the adapter with a little bit of effort, but it slides right back in.)"
5.0,Can't go wrong with this one,"worked perfect, good price, good speed, had all the space promised, and is a good alternative to the sony brand ones that cost $756,000."
5.0,Love it!,"It is amazing how such large space is stored in this little tiny electronic appliance. It was a great price too! Thank you EnjoyGadgets, I love it! 5 stars"
5.0,Five Stars,Great!
4.0,Memory,It's a memory card that does what it's supposed to. Fit the device and is working out thus far. Nothing much else to say.
5.0,Great card/adapter,"Somehow I'd missed that it was a MicroSD card with an adapter, but regardless it works fantastic in my PSP."
5.0,Good Buy!,"The Adapter may not be as efficient as the MS Photofast CR-5400 Micro SD Card Converter, but it's still pretty good. It can take at least 32GB of Storage. (Maybe more) I haven't had any problems with the card yet, and it's built in good quality."
5.0,Five Stars,Love it now I have lots more memory for my psp
4.0,Four Stars,worked perfectly
5.0,Great product worth the price,Formatted for both my psp 3000s has a ton of storage for me to play iso’s If i could rate it 10 stars i would
5.0,Five Stars,Lasted longer than my psp haha
5.0,Five Stars,Great transaction. Very pleased with this purchase.
5.0,Thank you so much for such an amazing product. I needed it to upload my movies ...,Thank you so much for such an amazing product. I needed it to upload my movies on my psp. Thanks!!
5.0,Works PERFECTLY on my PSP 3000,"AMAZING, CHEAP, everything I could ask for. For those of You saying it doesnt work, stick it in Your PSP and FORMAT IT FIRST"
5.0,Awesome,Cool I was expecting this to be crap considering there was no reviews and it was so cheap compared to buying the $60 Sandisk 32 gig
5.0,Beware of Sony Proprietery Products,"Nothing wrong with the product, it just was the complete opposite of what I needed.  I needed the Sony M2 microchip for the Sony Ericsson phone I have.  This is a San Disc industry standard microchip with an adapter so you can use the industry standard that only Sony will not participate in into a Sony Playstation or other such Sony device.  The microchip will fit in my wife's LG Tablet so it wasn't a complete waste.  Just don't buy Sony products and you won't have to buy these adapters.  The cost of the Sony 16GB M2 micro chip is more than the upgrade price on my phone so I just purchased a Samsung Rugby that will take the standard 32GB microchip designed by San Disk."
5.0,great value,I purchased the memory card for my psp. It works fine and it's much cheaper than a Sony stick.  Fot the price it's great value.
5.0,gift,It was a Christmas gift for my granddaughter. I'm sure she loves it.
5.0,Five Stars,worked great for my psp
1.0,Does not work with my Sony Camera,We formatted the card with computer and the card worked with the camera for one event.  I then used it to record an entire weekend of volleyball tournaments and not one single recording can be downloaded to our computer.  It says the disc is corrupt.
5.0,Great alternative to actual Memory Stick Pro Duo,This works great for a Memory Stick Pro Duo alternative. I am using this in a modified PSP to load emulators and PSX/PSP games off of. Much cheaper than its alternative for the same quality.
4.0,Four Stars,It worked with my 14 year olds PSP as stated.
5.0,Great product!!,I received this fairly quick. I got it for my son's PSP and it is way cheaper then the standard produo sticks they want you to by. works perfect for the PSP 3000
5.0,Bethany's Review,Speedy delivery and works great for my boyfriend's PSP 3000 as planned.
5.0,Very Good  FLAWLESS!!!,"As good as it says, best price available on amazon. VERY GOOD!"
5.0,Good for gaming,"Still have plenty of room. There are no real downsides to buying this. My PSP 3000 saves everything to it just fine, no issues at all."
5.0,Five Stars,Loves it and it works great.
5.0,Great!,Came to me promptly and it was packaged nicely! Now I can have all of my PSP games on one memory card instead of having to sacrifice games for music because of space on a tiny memory card. The only 32gb Pro duo card I found for under fifty bucks! I got lucky with this awesome buy!! Definitely happy!
5.0,Five Stars,U cant beat the price
5.0,Works great.,Works great.
5.0,Five Stars,Cool
5.0,Five Stars,works good in psp 3000 6.6
5.0,Five Stars,As described
5.0,Five Stars,As Listed
5.0,and then it worked great.,"The shipping was fast and the product works exactly as advertised.  I am using a PSP-1001 with CFW 6.60.  The PSP did not initially recognize the stick, but I was able to use the memory stick format option in the PSP menu, and then it worked great."
5.0,Five Stars,nice
5.0,Five Stars,Good
4.0,Good product,Good product
4.0,"Great idea, great product, but not exactly properly labeled right...","When I saw this item and read that it was a 32 gig device that could be used for the PSP, I figured ""COOL"" and made a purchase. What you do need to understand that is that this is more of an ""adapter"" than it is just a memory stick. What this actually is, it's a Memory Stick Pro that lets you slide a Micro SD into it to make it a Memory Stick pro. Ideally, it's used for when you want an adapter to read the Micro SD cards to be able to transfer your stuff on an easily compatible reader through the Memory Stick Pro. In a sense, it ""IS"" a Memory Stick Pro, but you are really using it as an adapter for the Micro SD. Basically, ""PARENT"" transferring to ""CHILD"". The Memory Stick Pro has a slot on it that lets you slide ""ANY"" Micro SD on it so it can be read through the Memory Stick Pro."
5.0,Even better than I had hoped!,"I had ordered one of the other Memory Stick Pro Duo adapters for my PSP and had limited success.  When the item arrived I got a little nervous when saw that this was also an adapter with a 32GB microSD. However, it works flawlessly.  Plus, the price I got was cheaper than buying another Pro Duo one third of the size from the local box store.  I highly recommend this product to anyone with a PSP 1000-2000-3000 who wants to start moving more of their games/movies/media to a single card."
4.0,Good price,"Bought it for a PSP 3000 with 6.60 Pro-C.  Works great, my only complain is the write speed of 4.32MB/second but for the price I can wait a couple of minutes to transfer Gigs of information.  Other than that it works flawlessly great price."
5.0,Five Stars,"Great item, no complaints"
5.0,Five Stars,very good
5.0,Five Stars,fast
1.0,One Star,Memory cannot be recognized by the device consistently
5.0,Worthless.,Bought this for my uncle. Should've got a memory card instead.
5.0,Great,Delivery earlier than expected. Works great.
1.0,BUYER BEWARE of these apparent Chinese knockoffs,I purchased this product for use in my daughters Sony PSP product and was severely disappointed.  This memory device was not recognized by the Sony device ... a little bit of investigation within the customer comments section of the Amazon site revealed a sizeable number of people were duped by these fake memory knockoffs.
5.0,Five Stars,"Works great. Had to figure out how to format it, but after that it works like a champ."
5.0,"Great Buy, Good Price","Works great, currently the biggest memory I could find to work in my PSP"
4.0,Four Stars,Packs alot of 'Bang' for the buck.
5.0,My Review,works.
5.0,👍👍👍👍👍,Works well.
5.0,Works great,Works great so far no problems well made un like some I got it on ebay before
5.0,in This thing works like a champion,"It shipped very quickly. in This thing works like a champion, i just had to format it on the psp and then it was golden. I bought it for $19 and it was worth every cent. Highly recommend!!"
5.0,Five Stars,Great product and great service
5.0,Works as expected..,"Card is 32gb as advertised.. Adapter allows me to use the MicroSD card in a Sony PSP instead of more expensive, proprietary sony memory card."
3.0,Three Stars,ok.
1.0,Doesn't work for PSP,It was sold saying that it would work for PSP's and it would not. However I was able to return it and get my money back.
5.0,It works.,"Works great, no complants."
2.0,It couldn't read,i can say the memory card itself works but my psp refuses to read the adapter itself. So I got a good micro sdhc card but nothing for my psp.
4.0,Four Stars,Works great!
5.0,Five Stars,Works well. No issues.
5.0,Five Stars,Did the job!
5.0,Neatly packaged,"Was nicely packaged, was easy to use. Fit my PlayStation Portable 3000 nicely. I had to format it after I entered in my psp though. No issue."
3.0,Ok,It was OK except it was short memory
5.0,Works as advertised,I bought this thinking it was probably a rip off at 20 dollars... but after opening the package and finding the little micro cards (they were hidden well!) I put them in my psp's (1000 and 3000) and formatted them. They worked perfectly and havent had any issues yet.
3.0,easy installation once you,"Get the job done, easy installation once you watch a tutorial"
5.0,Good price for LOTS AND LOTS OF DATA,Good price for LOTS AND LOTS OF DATA! I really recommend this item for someone who wants not too much and not too little much of data space.
3.0,However no issues so far apart from the annoying message on the,I bought it for my Sony Camcorder. It displays a message that video and photos might not store properly. However no issues so far apart from the annoying message on the screen
1.0,One Star,this did not fit the PSP like it said
5.0,Awsome for the money!!!,I bought this to hold my huge psp library and mission accomplished. You just format the card through the psp settings menu with a button press and bam! 29 Gigs. It also came with a regular SD adapter too. The download speed is efficient.
5.0,Good for your ears!,"Bought it for the wife to shut up her pie hole about running out of memory on ""my"" camera. This did the trick, the cacophony of nagging rings, buzzes, and hisses have subsided!"
