ratings,rev_head,revs
5.0,Update:5* for effort,Update. Company did great at trying to correct issue by sending a second SD card.  5star’s for effort. However I still received the wrong product. It is supposed to be a MICRO SD card not an SD card. The micro is even smaller than the SD. I WOULD BE HAPPY TO RETURN THE 2 but I would still need the MICRO. THANKS
5.0,Held up in all kinds of weather,Used in game camera.  Checked two weeks later and had 700 pictures.  Night quality was good.
5.0,BEST PRICE PERIOD,I have searched around for larger capacity cards for a while and was skeptic about the price.  I called one of their shops and was educated on the product and said what the heck.  Every card works great and like I said before you cant beat the price.  I will only order my mem cards through these guys.
5.0,Lots of storage cheap,"Two 32 gig cards for the price you often see a single 16 gig listed at.  Wow.  These cards don't have a speed rating (other than class 10) so they might not be for you if you do high quality video or long burst of rapid stills, but I am a still photographer, and these cards are plenty fast and very roomy,"
1.0,they don't work,"after trying in a variety of devices for over 2 months, neither of these chips will hold data....worthless!"
5.0,Good buy,"I love this flash drive pack. I am a Journalism student so I am constantly working with my camera. It has a good amount of storage ,and clear picture quality. It also includes the lock feature which manny flash drives do but I like this one a lot and for the price I’m impressed."
5.0,Nice two pack with plenty of storage,I was seeking SD Cards with sufficient memory to hold RAW images on a 24MP camera. This dual pack was well-reviewed and available at a good price. I haven't used them for very long but they seem to operate fine.
5.0,lots of memory in a small package,Videos and pictures load quickly on this memory card I love it That's why I got 2
5.0,a brand you know is good.,i bought5 of the so that gave me ten.  i used one to download my files for backup on my computer.  gave one to my mother to download pictures from her computer.  i will think of something to put on the rest.
5.0,Work just fine,I have used these cards extensively since receipt in a Lumix and a Canon camera with no trouble.  Speed seems fine.  No complaints.  Would recommend to all.
5.0,"Good SD cards , so far no problems",Lots of GIGs for the money. I use them in my trail cam and backed up a lot of pictures with the extra one
5.0,Value,I bought these by mistake I mean to get the smaller ones. Their memory cards what do you expect
4.0,Storage capacity,I was surprised to see that when I open one it had only 28 gigs a memory space available. I know something is required to use the card but come on now for gigs. Oh well I guess I'll have to just live with it.
5.0,Best price for the best quality,"Excellent value for the money. I shopped around and looked for a better price, but nobody could beat it. I used these for school projects and I ended up with amazing results."
5.0,Worth It,I liked it the pics came out clear. It also comes with a small case
5.0,works great!,"Love the product, works great for what I need and came quick which is a bonus"
5.0,I for one like the case they come with,Perfect for what I needed! And they come in a cute little clear case. 10/10 am buying more
5.0,Sd card is awesome,I can honestly say the sd card outlived my batteries..  haha.. great buy.
1.0,wanted micro DS,"I bought this thinking it was a micro, so I guess I misread the label.  I tried to return it and said it wasn't eligible for return.  Clearly my fault for not reading closely, but not able to return them is an issue.  I didn't see on the order it wasn't returnable.  Won't use this company again."
5.0,SD memory card,these are very good.  I use for my camera
5.0,Work fine,Great for what they are
5.0,Great gift idea!,The girl I gave it to loved it!
5.0,Works well in my dash cam,This is what my dash cam said I had to use..
5.0,It's memory what can I say,Fit my camera perfectly
5.0,Just as described,Just as described
5.0,Hard to find good SD's,I'll be ordering again
5.0,great,fast delivery and good pricing
5.0,works great!,works great!
5.0,Well worth the money great value,Great deal will buy again!!
5.0,Good card,Good product
4.0,Good value,Works as advertised
5.0,Good buy,Good
1.0,Can’t return!,These are to big. Not what I expected and no return option 😞
5.0,Great buy for the dollar,Work great
4.0,Super util,Super
5.0,Good stuff,Love this product
5.0,Great product,Great product at a great price
5.0,Great product,Came just in time for my trip to Disnry.  Works great.
5.0,A Great Purchase,Affordable and reliable...
4.0,They are ok...,They r ok...  I thought that they would b better...
