ratings,rev_head,revs
5.0,It's a winner!,The genuine Samsung Evo Select line of Micro SD cards are great. They are reliable and they live up to the speed and capacity classifications they claim to. I've been using Samsung cards for years and they are the only brand that consistently doesn't give me any issues year after year.
5.0,Samsung 128GB EVO Select Comes Out Ahead In Mobile,"This card has performed well in testing, both in my PC and in a Samsung Galaxy S8+. I have compared it to two other popular cards so you may make a determination based on your needs."
5.0,Well-rated Amazon exclusive (formerly the EVO Plus); the go-to choice for phone storage upgrades,"The Samsung EVO Select is basically a re-branded, Amazon-exclusive version of the highly-rated Samsung EVO Plus microSD cards (note that the EVO Plus was not the same as the lesser EVO+ line; a confusing but important distinction). The 64GB and 128GB sizes offer you good bang for the buck. Buying larger or higher-performance cards is really only appropriate for power users (and might provide marginally little benefit for phones unable to read larger sizes and/or leverage higher speeds). Slower and/or smaller cards are functional but could cause slower overall phone performance."
1.0,Terrible card and the worst customer service!,"I have purchased 3 of these in the past year.  The first one I bought for my samasung galaxy s7, a few months later i bought one for my asus tablet. 6 months after the purchase of the first memory card for my phone the memory card stopped writing and caused my phone to completely stop responding, pulled the card and my phone was fine, then i purchased another figuring i got a dud.  a few months later the one in my tablet bit the dust in the same fashion, it stopped writing and caused my tablet to stop responding.  Now this past monday the replacement card i bought for my phone kicked the bucket.  All three memory cards lasted about 6 months and were all purchased at different times so this seems to be a bigger problem with the samsung memory cards.  I am going back to using only sandisk as their micro sd cards seem to incredibly more reliable in much more hostile environments.  I have had the same sandisk micro sd in my dash cam in my truck that records 24/7 for the past 2 years."
1.0,Fake!,My order was a fake card. 👎
5.0,Amazing card and it's a Steal for the price!,Great micro SD card. I bought this for my Galaxy S8 and Note 4 since I keep running out of memory clicking lot of pics.
1.0,FAKE 128SD Card,"Tthe SD Card is marked with 128 GB but i tried to load 60 GB of my prior SD Card but the card don't let me load more than 2 GB, its seem the 128SD Card is fake, i want my money back"
5.0,128 GB Amongst the fastest for less than half the price!,"Amongst the fastest for less than half the price, yes this is a nice product. I tested this Samsung 128GB 100MB/s (U3) MicroSD EVO Select extensively; all I can say this is a solid performer on a bargain price."
1.0,Died in Nintendo Switch.  Felt like I threw $40 into a fire.,7/25/18  Nintendo Switch user here.  Only used a few megabytes and stuck it in there after I figured I needed a new SD card after installing eshop software.  Was really glad I didn't have any major game data here because errors started happening.  Error Code 2001-2069.  I spent an hour trying to troubleshoot this and popped in my old micro cd card in the system and it still works.  Stay away from this card.
1.0,This card is not suitable for write-intensive uses. NO WARRANTY FOR IT.,"This Samsung 128GB MicroSD failed in 2 months of usage in dashcam.  The card stuck in read only, not allow formatting, deleting old files, nor any writing.  I have tried formatting it on PC, cell phone, DSLR camera with no luck."
1.0,Too slow! false speed advertised! can only reach 20MB/s,"The speed claimed is not true, my android phone gave  the warning the card is too slow for internal storage and when tested in CrystalDiskMark the speed is only 20MB/s for read and write not even close to 100&90MB/s claimed on the package.  My other U3 cards from another manufacturer was able to reach the claimed rating."
5.0,got it for Nintendo Switch,"i seen the reviews some people were saying it was a fake and others were saying it was not a fake so the only thing i could do was put my money and buy it. it came 2 days later i would of done 1 day but amazon has issues delivering on sundays with ups (they said it will be here on sunday not me). when it came i looked over the packaging and it looked legit i looked over the adapter and that also looked legit and i looked over the actual card itself and it looked legit. i didn't have the software running when i got it due to laptop war running for 24 hours and needed to cool off, but i decided to test it the hard way by installing every game i had ( keep in mind the 256GB fake msdc couldn't even download zelda botw). 4 hours later and i have pretty much every game downloaded."
1.0,Unusable!,"I had this card in my phone for less than a month. Suddenly, my phone started restarting itself. One day it went into a restart loop... Would not boot up. After some troubleshooting I removed the SD card and my phone finally restarted. Since I format the card to the phone, I can get nothing off of it. It will not work in my phone. It's a total loss!  Don't buy this for a phone."
4.0,Lives in a Nintendo Switch and likes it,"Working well in my Nintendo Switch. Has only about 5GB on it, but that goes to prove (other than that my Breath of the Wild was a physical copy and not a download) that it should last a good long time."
1.0,it seems a few people have gotten bad ones lately,"Died days after installing it in phone. Looking at the reviews, it seems to happen occasionally. Hopefully the replacement will be better"
4.0,"Affordable and fast, but beware of bad cards","This is a great memory card for the price, but buyers should be aware of bad batches of these cards. My first 128gb card bench'd ~20/15 (Read/Write MB/s, A1 SD Bench and AndroBench, Galaxy S8+), I returned it and got another one. The new one does ~57/37 (Read/Write MB/s) which is not as fast as 100/90 advertised, but it's good enough for 4K video recording (satisfies U3's minimum write of 30MB/s). As of mid-2017, no other card is faster than the Samsung Evo Select 128GB at sub-$50 price point."
2.0,"Bad quality control / not suitable for smart phones, performed worse than older Samsung Micro SD Cards","First card arrived and formatted OK, but obviously defective or a fake as write speed in any device rarely went over 10 MB/sec. After a few hours it would just give an error message in the phone, and could not be read. I have two other cards (one is also Samsung) that gets anywhere from 40 MB/sec write to 80+ MB/sec depending on the device."
1.0,The 32Gb mSDHC is Horrible; Listed Inconsistently/Incorrectly v All of the Other Samsung mSDHC Cards,"All the Samsung EVO cards are UHS-3 except for the one EVO 32Gb version, where a quick sleight of hand is made to UHS-1.  But that should be easy to spot, right...?  No, because the cards as listed confuse two different ratings - designated on the card by a Roman Numeral (usually a 'I') and a number placed inside a 'U'.  The number in the U is the cards' UHS rating, the former it's type - if you have a jeweler's loupe, you can see what they are on the card."
5.0,Amazing Speed for the Price,"Not sure what problems some other people had, maybe doing crystal mark through their phone via a usb cable instead of directly in a desktop? I got faster than advertised speeds, great value at $22 for 64GB (see photo). I have the 128GB version too, even slightly faster."
1.0,Seems hard to find a legit 256GB Micro SD card!,"Unfortunately this was my 2nd attempt at buying a 256GB MicroSD card through Amazon without success. My first one (from a 3rd party seller) turned out to be a fraudulent card labelled as 256GB, but in fact was a much smaller storage card (I think only 32GB, but hard to tell) incapable of holding that capacity."
2.0,I've purchased 4 of these cards now. Two were DOA and Amazon replaced them.,"I'm using these in Raspberry Pi 3B+ plus DAC hat music player projects. I set them up with Raspbian, increase the size of the normal Linux partitions to add breathing room, and then set the remaining portion of the cards up as a FAT32 partition for storage space. Then, I copy about 230GB of lossless music onto that FAT32 partition. After booting up Raspbian, the extra FAT32 partition full of music shows up automatically in Volumio as a USB drive. So, you have a ton of music stored on your Pi without actually using any of the USB ports on the Pi. Eliminating the need for a USB thumb drive reduces total power consumption, too. This helps when building battery powered portable projects."
5.0,The fastest and cheapest 128gb microSD. Get them while they are available.,"This has to be a price mistake, this is the fastest MicroSD 128gb available, and it's also the cheapest. U3 ftw! I received 2, and they both performed at 99mb read, and 92mb write!"
1.0,It seems like everything I purchase “new” on amazon,"It seems like everything I purchase “new” on amazon.com is sent to me broken, used, or defective in some way or another. I was sent this microSD card and couldn’t even use it, when I inserted it into my computer it said “this drive has problems and must be repaired click here to scan this drive for errors.”. I tried formatting it on my android phone and still it was unusable and repeatedly gave me errors about the card being corrupt and saying it requires formatting, then had errors during formatting. Every device I try to use with this card has a problem with it."
5.0,Upgrade for My Nintendo Switch,"I bought this to replace a 128GB SanDisk card that I'd filled up in my Switch. I was able to copy everything over from the old 128 to this new 256 (just copy the entire Nintendo folder from the old card), and my Switch found it and ran my downloaded games and updates without a problem. And much, much faster..."
1.0,Got corrupted within 7 months of use,"First time I bought this, it got corrupted within a year. I am a normal user of the phone and do not fool around with the sd card. I just let it sit in my phone, and never take it out. Left with no choice (since my internal is only 32GB- Samsung S7 Edge) I reordered this. It has got corrupted again, this time after working for only 8 months (Bought November 2017, corrupted June 2018). What am I supposed to do? How do I get in touch with Samsung support?"
5.0,I love it.,I installed the 512 gb card in my LG-V20 phone (best phone for music). I have over 225 gb of FLAC music files on it now. Some of the files are up to 24 bit 192 KHZ. All play great. Now I have lots of room for expansion.
5.0,Works great even though the camera instructions says that 64GB is ..., Got this for my Yi 4K+ action cam.  Works great even though the camera instructions says that 64GB is the largest card it will support.  Works well shooting 4K videos.  Attached is a sample snowboarding video I took.  The original video has been greatly down-sampled to meet the guidelines for video resolutions in reviews.
1.0,Beware very very slow batch!! ordered on 1/3/2019,This is my 3rd order of the Samsung 128GB Evo Select from amazon.
5.0,Please  do not put this in your comment section. Amazon person please see if this is true. Thank You,"The Select Card I just bought was Produced and packaged by SAMSUNG 100% :  ) PLEASE DO NOT PUT IN THE COMMENTS SECTION PLEASE. JUST LOOK INTO THIS AMAZON I MAY BE TOTALLY WRONG????I found something out yesterday, about two years ago I bought a sleuth of SAMSUNG micro SD Cards. About $300.00 worth.  The kind of SAMSUNG cards I bought was the White and Gray PRO series. Which are now Black.  All SAMSUNG Micro SD Cars are made in the  Philippines, and the adapters are ALL made in China. I just bought the Samsung 128GB Select Micro SD card. So, on the back of that Micro SD card says,""Made in the Philippines, and adapter made in China. The ONLY GENUINE Micro SD Cards all say the words I have just gone over in the places I have said.  I looked at the 8 SAMSUNG??? PRO White and Gray color Micro SD Cards I bought.  These cards all say, ""MADE IN KOREA"".  Take a look at your fake Gray and white SAMSUNG?? Micro SD Cards, I bet they say the same thing.  The description of the real Micro SD Cards were described to me by a SAMSUNG Representative.O, so this is why these white and gray cards broke two of my $800.00 and up SAMSUNG Cell Phones.  This will probably not make it to the Comment pages.  I don't want the hundred thousand to know the richest man in the World ever sold FAKE SAMSUNG MICRO SD CARDS. This is written for the person who proofreads these comments. Because if it did make it to the comment section I would get sued by the Richest man in the world ever.  Then, of course, SAMSUNG would want a part of my net value also, which is in the neighborhood of $70.000 big bucks ha.  I like Amazon they have great service the owner is self-made, I am just mad I was taken advantage of by a fake SAMSUNG Miro SD card distributor."
1.0,Samsung 128 GB Micro SD EVO sold by qingyunwenxishangmaoyouxiangongsi for ...,"Samsung 128 GB Micro SD EVO sold by qingyunwenxishangmaoyouxiangongsi for $22.95  is a FAKE!! IT IS COUNTERFEIT!!! I bought 2 and neither one works. If you google the bar code number there is a you tube video that explains it. The bar code number is 8806086168755. I also checked it with a software program, it came up as corrupt. The speed on this card is U1. It is advertised as a (U3). (U3) is faster then a U1 memory card. It is also suppose to come with a SD adapter which was not included."
5.0,These are legit cards and i checked the serial #'s,Bought 2 of the 128gb cards for a Samsung Galaxy S5 and they fit perfectly inside the phone. You will need to shut down any model of phone it fits and pop out the battery and insert it as shown above or below the sim card. Each phone maybe different but I had to remove the battery to get it to slide into the MicroSD slot. Then I restarted the phone and it came up with a new MicroSD card installed and asked if I wanted to encypt or decrypt the card. If you encrypt the card then your computer won't be able to view the pictures or videos or music that you saved to it. I decrypted the card and let it format the card and it literally takes about 2 mins and then it was ready to use after that. It copies about 9gb of system files to the card for whatever your installing it in and gives you around 119gbs of data to use. Not a bad deal for a bigger hard drive on your device. I went to samsungs Web page and checked to make sure it was a real MicroSD card and not a knock off and it ca me back legit. Only paid $45 a piece and on Samsung page they were around $119 a piece. Might be last year's cards or previous versions but they are the same cards at a better discount.
1.0,Very poor quality and durability,I am done with Samsung micro-SD cards. Bought 2x 64 GB Select cards and one died after 2 years. I just got a 256 GB Select card and it came DOA. I own 18-20 San disk cards and ALL of them lasted far beyond warranted lifespan. Samsung usually makes good products but their SD cards do not seem to be reliable. Do not keep anything of value on them.
4.0,Works great with my Nintendo Switch,"I got the 256GB EVO Select version for my Switch. At first I got a 128GB Lexar MicroSD, but realized it would probably be better to get a 256GB MicroSD. I want to have ""room to breathe"" a year or two from now. While most current Switch games are less than 10GB, many significantly less, you have some which are larger than 10GB with more larger games to come. Zelda: BoTW is bet. 13 and 14GB and there are games in development that will require more space. If you stick to mostly physical games (cartridges) or something like 50/50, 128GB should be good enough, but if you want to stick to mostly digital downloads, you'll probably run out of space sooner than you think with 128GB or at least feel uncomfortable with the amount you have left a year or two from now. Sure, you have other options like deleting games, buying another 128GB card to save money or whatever. Do what you feel comfortable with."
4.0,Genuine Samsung memory card. 512gb.,"Really worried about being a genuine memory card. Examined card and packaging, opened and tested the card. Average write speed after writing to the whole 488GB was 64.7MB a second. Not shabby. Used H2test2. AJA system test gave it a 70GB write and 90 GB read. Very happy! I have found over the years, claimed memory speeds are under ""Ideal"" test conditions, but real world should be about 20% lower. This one fits the bill. The ONLY reason for the 4 Stars was the ""Claimed"" 17,000 reviews. This is on ALL the memory card sizes they ever sold. This is deceptive! Some cards over the years are better than others!"
5.0,The 64GB version is SLOW ~30MBs - UPDATE: It's ~90MBs FAST!,"EDIT: upgrade review from 1 to 5 stars, here is why:"
4.0,"Not good for the Kobo Aura H20 Gen 1. Card is thicker than others, won't insert properly. Used it on my camera instead.","This is a very fast card suitable for high-resolution digital cameras that use the "".dng"""
5.0,Fast transfer speeds on a budget,"I'm a big fan of all of the cards that Samsung makes. For a while, there were a lot of complaints on Amazon about people getting counterfeit cards - but they all seemed to be from 3rd party sellers. Always ensure that you're ordering from Amazon!"
4.0,Color me impressed,Samsung 256GB Evo Select MicroSDXC (MB-ME256GA/AM)
5.0,Fast and easy to use...,"Was a great step up from my sandisk 256gb as this one is noticeably faster when recording video and taking pictures.  By that I mean there is far less ""processing"" going on as before in the background my phone would tell me that it's putting on the finishing touches and would have to wait to ""use"" the photo..."
3.0,If you have a Galaxy S7 and this microSD then...,"If you have a Galaxy S7, you will not have the speeds 100R / 90W.  test  aprox.  53.63R / 38.04 see the image ...... Although it is assumed that galaxy s7 is uhs-1.... The micro sd sandisk extreme plus 64gb gave speeds aprox. 65R/43W."
5.0,"Good for up to UHD 30 FPS, not UHD 60 FPS","This card works as intended for 4k recordings with no problem. If you want it for 4k recordings make sure it's class 10 and U3, which this is. I have Samsung Note 9 and the only negative thing I notice that when recording video in the highest resolution (UHD 60 FPS) it will not save it to this card, it will be saved to the internal storage of the phone. If you record in the second highest resolution (UHD) which I believe it's 30 FPS it will save to this card with no o problem. So you will have 2 Camera folders with images in your Gallery app. Other than that it's a good card."
1.0,DOA. Boo.,"Bought one of these for future use a few months ago. Finally got around to installing it in a dashcam, and the camera announced it couldn't write to the card every couple minutes. I tried troubleshooting it on a PC, and it wouldn't stay mounted long enough to write files to."
5.0,The best micro SD card,One cannot simply miss this deal! 128gb for about $45 is crazy. I got mine in less than a week in mail. Using it with my gopro session 5 to capture 4k30 video. The space is more than enough to capture for 4 hours and more. Except my gopro wont last that long without being charged. Love it love it!
3.0,Surprise?,"When loaded into a New MotoG5s plus and formatted it came up with a screen saying the ""Chip is slow and some apps may stutter and data may take a long time to transfer?"""
1.0,Beware of FAKE cards being sold on Amazon!,I bought 3 of these cards from Amazon. 1 was purchased a year ago and 2 were purchased several days ago. I never tested the first card as I purchased it for $44 and assumed it was legit. The 2 cards I received today ($20/each) were tested with 3 different speedtest software and the highest speeds I got are in the pictures I provided. I used the provided adaptor and plugged it into the SD slot on my laptop.
1.0,One Star,I bought this for my GoPro 4 and it keeps shutting down while recording 4k videos.
3.0,Decent performance. Does get warm under heavy use. See more details in review.,"Advertised performance is ""best case"".  Tested mine on an Ubuntu 17.04 system, kernel 4.11.9, Asus Z170A with Intel I5-6600K.  With 10MB sample size, 100 samples, AVG Read 91.2 MB/s AVG Write 34.5 MB/s.  There were occasional ""peak"" writes in the 80MB/s range, but they were periodic, and likely the result of thermal throttling.  The uSD card does get quite warm when performing sustained, large file size transfers."
4.0,32GB version is U1 NOT U3!,"Pay attention to the label.  I have the 64GB version and its 5 stars in every way.  I bought the 64GB version because its U3.  So naturally seing the same type of card in 32GB version I would assume it was a U3.  Its not.  That said, I tested it in my panasonic GX85 and it recorded 4k video for 10 minutes without issue.  So my guess is that the performance is still there hence the 4 star rating.  I bought these for use as internal memory in my moto e4.  (Trying to keep the price down, but performance up)."
4.0,Actual read/write speeds of 71.9 and 56.9 outperform Sandisk equivalents,"Actual speed when plugged into the Samsung adapter: 71.9 read, 56.9 write."
2.0,did I get a lemon?,"Maybe my card is faulty. But after just 2 or 3 uses it developed a major problem. Recordings stall, and my cameras unable to write uninterrupted stream of data are forced to abort recording. Same with transfer of files to my computer - it stalls every couple of seconds and is terribly slow. Nothing even half close to advertising speeds. Writes at less than 10MB/s (if it does at all). My older u1 cards are much faster than this.  As said - maybe it is just my bad luck and seller will be able to fix it, so I could update my review  but maybe there is just something not up today's standard with these card. Bad experience as it makes my  work really tricky. I am a pro photo/video guy and I need my equipment to work."
1.0,Speed not as claimed.,It tested much slower then rated speed.  I tested speed within phone and on a fast computer. Also when I take pictures on a Samsung S8 their is a half second delay when taking pictures. When I use the memory within the phone there is no delay.
5.0,Excellent compatibility,I have several Samsung smartcams that require micro sd cards and Samsung memory products have for me had the widest range of compatibility.
5.0,The Real Deal 512 GB card worth the investment.,"Bought this 512 GB card with worries of legitimacy for the price. However, full testing revealed the card does have the stated capacity with 476 gb post format and is a legit card with top read and write speeds of near 80 MBS. It is now loaded with over 400 GB of music files and running fine. Needs time in service to determine full performance however. Works great in my LG G7."
5.0,One computer was getting only 37 MB/s Write - switched to another and getting 70 MB/s,So I just got a 128GB and 256GB card. I have an old Galaxy Tab that only supports the 128GB but my new Note 9 supports the full 256GB card and higher. In any case the prices of these cards have dropped so much that I finally decided to spring to replace my 64 and 32GB cards that I have in my Note and Tablet.
1.0,Device is defective. Tried it in my Android tablet ...,Device is defective. Tried it in my Android tablet: didnt work (corrupt) tried it in my windows 10 computer: same thing. Couldnt use anywhere
1.0,Dead on Arrival (Water Damage),"Packaging looks like the it came from a store that was flooded, there is the appearance of what I determine is water damage. A podcast I listen to said to be on the lookout for water damaged goods sold after the flooding in FL, SC, & TX the last couple years.  It was going to be used in a wyzecam pan we have for a baby monitor. I got busy with the new baby and everything else and forgot to return the item, missed the 30 day return window. Unhappy customer here."
1.0,Disappointed with Samsung Card,"I Initially found this to be the best value for my purpose, for a Sony digital camera, based on price, speed and capacity.  And it worked fine for about a week.  Then suddenly today the card became unresponsive in my camera.  Tried it in a computer with no luck, the computer would not recognize it either.  Very disappointed and already purchased a replacement Sandisk card.  Fortunately, I had already transferred  my photos so I lost none.  Samsung will not be my choice for memory in the future."
1.0,BEWARE,"I bought this mid-December 2018, and the same day I received the package is the day I knew the product was either a fake or a corrupted 256 MicroSD. First, it was not packaged correctly, in a flimsy bubble wrap paper envelope along with my other purchases. When I took it out, the packaging of the product was torn a little in two places, like someone may have tried to get it out. I cut the package open along the dotted line as instructed and inserted it into my cell phone.....it said that it was ""Damaged and try reformatting it"". I did so and tried again...it said the same thing and also said there was no memory in it at all! I still tried to move only 47MB of pictures and it said it was too large of files to move....this was laughable! SO I tried to put it into my computer in case my phone somehow was acting up, my computer said there was indeed 256GB of memory....so I started to move some files,120GB worth. The files wrote slowly, so after about 5 minutes I canceled the rest of it and checked to see what was written.....it said I had some documents on it, so I checked and all that was in those folders was....You GUESSED it...nothing! ZERO kb! SO, I started a return the very day I received it. I am very unhappy and now worried if I try to purchase this again, that I will be scammed."
5.0,CORRIGIÓ LAS FALLAS DE LENTITUD EN MIS DISPOSITIVOS AL 100%," Excelente Memoria, la recomiendo para que todos tus dispositivos fluyan a la perfección."
5.0,I'm using two of these in dash cams as the bigger the card the longer they last and the EVO select is recommended for this application,"128gb is a LOT of space.  I'm using two of these in dash cams as the bigger the card the longer they last and the EVO select is recommended for this application.  I verified that they are real using H2testw and they both are the expected capacity and into my older computer using a USB3.0 adapter rather than the including SD adapter, the speed tests were also where they were expected.  I highly recommend anyone buying micro SD cards to test them as there are so many fakes out there.  Also check on what your device has recommended for it, applications like dashcams need a card that can take the repeated overwrites without failing.  I've used these and Transend High Endurance for that application.  I do recommend this after their performance I've been getting the last few weeks."
5.0,Works well with my Samsung Galaxy J3 ATT phone.,"Based on my price comparison, this was the best buy."
3.0,"Good performance, but I'll need to replace mine.","Samsung EVO Select 128 GB 100MB/s MicroSD card was fast and had large capacity. But will have to replace mine as I'm having reliability issues with it. Issues started as soon as I got it, but I thought the problem was something else with the PC. While no data has been lost, connection to devices (tested on a PC, an Android phone, and an Amazon tablet) keeps failing during operation: devices act as if the card was suddenly removed. Samsung is a good name and I've had good experiences with their other products, so I think this is just a fluke. It says there is a 10 year limited warranty, so I will need to figure out how to get mine replaced under those terms."
1.0,Do not use in a Raspberry Pi 3,Do not use this card in a Raspberry Pi 3
5.0,"DOA, but vendor sent replacement","Really surprised me for a Samsung product.  I thought I was buying with confidence over the no-name generics, but I see I was mistaken."
1.0,"Cameras are working great! Order fulfillment, not so much...","Not even including the price point in my opinion, these Wyze v2 cameras are amazing so far."
4.0,I'm a little bit concerned.,"Is this a misprint or is this card fake? The card says UHS 3, but the back says UHS 1. I'm worried that it's a fake. I'll test it out to make sure."
4.0,"It was perfect while it lasted, but there’s light at the end of the tunnel.","I was excited I got this on sale, I wanted to go full digital on my Nintendo switch and thought I found the perfect card. Well it was perfect, but of course it gave me problems after the return option expired on Amazon. I had smash bros on it and when playing, it corrupted on me. I reinstalled the game and it was fine but after a few weeks it corrupted again. Same thing happened when I downloaded a demo. It corrupted as well. Did some research and came to the conclusion that my card intermittently corrupts the game files. Given the review average I may just have gotten a bad one, but it’s unfortunate that it happened after Amazon can’t do anything."
5.0,"Fast, high quality memory.",I had this memory installed in my Samsung Galaxy S9 plus for a time.  I liked its speed and storage size a lot.  And man can it transfer to PC over USB3.1 fast!
2.0,"Be careful, advertised speed is deliberately misleading","A few things are important with micro-SD cards, and one biggie is write speed, especially for GoPro.  These are advertised as 95MB/s cards,  but in fact only the read speed is 95, the write speed is 20MB/s, which probably wont even work in a Hero 3.  GoPros can be sensitive, but I always try to buy cards with at least 90MB/s write speed.  I am returning the 5 I bought."
4.0,Could be faster but good for the price *Update*,"It's important to verify all SD cards to be sure that they are not counterfeit, especially if you buy one from an online auction site. I use a program (free to download) called H2testw (Google it). So I bought this from Amazon and it tested good. Speed tests were OK but not great. Writes were 25 to 30 MB/s and reads averaged 70 MB/s. I had to put this card in a USB adapter to test it on my desktop PC."
1.0,Not Working,"I have tried accessing this on a phone, a windows 10 pc and a windows 7 pc."
1.0,My Security Camera will not accept this card,"I verified with the maker of my security camera that it can take a 64gb micro sd card, currently I have a 32gb card on loop and I just wanted more days worth of video to review so I bought this 64gb card."
1.0,"If you're planing to use on a dashcam, save your money.","Just so you know, Samsung will not send a replacement if you use this in a dashcam. It was never mentioned on Amazon before but there you have it. After I bought it it got corrupted and it was plain simple that the customer care would not give a damn about how unhappy I was to realize the warranty doe snot cover dashcam usage."
5.0,Excellent write speeds elevate this card to the top of the pack.,"The Samsung 128GB U3 microSD Evo Select is another in a long line of memory cards from Samsung. Quite frankly, even living for technology, - it's hard to keep track of what makes one different from another these days. In any case, this one is ""faster"" than basic, cheaper microSD cards - and depending on what your uses are that might be a very good thing indeed."
4.0,Great drive but speeds are much less than advertised,"real-world speeds are quite a bit lower than advertised, especially write speeds. Here's the output of several commands run via my raspberry pi."
5.0,GOPRO HERO 7 BLACK! Good enough memory for recording videos and taking photos!,I was able to get the correct memory card from the gopro website for my GOPRO HERO 7 BLACK.
1.0,256GB over hyped burn -- won't fall for it twice,dismal 60Mbs read & less than 20Mbs write on Samsung S7
5.0,NOT A FAKE - FASTEST CARD I OWN,"After I ordered this I was freaked out by all the reports of fakes and the thought of losing once in a lifetime upcoming vacation photos (Ultimately, I want to get 10 of theses for daily rotation and spares while on vacation)"
1.0,"Fake SD Card, bought 128 GB, received 32 GB (but still labeled 128)","Should have tested this piece of trash when I bought it, but now I'm outside of the return window (although after contacting Amazon Help and explaining the counterfeit issue, they quickly issued a refund). Here's the test results once it started verifying written data. Make sure you test your cards immediately!"
5.0,Great Value/Price,Put Myself and wife Samsung s10+ and wanted to get microsd card to increase the phones storage to the max. At $99 this is cheaper then buying it from best buy. We don't need SUPER FAST speeds just something to hold videos/picture.
5.0,"Aa last, a large-capacity MicroSD card that works!","I am giving this a cautious 5 stars. Let me explain. I have suffered through two other large-capacity MicroSD cards (one purchased from Amazon and one from a ""major national retailer."" Both of those ended up being returned. Those were what I'd call off brands and neither worked very well of with anywhere close tot he advertised speed."
5.0,"I damaged it, and it marked the blocks as bad on its own and works perfectly again.",I use this in my Raspberry Pi 2B.
4.0,"Okay, but not compatible with DCI 4K (4096x2160)","WARNING: this card is NOT fast enough for DCI 4K (4096x2160 @ 24fps).  DCI 4K is ""true"" 4K that you see used in cinema.  However, it is fast enough for UHD 4K, which is 3840x2160 @ 30fps.  I mention this because I have a true 4K drone (DJI Phantom 4 Pro) and it has tons of dropped frames in the highest resolution (DCI 4K).  For my purposes, UHD 4K is sufficient but I want to warn anyone who needs a card for DCI 4K that this card isn't fast enough."
5.0,the one!,i purchased this to expand storage on my macbook pro.
1.0,3 out of 4 were bad out of the package,"I ordered 4 of these.  I always put new SD cards through a couple of complete passes of a read/write/compare test.  The capacity was correct on all 4 cards (so, not obvious fakes), but 2 of the three failed the compare tests on both runs of the test.  A third failed on the second (and third) run.  Only the last card passed all test runs."
1.0,Doesn't do what it should,Apparently it's designed to only work with amazon apps and that's not what a SD card should do. I bought it to be a regular SD card that I can do as I please with
5.0,Very Fast and reliable with great compression retaining original quality.,Very fast microUSB for GOPRO Hero 6 and my DJI Spark drone. This plus it comes with the Samsung adapter to transfer files to my computer. The compression is really good retaining the original file quality. Come to think of it on a week-long travel to a destination I have never ran out of 128GB of recording space unless I am recording 4k the whole time which is rarely the case. I always make sure to keep a hard drive with me to transfer all the files as backup every night of my travel. So essentially I keep 1 card in my gopro and one in my drone and take backups every night. Hope you like your purchase.
5.0,Fast high capacity memory card at a great price.,"I have used this card in two devices successfully. Samsung Note8 and Canon Rebel T5i. In my tests, the card is fast for transfers and I notice no delays when accessing content on the SD card vs internal memory."
5.0,"Seems legit, works fine",Samsung 128GB 100MB/s (U3) MicroSD EVO Select Memory Card
5.0,It's a MicroSD card,"Samsung is the undisputed leader in Solid State Disk Drives. The company knows about computer memory, no doubt. When I found this to be available sooner, and at a lower cost than Sandisk, I was a little excited. Well, just a little. It's a MicroSD card after all. Did I put it through it's paces and test real world throughput against the competition? No. Did I set a script to hammer one address with continuous reads/writes to test longevity? Of course not. Did I use an editor to test their software's effectiveness at limiting writes to any one particular cell? Seriously? No. I installed the card in my device and verified it works. Done. I'm sure 90% of those reading this would do exactly the same. For that large percentage, I can vouch. For those that want to test the throughput, great. For those that really want to go crazy, more power to you. I'd love to read your results. For me, the card performs as expected, is a trusted name brand, readily available, and at a fair price."
1.0,Not even vaguely high performance,"Installed it in my phone, the phone formatted the card and immediately popped up:"
4.0,Superb card for the right price,"I got a 64GB Samsung EVO card free with another GoPro that I bought recently. Up until then I only had experience with the San Disk cards, which for the same size are slightly more expensive. They too are excellent, so I never looked at another brand. You really don't want to skimp on SD cards if your footage is worth something to you."
4.0,Works better than Arlo,I can't give this product five stars yet because I just received it yesterday. I'll come back to this review at a later date and give it five stars if it deserves it.
5.0,Love this card for the price!,"I bought the 128 GB USH-3 card for my phone to use as internal storage. (Moto E4) Previously I tried doing this on a UHS-1 class card and I got a warning message saying apps would load slowly and such. Not the case here and I can confirm there hasn't been any lag, slowdown, or issues with the card and/or phone since doing this."
2.0,It would be cool if people could pick a unit to standardize on,"I just ran an SD benchmark which reports 73.59MB/s read, and 38.99MB/s write, on my LG G6.  Which is less than half the write speed in the product description:"
1.0,"Corrupted after 6 months - ""READ-ONLY"" permanent lock","This is already 2nd samsung SD card with the same problem - after several months of use the card becomes ""Read-only"" - I was using it with my Samsung Galaxy Note 4. So phone shows it corrupted, PC allows to read from it, but cannot write anything or format it - shows ""device unavailable"" error. Even though Windows at first shows it as writable, and pretends that it actually saves your file, but when you unplug the card and insert it again - you find out that none of your changes were stored."
2.0,Issues in my GoPro Hero 5,"I bought this for my Alaskan motorcycle trip using a GoPro Hero 5. Initially the GoPro accepted the memory card and would record without issues. However, after using it a few days I started to get a card error message. In fear of losing my footage I went back to the 64 GB model."
5.0,Working well,"I've used several cards over the years from Pioneer, TDK, SanDisc, PNY and Lexar. I've recently turned to Samsung due to cost and availability. Cards have all lived up to the expected spec for a 64GB card. After hard use, card continues to perform like a trooper. In my camera, it's repeatedly shown that it can take data nearly as fast as my camera (burst mode) can send it.  Caution: read speed decreases depending on GB size. The 32GB version is only (upto) 20mb, 64Gb is only 60mb while the 128GB gets the 90mb. Perhaps someone from Samsung can explain why. I don't see it becoming an issue for me with my current equipment, but it may be for others. Price difference is low enough that you could just buy a larger card, and only half use it to get faster write speeds."
4.0,The micro card is flawless but lost many gbs.,"I like this little 128 gb micro memory card. It's working flawlessly without any problems and the copy/paste rates were lightning fast that it almost reaches 95mbs. I have two other Samsung 64gb & 32gb micro sd cards for my other phones and they were good and lightning fast. I love the Samsung brand because they're good and durable and reliable but be aware! I used to,there are lots of the fake Samsung micro memory cards on the market which are unbelievable cheap but hiccup after a few weeks of use then die without any reason and be careful of those unname micro sd memory card too! Besides the good the Samsung micro sd,It's also the bad. It's not like the advertisement said and that's why I took off one star. This is a Samsung 128gb but when install to the phone or on the pc it's only 119gb. Where are my other 9 gb ? Are they gone with the wind ? The Samsung 64gb that only 59gb and the Samsung 32gb only 29gb. I re-formatted the cards several times and delete the little notepad like files but none of these methods help. I understand that almost all of the micro memory cards must have lost a few gbs for some embedded set up programs but not volatile a huge almost ten gigabytes like this card."
5.0,"Sooner or later, you're going to need more storage space on your smart device",I had been thinking about upgrading the amount of storage space in my Samsung Galaxy S8 Plus.  The onboard storage space is just not enough in this day of Instagram and other forms of social media. Add to this the seemingly endless personal and work-related apps that are needed just to stay relevant and functional on a daily basis and inevitably you will have to upgrade.
1.0,"Not as Described--Careful with Items Listed ""Like-New""","This SAMSUNG EVO 128GB  card came with no packaging, and was obviously a fake based on it's all white card backing and no other markings.  When looking at it through Crystadisklmark, it had read speeds into the 70/5/5/5 rating as opposed to the high 90/8/90/6 as shown through some of the other reviewers comments.  Write speeds were abysmal too.  Also, the card read as a XCSD as opposed to a Samsung card, with no manufacturing info anywhere in the properties section.  I'm sending it back, and purchasing another, but am weary of Amazon being able to distinguish between selling real and fake cards."
1.0,Deceptive advertising: only 27.5MB/s read 23MB/s write,"Specs:  128GB, 100MB/s read & 90MB/s write."
5.0,This is the real MicroSDXC memory card sold and serviced by Amazon.,"Using it in a 12"" Samsung Galaxy Book."
5.0,Quick Replacement Policy,"I have purchased this card 3 times before and have had no problems with it.  I purchased a 4th recently and when the card arrived it would not work.  I tried it in several items, including ones which already had the same SD card installed, and it would not function.  I contacted Amazon and they sent me a new one, which I received in two days.  They also had UPS pick up the failed one for return shipment.  The new card functions fine.  It is great to deal with people who stand behind what they sell.  If you need a SD memory card, you can't go wrong with this one."
5.0,Perfectly little SD Card for my 2017 Surface Pro- i7/8GB/256GB!,"This SD card is being used as a backup to my 2017 Surface Pro. I had a 256GB SD card prior to this one but it's memory is completely full and I had to find another one. The read and write speeds are quick and they don't require that you reformat your SD card before using it. All you have to do is plug it into any computer/laptop/tablet and it will work right away with no problems. With this SD card, it now gives my SP 512GB of storage on top of my 1TB of OneDrive that I use for work purposes. I also bought a case to house all my SD cards bc I have a lot of them."
4.0,Good mid-range card for prosumer level electronics!,"Good mid-range card for prosumer level cameras, drones, camcorders, phones, tablets, etc. Certified UHS Speed Class 3 (U3) for sequential write speeds of 30MB/s or better which should be enough to record 4K footage depending on your camera's specs. For a better understanding of what that means see the attached chart. I specifically bought this for my DJI Mavic Air Drone to shoot 100Mbps 4K footage as well as 120fps 1080p footage and it works flawlessly. I'm currently getting 71MB/s ready and 58 MB/s writes in real world testing when connected to my 2016 MacBook Pro via a USB-C SD card reader. From my research this is the same card as the Samsung EVO Plus, but just rebranded as EVO Select to be sold exclusively on Amazon so performance should be similar to that card, but for a fraction of the price."
4.0,It seems fine,I quickly tested after receiving it.
1.0,Samsung 64GB EVO flash card cannot be read --> goes in the trash-bin!,I waited 1 1/2 months to use this flash-disk only to find that it was unreadable/dead.
3.0,Dead after 6,I've been using this card in my Samsung S8 for about 6 months now and I can report that the card works great and is quick enough that it doesn't slow anything down on my phone.
1.0,"Slow, felt like a counterfeit product","Received my shipment on 09/29/2018, but the card is slower than my 3 years old Samsung pro-64gb after using it in my dashcam because the videos taken with this card aren't as smooth as before. I took a picture and look into the printing in the back of the card, please pay attention to ""Made in the Philippines"", you can obviously see these fine printing aren't as clear as others. I am unsure if I bought a counterfeit card or a Samsung genuine product which was shipped and sold by Amazon."
1.0,Yikes might have received defective 256GB one,"I'm uncertain whether the one I received was defective or not, but it constantly unmounts by itself and restarts my phone when doing so. I've had calls ended abruptly because of it. The speed definitely isn't what adverised either. The writing is half, 50 MB/s at peak. I was hoping for a trustworthy 256GB Micro SD, I normally trust Samsung with them because of good prior experiences. This was unfortunate."
4.0,"A good value, with a caveat... in my opinion.","Edit 12/27/18 : I ran Crystal Disk Mark and although the R/W did improve for that particular test... it wasn't much, especially the read which is way below spec, write is just fine. I wonder what file type it actually reads up to 90."
2.0,"Not impressed, constantly needs to be remounted or reboot phone...","I first bought a 32GB  Sandisk SD card & it worked great with no problems in my new Blu Life One phone. I decided I wanted more storage & this time opted for a Samsung 64GB. Normally I have nothing but good to say about Samsung products, but this is the first Samsung SD card I've ever had & I have to say I'm not impressed. The first one I got I had to send back as it didn't reflect the entire 64GB of storage when I installed it. Amazon, with their usual great customer service, replaced it with another, & while it shows the correct storage, my brand new phone keeps telling me the SD is not working properly & to remount it plus nothing seems to want to save to the card. I'm hesitant to try & force things on to it as it might get lost. So I'm just biding my time & keeping an eye on it to see if anything changes for the better (I anticipate just going back to my other SD card & trying this in my camera, see if it does any better there). I've since learned if I just reboot my phone it'll fix the problem temporarily but I've had to do this multiple times. It's frustrating to say the least. If I put the Sandisk 32GB back in it works fine so I'm inclined to think it's not the phone. Needless to say, I'll be sticking with Sandisk SD cards in the future."
5.0,Why compromise with 64 or 128 when you can get 256 at a bargin?!,"Samsung MicroSDXC memory cards are by far among my favorites when it comes to memory.  While I've used other brands before, I found Samsung memory cards to be effective, resilient, and consistent both with read and write speeds.  I recently just picked up the 256gb card for myself to replace my old 128gb class 1 micro sd and I saw a nice bump in performance between the old 128 gb class 1 to the new 256 gb class 3 card."
5.0,This card works great in my 2017 model Samsung Galaxy J3 Luna Pro 4G LTE.,Just a note to let you know that this card works great in my 2017 model Samsung Galaxy J3 Luna Pro 4G LTE.
4.0,Excellent for Gopro Hero 6,1st time I buy a non sandisk in 6 years. (128GB version)
5.0,Samsung is my go-to brand for MicroSD and SSD storage,"My Samsung 128GB MicroSD card has been working great without any issues.  Samsung has really become my go-to MicroSD and SSD brand over the last couple of years.  I have had multiple failures with both SSD and MicroSD chips from one of their main competitors, but thankfully never with any from Samsung.  I highly recommend Samsung, particularly in the solid-state storage category.  I even had someone from my IT department suggest Samsung in these categories as well, even before I had mentioned my preference or thoughts on the subject.  When it comes memory storage, reliability is essential, and Samsung thankfully seems to consistently offer this reliability in their solid-state storage devices while maintaining very reasonable prices.  Do your research, but from my experience, Samsung is definitely the way to go when it comes to solid-state storage."
1.0,Something isn't right...,"Got the 128GB and put it in my new Lenovo tablet. During setup it asked if I wanted to use the Samsung SD csrd as internal memory and I did. Was surprised when it said the card was slow but continued on. After setup I checked the storage information in settings and two things stood out. The first was the nearly 131 GB of memory already used. The second was the ""of 256GB."" The packaging and the card both say 128GB and not 256. Even then how is 131GB used right after formatting the card? I get that Android transferred some data from internal memory to the card but given that the tablets internal memory capacity is 16GB and 11GB is still being used after the transfer I have a hard time believing 131GB worth of data was transferred and uncompressed. In fact, pretty sure it said only 209MB were being transferred during the setup process. Is this fake?"
5.0,Forget Amazon tech support.,"This card shipped fast & works great now that I figured out for myself how to install. Two Amazon techs, a Motorola tech and a good hour wasted because evidently none of them had ever installed an SD card either, and didn't know the key for the card on a phone needs to be pushed hard, not ""very gently"". Motorola was the worst: I was told the NEW phone was defective and would have to be returned. Finally googled a tech site where others had same prob with this model phone & techie's answer was to push the key harder than you think you should. Hey, since I'm now officially smarter than two of his techs, when is Bezos gonna hire me?😋 Anyway, good card, but tech service needs a lot of work. God forbid you should run into an actual issue when you install yours!"
3.0,Has issues with Galaxy S8,"I am a lifelong fan of Samsung and their products.  This is actually the first product of theirs I haven't given five stars.  The problem might not be with the memory, but the phone, but I can't tell yet.  I bought this memory so I could have more space on my phone to film concerts.  After a day or so, I noticed my phone started restarting and glitching quite often.  I searched the forums and talked to customer support, turns out it was the memory.  Once I removed the memory, my phone acted right immediately.  I'm going to attempt to use this is another device to see if it I got a defective one."
5.0,This is the real deal!,"As of May 2019, I saw it was a good time to purchase the biggest external storage to expand my mobile device as I will be travelling abroad soon. I purchased the Samsung EVO Plus 512gb memory card last week, but noticed several things about its authenticity. I used a program called h2testw to verify the memory card and it ran all night just to show me at least 200gb of it is dead. Quickly returned that and get a refund."
1.0,Faulty chip.,"Faulty chip. Causes any phone or tablet I put into to freak out. It worked well for about 7-8 months then one day my tablet wont start. I read that sometimes the micro sd card is the problem. So I take it out and presto the tablet works once again. To test it out I put it in my phone and guess what. That's right you guessed it. Phone wont start, wont charge. Take it out and everything is good once again. Samsung says too bad for you. We'll happily sell you a new one."
5.0,Great for Nintendo Switch,"Bought this for my Nintendo Switch. It's a very good card, writes and reads at high speeds, and enough storage to last a while. It's actually noticeably faster loading than my previous SD card. I'm very happy with this purchase, and it's a good price so when I need more space I'll order this again."
5.0,works for me,"I have a Nikon D7500 that has a max 8 shots per second capability.  I'm not a pro photographer, as evidenced by the photos I took.  I bought the Samsung SD cards because they were cheap, I can take 1000's of pics on one 128 GB card,  and previously I bought one for my cellphone and it worked.  I use my D7500 to take sports pictures in low light environment (high school gyms).  So enough with the background lets move to the Samsung 128GB 100MB/s (U3) MicroSD EVO Select Memory Card with Adapter (MB-ME128GA/AM) review:"
3.0,Samsung utility show that it's genuine but the read and write speed is 1/2 the advertised speed!,"The Crystaldiskmark is only showing 1/5 the advertised speed. I tested both the 256 GB card and the 128 GB card. Then I tested it on the phone since I suspect there is something wrong with the Crystaldiskmark. The A1 SD utility app was useless. So I test copied some 4k 7 minute footage that was 2.81 GB. It transferred from my internal storage on my note 9 to the 256 GB card in 72 sec for a rough speed estimate of 40 MB/s. This should be fast enough for 4k 30fps since that was a 7 minute footage and the write speed seems to be about 6 times faster than the actual recording. I then test it with an old and probably fragmented Sandisk 200 GB card and the same transfer took a whopping 325 secs, 4 times slower. So I guess it is a decent card for $45(256 GB). So don't trust the Crystaldiskmark and test it on your phone by transferring some 1gb or 2 gb files."
1.0,This is complete trash!!,"This is not a new product.  It had twelve random partitions on it already, and one was a microsoft partition???"
5.0,Two out of three ain't bad...,I got three of these microSD cards as part of my order.  One for my parents each and one for myself.  They have a maximum capacity of close to 59GBs I think.  This is purely for the file system on these cards.  So you're not being ripped off by far.  I don't think you can put 4+ GB size files onto these cards if you're wanting to use these cards for large files.  If you want to use these cards for such a purpose you're much better off getting a 64 GB or bigger capacity flash drive instead.
5.0,"Fast, versatile, reliable, and backed by a 10-year warranty","I bought this as a replacement for a Sandisk micro-SD card in my phone that had begun acting erratically.  I can't really blame it, the card was over five years old and NAND flash RAM doesn't last forever."
5.0,Best of the best,"I own 1x 64 GB and 2x 128GB Samsung mSD EVO Select cards. They are the best for the price and fast performance. There are faster cards like the EVO Plus (orange/red color), but they do cost more. I have not got a defective one yet. I recommend you buy these cards from Amazon.com because some 3rd party sellers can sell you a fake or counterfeit mSD card. Google "" h2testw_1.4 "" and download the application. This is use to detect if your memory card is a fake or defective. What it does is writes data to your 128 GB memory card until it gets full then verifies the data. It takes about 1 hour to complete if you use a USB 3.0 memory card reader. It should pass with 100% without any errors. If you get an error, let the memory card cool down first before formatting it then redoing h2testw_1.4. If you get an error again, you need to return it as soon as possible before the return window closes."
1.0,4 Cards DOA??,"I got 2 cards, neither was detectable in on my computer, printer, or ip camera.  Actually to be specific, one of them was detected after a few MINUTES in the computer, but I was never able to get it to respond enough to format it (I thought that might have fixed it).  I did a back to back test with another micro sd card that I already owned, and it worked fine, as expected.  Amazon sent me 2 replacements - same thing, tested on 3 different devices, to no avail.  Extremely strange..."
5.0,Huge Storage with great performance at a great price!,"My favorite thing about this microSD card is how large the print for the capacity of the microSD card. If you only have one and put it in your phone this won't matter, but having 3 GoPros all they way from my original Hero3 to a Hero6, being able to easily see the capacity of the microSD card is great! Check out my attached picture to see how much easier it is to read the Samsung vs the SanDisk!"
5.0,Samsung delivers yet again with this 32GB memory card.,"I don't understand how Samsung can sell this 32GB micro SD card for the insanely low price of $12.99?! No complaints from me, as this card is perfect for adding more space to your smart phone, tablet, digital camera, etc. This card has lightning fast transfer speeds, boasting 95mbps and 20mbps write and read speeds respectfully. This card is compatible with all micro SD devices and regular SD devices with the included card adapter. With an extra 32GB of storage, you no longer have to worry about your memory running low, so feel free to add or install whatever apps, movies, songs and anything else your heart desires. The card also offers 4 point protection, keeping all your data safe from water and other environmental hazards. Just make sure your device can accept the 32GB storage expansion and then you are good to go! I don't know how my phone got along without this card before I got it, I highly recommend you consider this card as well."
3.0,Works well but fake serial number tried to register and samsung would not allow it so be warned no warranty!,Great product but fake serial number so no warranty works well as stated but you cannot register the product for a warranty they really get you here I think from now on I'm sticking with sandisk they have a much more fair warranty process and they also have lifetime warranty as well and come to think I could have got it for around the same price or less even wow!
1.0,Didn’t work,Not sure why but mine didn’t work so I threw it away. New S9 wouldn’t show it being available so I figured even though it was a new phone I might as well put it in my pc and see if my phone was just defective but luckily it was just the card. No noise nothing. As if nothing had been plugged in. I’m pretty sure it’s too late to get a refund especially since I threw it away just be sure if you get one to check it immediately once it arrives
5.0,"Lots of storage, faster, and much cheaper per GB than my replaced 2  year old card","Technology marches forward, capacity increases, and prices drop."
3.0,Great until it gets warm from your device,"At the price point of this MicroSD card, you cannot​ go wrong. However, I want to make sure I cover a couple of items that may matter for some of the folks who are buying this for their dash-cam or Microsoft Surface."
5.0,If you are looking for a fast and affordable Class 10 microSDXC card...This one is a good value.,Got this 
5.0,A Miniature Storage Behemoth,"Replaced a 64GB memory in my Galaxy S9+, of the same brand just not extreme."
1.0,SD Card started to save all mp4 files as mp4.raw,"I purchased this SD card August of this year. This week Oct 28th all videos are being saved with extension file .mp4.raw. Program VLC cannot open the file extension for nothing in the world. I saved the file to my desktop and ran a few programs to see if I could restore the video with no luck. I renamed the file by removing .raw and this does not work. I formatted the sd card back to FAT32, as this is the only format allowed on my Cadillac ATS V to record on my PDR recorder."
1.0,Terrible...DO NOT BUY!!!!,I cannot select zero stars or less.
