ratings,rev_head,revs
3.0,Super Device Works Well But With Serious Glitch,REVIEW UPDATED 7/6/2017: 4 Stars reduced to 3.
1.0,Disappointed.  It’s faster to boot my computer and run a full backup than to use this unit.,"The idea is a good one, but it does not fulfill the promises of the product description.  Using on an iPhone 7Plus running latest iOS (11.4).  The phone recognized the drive and promoted download of the app.  App runs, drive recognized.  It’s the actual backing up of my photos (which is why I bought this) where the unit fails miserably.  The full backup acted like it was happening, but had copied no photos after it said it was complete.  Ran it again, copying 756 photos.  20 minutes pass of leaving the app active (can’t leave the app...if you do it pops up a notification reminding you to return to the app so it can run the backup)  still no progress."
1.0,Doesn't Work With iPhone X,"Bought this for my iPhone X, plugged it in, but kept getting a ""Failed to Connect"" message. I got on SanDisk's online chat and after a half-dozen pointless (as it turned out) questions, the technician told me this was a known issue and to return it to Amazon for credit. Well, it works fine with my iPad Mini and with my wife's iPad Air so I'm going to keep it. I've been buying SanDisk products for as long as they've been around and this is the first time I've ever been disappointed. If you own an iPhone X, don't make the same mistake I did."
4.0,"Nice idea, but needed tech support to help fix a Mac issue","** Update July 26, 2016: SanDisk support was able to resolve the issue with secure files on the Mac.  The solution involved formatting the iXpand drive and downloading the latest version of their SecureAccess app.  I've updated the rating from 3 to 4 stars.  The original review follows..."
5.0,Easy to use and effective way to free up space on the iPhone.,"Easy to use and effective way to free up space on the iPhone. The purpose this was purchased for was to download just over 3000 photos from my wife's phone and not have to purchase more space on the cloud. Very easy to use, just plug it in and it has you download the mobile app then it asks to set up auto back-up feature. Very quick download speed which was a surprise. I was able to then remove it from the phone and plug into my laptop and transfer the photos and place them where I want."
3.0,works less and less,"It 'works', but takes much patience.  I've not had much problems with SanDisk products before.  That's why I chose this iPhone thumb drive over other brands that I wasn't sure about.  I got this drive to move pictures and videos from my iPhone to my computer and that's the only think I used this for.  It fits on my iPhone, even with an Otter Box on it, no problem.  But if I try to move several photos/videos at a time..like a whole month, it tends to get hung up and I have to remove the drive and reset it.  And sometimes even with small batches, it has to be removed, close out the app and restart the app and replace the drive."
1.0,"Big disappointment. Great idea, but VERY BAD PRODUCT and SUPPORT","Big disappointment. Flash drive was working just fine on very short time, but then at one point started to hang up in the backup process. Contacting to Sandisk tech support is a torture: they are very polite and ""understand"" the inconvenience and then keep calling you asking for the proof of issue, then logs, then pictures again, then logs again until I gave up on getting help from them and asked to stop calling me anymore. I think their philosophy is pretend that they can help and make you forget to call them next time to avoid annoying  questions ."
1.0,If you like telemarketers and if you like peeping toms you will love this.,Strongly dislike.
1.0,"Useless product, save your money, this item stores NOTHING BUT 32GB OF HEADACHES","Useless product, its caused me nothing but headaches since i got it (3 days now)."
1.0,who might be able to handle such a thing--though I fear that's a waste of time because this thing is probably dead dead ...,"Bought the 128gb less than a month ago and am heartbroken to report that the flash drive is not showing up on my mac laptop, my husband's laptop, my tv or my iphone 6. I just spent half an hour googling ways to fix this thing and another 30 min chatting w/ amazon tech support. OHHHH. Whhyy????? I chose ""SanDisk"" because out of the dozens of similar generic looking products, I recognized this brand. But to my shame and stupidity. I'm so upset. I just moved a bunch of my kids home videos to save room on my laptop and iphone. I am feeling really low. I would prefer to recover the data before I mail it back to amazon so I'll need to spend another hour reading yelp reviews for tech support here in L.A. who might be able to handle such a thing--though I fear that's a waste of time because this thing is probably dead dead dead. But I'll probably do it anyway and pay $100 or more. It was great for the three weeks it lasted. But I would never buy this again or from this brand again. I feel like a limb's been cut off or something.... If you don't want your heart sink, don't buy this thing!"
1.0,The App sucks,"I'm assuming that if you're buying this it's to use with an ipad or iphone. As soon as you insert it in you're going to be prompted to install the ixpand app. Well the app worked for a short while before I couldn't move any files and instead I was getting a message that said ""Operation failed, please try again later."" I figured the drive was bad so I returned it to amazon and got a new one and the same exact thing happened. I contacted sandisk and their solution was to only copy a few files at a time. Well I tries copying one file and it still didn't work."
5.0,Great Item!,"I went the cheap route and bought a 16 Gig IPhone 6. Big Mistake!!! Now it is clogged with well over 2,000 pictures. With only a few other apps I was already running out of storage. Enter the SanDisk iXpand. I downloaded the free ap from the Apple Store, plugged in this flash drive and downloaded all my pictures to it. I set it up to automatically transfer any new pictures I've taken each time I plug this flash drive into my iPhone. It is small enough to keep in my purse should I need to retrieve some photos. Easy-peasy."
1.0,Purchased this Flash Drive because it was recommended by an Apple Store Affiliate- Mac Made Easy,Purchased this Flash Drive because it was recommended by an Apple Store Affiliate- Mac Made Easy.  Drive is BAD!!  I returned one because it failed after 6 months then the replacement got extremely hot and it is being exchanged.  The files that are downloaded are given file names such as 1A82DAEB-F1B0-4E00-BA1A-F34EFDF1C313$L0$001~photo.JPG and is not put in numerical order. For example next picture file is 1F708F03-61F4-4618-A18C-FBF69B9A7484$L0$001~photo.JPG
1.0,Does not work with iPhone X.,"Was initially very happy with this purchase, bought this in June and it worked fine with my iPhone 8. However, I took this with me on a recent trip to Australia and plugged it into my new iPhone X and I get an error message stating that the copy photo function is not compatible with my device. Then I’m taken to some warranty form which requires me to upload photos of my Sandisk and proof of purchase...which I am not able to do since I cannot transfer photos from my phone to the device, and cannot access the form without the device plugged into the phone.  I haven’t found a way to access the form on my laptop.  If there is a solution someone has found for this please let me know. Very frustrated since I now have a $98 useless usb stick."
2.0,Do Not Buy - Copied filenames are not as expected and do not sort in the order that they pictures were taken.,I am returning this product. You should not buy it because of SanDisk poor customer support.
1.0,garbage,"Don't waste your money.  The designer didn't really figure the tight space you have to work in on different cases.  With that said the connector that curves around from the USB connector to the iPhone connector will not bend without breaking.  It also puts stress on your Phone if you don't line it up exactly right when putting it in or taking it out.  Also, did not pull up the correct app when plugged in, it just gave numerous choices for different apps.  Shop around before you buy this item."
4.0,WORKS WITH MY OTTERBOX CASE STILL ON PHONE!!! yey!,"I got this flash drive in the mail yesterday and so far, I am loving it!!! I gave it 4 stars instead of 5 because there's no cover for the USB end which would be nice to keep dust and lint out of it while it tumbles around in my bag but besides that, it does what it advertises. I ordered a more expensive drive a few weeks ago and was disappointed because it wouldn't work while my iPhone case was on (it had specifically said it was made to work with cases on) This flash drive worked like a dream with my Otterbox case still on the phone! It downloaded the pics A LOT faster than my other wifi methods of backing up pics. It worked perfectly when I plugged into my computer and could see my files.  The only thing that I didn't like but it's no big deal is that the pictures group by month so it's a bunch of subfolders by month instead of just one file of pics. No biggie, that's just a personal preference of mine. Some may like that.  I bought this for myself but am seriously thinking this would make a great gift for my sister who's daily life causes her to use her phone camera all the time as well."
1.0,Great idea if it actually worked...,So I bought this after having so much trouble with the small amount of gigabytes I have on my 16gb iPhone 6s thinking it would be a brilliant way to not upgrade to the 7 just for the higher storage rate of the newer phones
1.0,Will not copy files from laptop to iPad...,"Contacted SanDisk, since I could not figure out how to transfer files directly to the iPad. Have no need for photo transfer. The idea was to transfer business files to the iPad, so I would have important documents when traveling. I am not trusting these files to a small flash drive, that is much easier to lose than a 9 inch iPad."
2.0,Cannot play high-quality video files due to lack of audio codec support by Sandisk! Beware if buying to play videos!,I bought this flash drive to play movies on my iPad when I am traveling.
4.0,"Works with iPhone X, transfers photos lightning fast.","I was weary when I purchased the device because other reviewers said the software was not compatible with iPhone X and the lightning connector was not long enough to be used with cases. This may have been true at the time of their review and with the cases they were using, but as of this writing the iXpand software is working perfect on my X and the drive connects with no problem with my Spigen Liquid Crystal clear  case completely on. The iXpand software is easy to use and copying photos from the X to the drive is lightning fast. I like that the app has an option to auto delete the photos off the X when the transfer is done to free up space. I included some photos of my X with the drive attached; felt very secure."
5.0,Awesome! But be warned! Keep all iOS videos separated in folders if you delete files after import!,"My sis and I visited my cousins in Cali, and she decided to vlog her trip. We both used our iPhones (6+ and X) to capture footage daily and our captures to the iXpand drives at the end of the day. One thing we realized (too late) was that you should create separate folders before importing videos to the same folder and deleting your videos from your iOS device. Once you delete the videos from your iOS device, the photo/video file naming convention will resume from the last picture in your photo library and if you import to the same folder from your previous import, it will overwrite whatever file has a similar name. Sis lost some footage this way."
2.0,Constantly Stalls During Backup of Photos,"I've had this thing for about 6 days now, and I'm still trying to back up the photos on my iPhone 7. Of the 3,000 or so photos, I'm down to the last 1,000, but it hasn't been easy at all! The app seems to stall constantly. The progress will show files being backed up - sometimes I'll get up to 300 or 400 before it hangs. Today, it's hung up after TWO files being backed up. I'm constantly having to unplug the thing, quit the app, and start over. I'm wondering if I'll ever get through all my images and complete this backup."
1.0,Won't plug into my USB 2.0,It has a USB 3.0 port and it won't plug into my USB 2.0 port on my PC.  USB 3.0 is supposed to be backward compatible to 2.0.  Luckily I read a 1 star review from someone who had the same problem.  Even if they fix this problem they are really missing the boat!  I can back up my photos to a PC but I have 30GB of iTunes songs that I would like to put on this device.  They should let you copy iTunes Media from my PC and write an app that acts like iTunes and let's you play your music via the playlists you have already created in iTunes.
3.0,"Works for photo transfer but beware, slow performance unless you do this.....","Tried it right out of the box and it was painfully SLOW to upload photos from iPhone. Minutes for each photo. What? So I Googled why and somebody said make sure your iPhone is not connected to ICloud.  I disabled ICloud ( which I think is defaulted to ON) Go to settings then tap your profile at top of page. Then go down to ICloud and turn it OFF for photos. Once I did that photo transfer was fast, as expected. It's a little fragile so handle it with care."
1.0,Stopped working after IOS upgrade,Was working fine on my iPhone 7 until Apple updated the IOS. It has not worked since and customer service all have hard to understand thick accents but they finally acknowledged it had to do with the IOS and promised me a call back which never happened. Be forewarned before you buy this.
1.0,256GB Model is overpriced mess!,"This is an overpriced mess...I am normally a Sandisk fan, but this is a huge disappointment. Too hundred bucks for an iOS flash drive that suffers from a number of problems:"
5.0,PRODUCT TO GET!!!!!,"This product is completely AMAZING!!. It does an automatic photo and video backup or do it manually. I currently use an iPad Pro for school for school and so to save space or to give a friend class work, I use this ixpand drive to save PowerPoint's and Word documents. That was the a big plus for me..."
5.0,Backup and/or move data from your iPhone.,"Bought it for my 13 year old daughter who has an iPhone 6. She was able to make it work in no time, with no problems. Simple and easy to use. Now she can backup and/or move data from her phone to an Apple or Windows PC, or just leave it on the Flash Drive."
3.0,Disappointed!,"I just bought the SanDisk iXpand Flash Drive (February 26, 2019). I was thoroughly disappointed to discover the following problems:"
1.0,"Amazon made the return very easy, so that went well","took up two days of my life, never worked, went through all the troubleshooting with online support at Sandisk, was determined that my unit was defective.  Amazon made the return very easy, so that went well. I really had high hopes for this. I told Sandisk they need better QC.  Why not test these before you package."
1.0,This is a flakey piece of junk. When I ...,"This is a flakey piece of junk. When I got my iPhone 8+ I went do back up new pictures, it suddenly didn’t want to play anymore. It still backs up I pad, however I don’t keep it in my pocket. It knows it’s not compatible, so it takes you to a form. That’s when you start to fall down the rabbit hole. You fill it in it asks for photos or the departed drive. Then crash you’re thrown out. You try it many different ways to send photos CRASH AFTER CRASH.. of course without any your form doesn’t go anyplace. First issue I’ve had with scandisk, but with backing up once in a lifetime events don’t risk it. They don’t upgrade firmware I guess and customer help will not help."
3.0,"Great for backing up photos, unworkable for storing and playing back movies!","I REALLY wanted to like this product.  My wife and daughter were heading on a transatlantic flight, so my plan was to fill the IXpand drive with movies for them to watch on the way.  Unfortunately, my plan was quickly foiled when I realized the drive is formatted as a FAT32 device by default.  This means you cannot save any file larger than 4GB.  Most of the movie files were much larger, so I was unable to copy them."
1.0,Should have listened to reviewers!!,Sandusky iXpand 64 GB:
4.0,May take awhile if you have 40 gigs like me...,"I bought this to transfer all of my videos from my phone to an external source so that I can have them backed up in several places. The good: it did transfer all of my videos, the bad: it took foreverrrrrrrrrrrrr. Granted, I have over a thousand videos but it kept freezing and then I'd have to unplug and plug it back in and then start again... I am persistent and determined so after 3-4 days of working on it I got it completed and now I'm happy because I have all the videos from my son's birth up to now (19 months) and that's  A LOT of important memories that I just don't want to lose."
5.0,Great item,"I took a change on this because iPhone 😫 kept annoying me saying it was full. I purchased this little item when it was on sale for about thirty dollars. Downloaded the app and off I went. Transferred over 500 pictures and videos plus some documents and only used about two gigs. Amazing! How is that it used so much storage on my phone? Anyway, the iXpand flash drive folds over on itself so it helps keep it safe. I keep it in my purse because I lose everything. I would much rather use this to transfer my photos for a backup and later back up to my computer for a second backup. Also you can transfer documents and it says you use fbd iXpand to back up your phone although I have yet to try it. I was just amazed that all my pictures transferred so easily. You can also delete the pics off the iXpand using your phone if you decide you don’t want to keep them. I would recommend this product for someone with little knowledge of these kinds of products because it was fairly easy to use. I have never used one before and was able to easily figure it out."
5.0,If you have lots of pictures...,"If you have lots of pictures then this will take you awhile. I got the 200+ GB version of this cause I had lots of pictures. About 13,000+ MB worth of them. This didn't even fill out 5% of that which is awesome but it took me quite awhile to get it all on there. I had to figure out that you have to clear the cache or whatever to really do it all (cause I'm not super computer savvy for a 30 year old it took awhile) but the next morning I freed up all of my pictures so now I don't have to see the dreaded ""Storage Almost Full"" notification I get on my iPhone constantly. Like for real my phone hasn't been this free since I got it. So if you have the time and the patience then I suggest this for sure."
2.0,Poor execution,"Got this to test the ease of which I could send photos collected over the years to several family members and have them quickly and simply transfer them to their respective iPhones.  I found the process to be confusing and not easy for most non-technical users to locate photos on the drive and move photos/videos to their phone. I purchased the Verbatim ""Store 'n' Go driven found it extremely simple; I just ordered nine more."
3.0,Caution Mac Users,"I bought this drive to use as a file holder for my iPad Pro - attempting to replace a laptop for most uses.  Initially worked ok.  However, after a little over a week - would not be recognized by my iPad or iPhone.  Still see the files on my Mac (and a PC).  Contacted Sandisk and the recommended updating the firmware.  Here's the caution - the Firmware update software is ONLY available for a Windows computer.  Go Figure???  So, I'm sending it back to Amazon and will try one more time."
1.0,This product is a piece of junk and their customer service is worse.  A WASTED 100.00 DOLLARS. KET KINGSTON INSTEAD,This product was defective from day one but I became ill and did not get to return it to Amazon. t  So I sent it to Sandisk on October 25th and they received it 3 days later.  It is now November 15th and each time I contact them they say the replacement will be shipped in about 3 days.  Well there have been a lot of 3 days gone by and still no replacement and now they are not corresponding at all.  I have since bought a Kingston drive and it works perfectly out of the package.
5.0,This is a must if you do not want to store documents on cloud storage,"I have an iPad Pro.  Microsoft Fanboys will tell you that the iPad Pro is not as functional as a Surface for work production.  I think they are generally correct.  However, this flash drive solves a lot of those problems.  I use my iPad Pro for work.  My employer does not want me to save confidential information about our clients on any type of cloud storage.  I often have to save PDFs, MS Office documents, and video on this thing to transfer the information from my work PC to my iPad Pro.  The way ScanDisk bent the lightning connector over the top of the USB connector is weird.  I do not understand the point of that.  Otherwise, no complaints.  You should know that this has its own software program to make it work rather than FAT32."
1.0,Good for photos - Only,Don't let your imagination run wild because this flash drive only works with the camera ONLY!
1.0,Does not fit normal USB port!,Just got mine from Amazon and it does not fit any USB port.
2.0,Unreliable,"I’m updating this after receiving a replacement. The replacement works erratically. The replacement backed up 800-something photos in about five minutes, then stalled and crashed/closed. About four minutes later, I got a new prompt asking me to let the drive access my photos. I clicked yes. It backed up another 300-something photos, stalled again, and went to the home screen. After another couple of minutes it started copying files again. After about 800 more photos, it slowed down to a crawl.  It took about 15 minutes to copy the next 200 photos. Then it sped up again and copied another 200 photos in about five minutes. Then it backed up for another ten minutes, stalled, lost the counter, and started backing up again. This process of stalling, stopping, and restarted continued. It does eventually back up my photos, but it takes forever.  Either the app or the firmware needs a serious upgrade."
1.0,DANGEROUS - DON'T USE - ZERO STARS,"The iXpand manual from Sandisk says ""Simply plug in the Lightning connector and you can easily move photos, videos and other files off your device and onto the drive. From there, you can transfer the files onto a Mac computer or PC or store them on the drive."" It does not say that IT ALSO AUTOMATICALLY DELETES THEM FROM THE iCLOUD AND ALL OTHER APPLE DEVICES. I only needed them deleted from my iPhone, not from my husband’s and not from the iCloud. I followed all the steps and when the option to delete the photos from my iPhone appeared, I clicked, Delete. So more than 5,000 photos are gone from my phone, my husband’s phone and my iCloud account. There is a fault in the product and Apple working together. At least the photos are on the iXpand drive; so, all is not lost. I will save them on my computer, but users need to be warned about this."
4.0,stsicky USB fit,"This fits the iPhone lightning connector fine, but there's a plastic piece inside the USB-A connector that prevents it from being plugged into some USB connectors.  I returned it for a refund and reordered.  Hopefully the new one will be better.  Friend says that it works well for managing iPhone photos without having to deal with iTunes."
4.0,File management is primitive but....,"If you only were to use it for storing movies you can seamlessly play on your iPhone, this is worth the cost."
1.0,Kinks to work out...,"Every time I plugged in the iExpand and attempted a back up, the app simply restarted. Everything is updated and regardless of restarting the iPhone 8 itself, deleting and redownloading the app, it did not  function appropriately. This was a known problem that required me to send it in to SanDisk on October 30th, for which I had not heard back about getting any replacement despite many calls and e-mails. I wish I could request a refund, as in this 3 month time span, I could have purchased anything else, however still don't have a unit to return. Very unhappy with this purchase."
1.0,Iphone could not recognize the drive,"I already tried two of these devices.  They have the same problems.  The iphone often could not recognize the drive after plug in.  It will keep asking me to plug in the device even it is already plugged in.  I unplug and replug in it is still the same.  I tried power down and up the iphone, reinstall the app, different combinations of kill the app or not kill the app for plug in and unplug the usb devices, I still cannot get consistent usb recognition.  I wasted a lot of time on this.  I really would like it to work.  If it is recognized, it works great.  But the problem is it is hardly recognized in most cases.  Sometimes I may wait for 1/2 hour then it would work again!  Just very inconsistent.  I believe there are some weakness in the design or QA issues.  If you are lucky to get one that works consistently, this could be a good device."
1.0,BUYER BEWARE- DO NOT PURCHASE!!!,Total trash and a SanDisk is horrible misleading company... If you have purchased a phone in the past couple years this will not work. It does not work with the XR. I just bought a new EXR were 12.1.3 iOS loaded.  SanDisk Requires a firmware update. To have the firmware update process work you have to find an iOS 8 compatible piece of hardware and then update it.  Who has that legacy hardware lying around.  No pathway to upgrade the firmware to work with today’s iPhone.  It is going back to Amazon today ASAP!  SanDisk is a sad excuse for a storage company and a total waste of my time!!! DO NOT PURCHASE!!!
5.0,Works fine (iPhone X running iOS 12.1.4),"For those of you 1) using an iPhone, 2) anticipating mass quantities of video and pictures from your PCT adventure, and 3) trying to minimize town stays (and so limiting cloud backup opportunities)..."
1.0,Too slow to be useable,"So it does function - technically speaking.  You can use it to copy/move things between an iDevice and whatever with relative ease.  I don't really like the app, but it does what it needs to do - AT A SNAILS PACE!  Seriously, it took nearly 2 hours to copy 1500 photos onto this thing.  It took less than 5 min to import the exact same photos into my Mac directly using a cable.  There is either something seriously wrong with the app, or with their implementation of the lightning connection."
2.0,Read the negative reviews before you choose this product!,"Sounded promising, but although it works as advertised on a machine running Windows 10, it failed to operate correctly on my MacBook Pro."
1.0,Unusable for music,"I bought this to hold my music library for traveling. The first disappointment came when I found that it doesn't actually integrate with the iPhone's native music app.  Rather one must use Sandisk's iXpand app to listen to music stored on the drive.  Therein lie the other disappointments.  First, the iXpand app does not seem to implement any power saving functions, so the battery drain is very high.  My 5C's battery drained from 100% to 50% in about 2 hours, and from there down to 20% over the next 2 hours.  The next big disappointment came when trying to use the app.  Apparently the app needs to build an index of the music before you can play it, but for a library of significant size, this takes an extraordinarily long time.  While this is happening, the app's user interface simply freezes as if it has crashed.  What's worse is that this process happens every time the app launches.  Even after the app has been allowed to run for a while, the interface still locks up and becomes unresponsive. So overall, I found the product unusable.  I do not recommend this product for music use."
5.0,iExpand Great Product,I am very happy with the iXpand flash drive. The first time you plug it into your Iphone or Ipad it asks you to install the iExpand App. That is necessary to work the flash drive so make sure you are able to log into your App store account and able to access the internet. You only have to do that once for each apple device. The software is really easy and self explanatory just select either the files/photos etc from either the flash drive or the Device ( in my case Iphone) and continue. You can even create a new folder and name it on the iExpand drive for ease of retrieval.
2.0,Not great,This isn’t a bad product but I gave it two stars because the app likes to randomly close when your listening to it. I got it for audiobooks I have and my computer is to old to update iTunes and install them that way. So figured this was a good way to go. But unless I leave the screen on with the app open it will just decide to shut down and I have to reload the app and remember what chapter I was in and how far along I was. I wouldn’t recommend this product for audiobooks. Files and music may be okay.
4.0,This works well for backing up you iphone during traveling ...,This works well for backing up you iphone during traveling.  The photos and videos uploads really fast.  One of the problems is that the file it saves it as is a jumbled letters. I have to use a software on the computer to rename the files Advanced Renamer.  That software works well so i can rename the file by time and even location.  A weird quark that happened after IOS 11 update is that for all the photos that you take that is a live photo it saves the still photo but also saves the live photo as a video clip.  Also because of the shape it doesn't work with all phone cases.
4.0,Used to love it *UPDATED*,"I used this flash drive with my iPhone 6S regularly for a little over a year and loved the ease of use and great storage.  However, I recently purchased an iPhone 8 and now get the message that it's ""incompatible"".  So, I'm unable to use this pricey flash drive with my new phone even though the iPhone 8 also has a lightening port."
1.0,Not worth the money.,Do yourself a favor and just download your photos to a flash drive connected to your pc. This thing sucks if you have a lot of photos. Mine gets stuck half way through copying files every damn time. So frustrating. Don’t waste the money on this and get something else.
1.0,Not Worth the $$$,Do not recommend purchasing this item.
3.0,It worked...but it takes some time.,I first would like to say that this product DID work! I was able to transfer all photos and videos from my iPhone 6 plus to this device however it did take some work. I downloaded the app and connected the device without any problems but when I chose the option to move photos from the iPhone to the iexpand only 7 of 2000 moved over. I had to go in and manually add the rest which took a few hours because it take at least a minute for it to prepare the photos for transfer.
1.0,I would not recommend this product,"I would not recommend this product. Here's what happened. I purchased this because my iPhone doesn't have enough storage. I had kept a long video that I took at my best friend's wedding two years ago, and wanted to save a safe place, but Google photo and Amazon prime photo don't save the seven-minute-long video. Then, I was looking for a good mobile flash drive to save not only for that video but also others, and found iXpand Flash Drive. I bought it, started backing up, first the flash drive didn't work well,(slow and stopped when backing up) but I found a tip, so it eventually saved my all camera rolls. However, after second backing up, some of my camera rolls which include the whole 2016 folder, the wedding video and whole files for 11 months in 2017 except for the video files uploaded in second time was disappeared from the flash drive. I didn't click any select/ delete button. The files disappeared never come back. If you purchase this product, I recommend you back up to other devices or cloud services."
5.0,Quick and easy to use!,"I am not the most tech savvy person, but I found this very simple to use. I followed a couple of basic directions off of the back of the package and in just a couple of minutes had downloaded all of my photos and videos from my phone. It gave me the option of deleting them from my phone once they were downloaded making it a very clean process. I then transferred them to my desktop and found that process to be even simpler. I would buy this again, but with 128G of storage, I won't be needing another for awhile!"
5.0,"For Music Playback, File Conversion is Key","At first I thought the iXpand 32 I received was defective.  I copied about 5 gigs worth of music from my PC to it, only to find that playback on my iPhone and iPad locked up after a few songs, and that files copied from the iXpand drive to either device never displayed. San Disk's staff worked with me patiently by e-mail and phone to solve the problem.  When nothing seemed to work, they offered to replace the drive.  Yesterday, after deleting all the files on it preparatory to sending it back, I decided to download iTunes to my PC, run their AAC conversion on some of the song files I'd deleted from the iXpand, and copy them back to it.  Afterward, they displayed, copied, and played perfectly in every file view (songs, albums, artists) and in every mode, including shuffle.  Apparently, Apple's DRM restrictions prevented playback on the iXpand drive, which had been loaded directly from my PC, and prevented copying anything from it.  I have since converted and restored all the iXpand files satisfactorily, and am pleased to delete a two-star rating I posted earlier and replace it with this entirely favorable one."
1.0,First one failed in 4 months,"I bought 2 of these to give to my wife. She insisted that she only needed one, so I put the other one aside. After 4 months of light use her SanDisk failed."
5.0,"great solution if you have one computer, and 2+ iphones","so we have a situation at this house. this is my computer and i have icloud synced from my phone to this computer. Now my wife has a iphone as well, i tried logging out of icloud for pc and logging into her account to download her pics/videos. but it doesn't work like that and it never downloaded any of my wife's files. its been over a year, i purchased the increased icloud storage yet my wife's phone takes up the most. I tried plugging her phone in directly to itunes and see if i could move files, NOPE."
4.0,Say goodbye to limited memory,"Expand the memory of my iPhone, and this is extremely useful when I want to transfer sth from iPhone to ipad without WiFi, the binding between this one and iPhone is tight, and numerous formats of documents are supported on this device, my only concern is that I need to read some really large PDF documents, and it could not be opened directly on this device as the small PDFs do, I have to transfer them from this to my iPhone or ipad to open it with professional apps, I hope it can be improved in the near future. Overall, I think this device brings me lots of benefits and worth the price."
4.0,The build quality and Longevity is my major concern (the app as well),"I'm going to be honest in this review , This product is useful and by all means a good buy but in all good things on amazon theres a flaw one of those being Build Quality (and the app but we will get to that currently i have had my particular Flash drive or (ixpand drive, idc) for around Seven months during these seven months there were a lot of problems with the app not picking up certain flies that i copied which i will dwell on further but recently i realized upon connecting the drive to my phone and any other lightning device that it would never get recognized i thought it was a glitch so i formatted the flash drive but it didn't fix anything i was about to complain to Amazon but i saw a post on the forums of the device (yes they have a forums, with a lot of complaints may i add.[quality checking is probably non-existent at Sandisk's Factory ]) and found out that another person had the same problem and a person offered a suggestion to use a powerbank connect the drive to it and then connect the drive to the phone and it worked!"
4.0,Does what I want it to do: store and stream movies.,"I bought this only so i can store movies on it and watch them on my iPhone and/or iPad without having to go through the whole using iTunes mess. It works perfectly for this. I store my movies on it and watch them on my phone and iPad during flights and layovers. I only keep and copy a few photos on my phone anyway (they're all backed up on my laptop all the time) so I haven't had any issued in this regard yet. Given how it works with movies, I love it. Does exactly what I bought it for."
1.0,Worked great - for 3 days.,"Great product in theory, but only theory.  I love the idea of being able to transfer files outside the clunky iPhoto app using your computer.  The only problem is it stopped working after 3 days and kept saying, failed to connect - try again.  I trusted the brand name, so didn't try it right when I got it last month.  Now I am stuck dealing with the company to fix it."
2.0,This device gets extremely hot,"I didn't get the flush one for running unix on a pc, however i did buy this one to use for moving data from a ipad to other environments. what i discovered is that this thing gets very very hot. i have a 3 1/2 year old around that i let play on the ipad and i had that thing in it. well thank god that he didnt get burned becaise if he had i would not be writing a review but my lawyer would be writing a summons for appearence in court for sandisk.  i read about other storage devices that are burning people and i am glad i passed on that expense, however this damn thing does the samething. it gets so damn hot it would probably blacken wood if it was dropped on some.  what is the problem with that? i know these things are produced in china, however, don't you local usa people still have your own QA divisions?  While it works, the design isn't optimal, because if you have a case on your iphone or ipad, it doesn't fit properly.  If you remove the covers for your devices, it is to long.  They need to be shorter.  No reason for this extended length, it interfers.  Finally, you need to figure out a new delivery config for the material used to produce these things because someone, if not already, and i am pretty sure plenty have been already, is going to be seriously harmed by this defective product."
1.0,Will not work with Tesla Dash cam,"I tried two and need to return both. Tried out of the box, quick formats, long formats and lots of little tricks but they will not work with My Tesla Model 3 dash cam.  My original Sandisk drive does work as do 3 other random very old USB drives I have here with out any drama.  I simply created the TeslaCam folder, plug them all in and they work instantly. I didn't even format them. The only thing I haven't tried is formatting on a Mac as I have no access to one (seemed to work for someone else?) I really wanted to be able to view my dash cam vids on my iPhone.  Oh well."
4.0,Very useful for picture/video transfers (not much else),"This flash drive is super handy for plugging into your iPhone and downloading all you photos and videos. Then you just plug it into the computer and save those folders locally, if you want, or you can keep the files stored on the flash drive. You do need to download an app on your phone, but not on the computer."
2.0,Did not work as expected,Was not...is not easy to use. Have been removing pics from phone for weeks now.  Stalls frequently.  Have to force turnoff  phone to reboot.  Not all pics can download at once.  Did a few at a time and the same happens.  Then what does transfer over from phone to device is not complete.  Have to manually compare pics in device to phone before deleting.  Then some files transferred over as files I am not familiar with and can't open them even after re-transferring over.  This is way too cumbersome!  Still trying to get ahold of tech support...just don't have the time to wait for them.  Wish the device would've just worked as indicated.  I have pics stuck in it.  Should have listened to others and should have known it would not be entirely compatible with iphone. My bad!!!!
4.0,Great for removing photos from iphone,"Purchased this to remove photos store on my iphone. Works well, but don't try to download all the files at once. I tired downloading 4000 files and it took hours and drained the battery on the iphone before I could get them all done. Try making individual folders and remove them in small increments."
1.0,"After 45 minutes of churning got a message like ""0 files copied","Simply didn't work on an iPhone 6 with current iOS. Installed app and tried to backup camera roll. After 45 minutes of churning got a message like ""0 files copied. Some files were not copied. Try again later."" Uninstalled app, shut down phone, restarted, re-installed app, same result. Sent message to tech support from within app. 48 hours later, no response. Item returned to Amazon and I'll now try the Olala iOS flash drive."
5.0,Curvature fit with sufficient tolerance ...,"I was worried about it, as it was coming. I had read some of the other reviews and recognized that the ""access door"" on my water proof case for the iPhone was, indeed right there where this curvature was built into this product."
1.0,POOR CUSTOMER SUPPORT,"Purchased this item for our Vacation and it was great and the SanDisk IXpand worked great. Upon our return home I purchased a iPhone 8 as my phone had an accident. Now the IXpand does not work with the new phone. I contacted SanDisk and their support person Alex L was more than Helpful he advised that they would need to exchange the Expand I had for a new one that would work with my New Phone. Two weeks went by and no email. I called again and chatted with Joh S and again I was given the same message we will replace the IXpand. It is going on a Month now and I have yet to receive the approval from SanDisk , so now I feel the run around is taking place and if they hold me off long enough I will forget about the problem at $83.95 this is a problem I won't forget."
1.0,Definitely not a time saver,"Wish I'd done some research before buying it. This thing is awful. This seemed like the perfect thing to easily free up some space on my iPhone before a trip, since Apple is happy to back up everything everywhere, but not in a way that actually gets them off my phone. I've literally left the iXpand plugged in for hours several times over the last two days, and still haven't gotten the files uploaded. I'm trying to back up +/- 500 photos, and a couple of dozen videos, probably less than a couple of gigs, so it's not an overwhelming amount of data. And forget using your phone while this is churning for hours  If you try to read a text or send an email, and it tells you you have to go back to the app for it to work. You're better off figuring out some other way to save the files to free up space. Recreating every photo as an individual woodcut would probably take less time."
1.0,Doesn’t redirect on a new phone,I thought it would help my wife with backing up her phone. It preformed a backup but when she got a new iPhone 8 a message came up saying it wasn’t compatible with iPhone. What an expensive piece of junk this turned out to be. Wouldn’t recommend it
4.0,Slow?  Think I've got a fix...,Research indicated that slow performance may be related to iCloud connection. Seems the backup may actually be transferring everything down from iCloud to the SanDisk instead of straight from the iPhone itself.  Let it run overnight and got maybe 150+ items PLUS it drained the battery.
5.0,"Perfect, fantastic, great, unbelievable work as I’d hoped.","I bought this hoping I could use it as an external hard drive to hold all of my photos (only photos) to free up my iPad and iPhone. I didn’t want any idiot-proof audomatic photo backups. Just simple straightforward MY organized photos (the way I want them not like the apple people want them) to look at and sort the way I wanted them. This works so well at doing what I hoped for I bought two. These are perfect, fantastic, great, unbelievable and just work like expected. I can’t imagine why anyone would give this great little big storage and organizer anything less then 5 stars.  I am able to easily store my own backup on my computer with the USB side.  Now I can take ALL my photos with me on my travels to share. No more “I’m sorry but those photos are at home.”"
4.0,Works Great!,"I bought this for my girlfriend, for Christmas, as she absolutely needs it, then panicked when I thought I messed up the delivery address and ordered another. Luckily, both arrived. Reviews on all brands are pretty sketchy, but I went with this one as ScanDisk is a brand I’ve used before. Very simple instructions, first download their app, then use that to backup not only your device (you get the option to keep or remove photos on the device after backup), or your Instagram or Facebook photos as well! Download happens pretty quickly over WiFi. Creates a really intuitive system of file folders on the thumb drive. Plugs right into your computer and transfers the files in original format without compression. I keep a copy on my Mac as well as the thumb drive just in case. Works Great!"
5.0,... on my iphone 6 plus and videos being my favorite form of media capture,"with only 16 gbs on my iphone 6 plus and videos being my favorite form of media capture, I needed a way to have more space on the go. The Sandisk is very simple to use and the necessary app is simple to navigate. Keep in mind that if you have a thick phone case, you'll have to remove it in order to snap this device on. This is the reason why I don't save my media directly onto the flashdrive as I go (I use a moment case & lens), but I do like that I have the option to. In terms of the price, I find that it was well worth it. Although there are cheaper options out there, Sandisk is a very reputable name, and so far they have delivered on quality. I can't speak for longevity, but I am loving this so far."
1.0,Disappointed,I have too many photos on my phone and I believed this to be the solution to my issues. Indowliaded the app. I though it was easy plugged in the usb drive and after a few pictures it twlls me it failled to back up. I unplugged it and closed down the app and began the process over. Again it tells me the same problem. It refuses to downlod and then the pictures will not all show up. Very disappointed and sending it back.
1.0,Pass,It doesn't do what I want it to do... I easily downloaded the app and it seems to work great copying onto the flash drive from my iphone.  The problem occurs when I go to view the photos on my computer.  Over half of them show up as a .HEIC file and I cannot view it on my computer or save it elsewhere as a jpg.  I also get duplicates of photos (assuming ones I've edited) and some I have deleted show up here even when I only downloaded from ones that were on my phone still (not deleted ones).  Definitely easier ways to get photos off my phone.
1.0,"Promising product, if you can get it to work :(","I've spent a few days trying to make it work, but all I got was frustration. When copying photos to the flash drive, the Sandisk App for some reason creates all files using the same file name, and it basically overwrites the file copied before. So no matter how many files to select to copy, it will end up with only one."
5.0,It works!,"I bought this to transfer photos from a PC to an iPad.  I wasn't having too much success downloading a lot of old scanned photos into the iPad, and sending them as emails was tedious and slow."
5.0,The software for the iPad is easy to use and works flawlessly to transfer file to ...,"I was looking for a device that I could share video and pictures from device to device for filming projects.  I wanted to be able to get mp4s and JPGs from my Android and PCs to edit on my iPad Pro or PC.  I had ordered the Geekgo, Apple Lightning to SD Card Camera Reader (several reviewers stated they thought the Apple Lightning was not an official Apple product. I may have to agree on the fact that it did not work on any Apple Devices), RAVPower FileHub Plus - Wireless Travel Router and the SanDisk 32GB iXpand Flash Drive for iPhone and iPad.  The only one that works on the iPads and iPhones is this Scan Disk IXpand Drive.  The software for the iPad is easy to use and works flawlessly to transfer file to and from the drive."
3.0,"Love it, but.....","ok.  I got this for my iPhone and to use it for removing pictures and entering them onto my computer.  Looked simple.  I got the package and for instructions, looked on the back.  Holey moley!!  The print was so small, even with a magnifying glass, it was difficult.  Never have seen such small print.  Bible print is bigger!!"
1.0,Don't waste your money,"First I really want to give this product a chance. But now I agree with other reviewers that only give this product 1 star when I tried it. The idea is very good. But the product is not. First, the belt is very hard to get out of its storage box, and it is not flexible. Then, the app is somehow straight to download and use. The worst part is the transforming speed. It takes me forever to transfer my 1000 photos from my phone to USB. And during this time, you can't charge your phone. It is much faster to use the iTunes to transfer to the computer or to use airdrop. I am not transferring it from the flash drive to the computer yet. But I guess it won't be faster than you just transfer it from iPhone to computer directly. It can only be a backup of the storage methods."
2.0,Not living up to expectations,I've had this thing for about a week or two now and here are my biggest issues I have discovered.
5.0,Not an Apple Guy but this works GREAT!,"I bought this for my wife as she is a Big Apple Gal, I'm more the Samsung type. Anyways we plugged this thing in and downloaded the app, let me tell you, it made transferring and downloading pics a breeze. I had a headache with Apples form of confusion and having to download all different things just to do one thing. Sorry again I'm not an apple guy so this helped make the world of a difference, I highly recommend it! No I wasn't paid to say this, wish I was though :D!!!"
4.0,Cheaper than a new phone!!,"I was ignorant of apps when I bought my iPhone and soon began running out of memory for photos. So, I bought this for a vacation I had planned so that I could download photos to this device.  You load an app on your phone to manage the device. The app is probably pretty good, but I've been confused by it. Nevertheless, I was able to download lots of images to it every few days successfully.  My biggest issue is that the photos lose their iPhone numbering system and get re-labeled on the device. I hate that. Maybe there is a way to preserve the iPhone numbering but I haven't figured that out yet."
3.0,"the expand App shuts down, resets itself, or stops recognizing that the device is plugged into the phone.","I just received this.  For the most part it is user friendly. I performed the backup process on around 20G of data on my new iPhone 6plus (apple replaced my phone for the price of a new display due to a 'display problem"".  story for another time), then transferred it to a portable drive. Works great.  HOWEVER, when i try to 'view files' in the 'IXPAND"" App,  the APP will eventually either shut down, or stops recognizing that the device to plugged into the iPhone, or resets itself.  i will continue investigating this.  i requested technical support on this so i will wait and see how that experience goes.  the back up feature works great, but the constant 'resetting of the app' is annoying."
1.0,Too many error situations.,"Works occasionally.  Most used to add storage for music on my iPhone6.  Start app and plug in disk - plays one or two songs and errors with a unsupported format.  All the music is MP3.  If I shut down the app and unplug, restart app and replug, one or two more songs and error.  Don't if the problem is device or app? Only once have I been able to play music for an hour in car."
5.0,Works well with waterproof case,Perfect.  I downloaded the SanDisk app  (make sure you get the SanDisk one.  There are other apps  with the same name) and plugged in the flash drive to my iPhone 8 and was able to copy pictures off of the phone within minutes. I had been a little concerned as to how this drive would fit in the phone with the NUUD case I have because the case has a little door over the lightning port to keep moisture out. But the clever people at SanDisk must have worked out the dimensions of the drive with this problem in mind because there is just enough room within the bend to fit the open door. Whew!  Folks might also like to know that you can configure the drive so that the camera bypasses the phone hard drive and stores pictures directly to the drive as they are taken.  Might come in handy some day!
4.0,Great for transferring files but it automatically backs up everything,"This is really handy, especially when you need to transfer a lot of files from/to your phone and laptop. The only downside to this is that when I plug it into my phone, it automatically backs up everything...but I don't want it to back-up my phone. I want it to only transfer the files that I want/need. You need to download an app with the software and the software works great. It's very simple to use and the on-screen instructions is helpful. You don't need to read through an instructional manual to get it to work."
5.0,Have had other Sandisk USB devices in the past and very satisfied with them,I got this primarily to use on my 16GB iPhone 6 Plus as was constantly being reminded that I was running out of space.  Have had other Sandisk USB devices in the past and very satisfied with them.
5.0,Excellent way to free up storage space and transfer files between devices!,"I bought this after the uDrive I purchased less than a year ago quit working. This one is sturdier and remembers which photos and videos you have already saved and only saves the new ones. My only complaint is that I would like to see some sort of cap to protect the ends because I like to keep it in my purse. My solution is to keep it in an empty pill bottle. The app is pretty easy to use. I can easily save and transfer files from my iPad, iPhone and computer. My phone doesn't have much storage space, so this a life saver."
1.0,Doesn’t work w/12.9” 2nd Gen iPad Pro or iPhone 7 Plus w/iOS 11.2.5,"The SanDisk iXpand Flash Drive 64GB for iPhone / iPad did not work with my 12.9” iPad Pro 2nd Gen w/ iOS 11.2.5  or my iPhone 7 Plus w / iOS 11.2.5 I went through all of the solutions none of them worked spent 2 hours on the phone with their tech support nothing worked. Although the iPad and iPhone detected I had it plugged in the SanDisk kept giving me the default error to detache and reattach. Nothing, I thought maybe Apple’s own files app would see it but nope.  Save your money or buy locally to take back if doesn’t work.  I have to wait now an extra 2-3 days for a refund even though Amazon acknowledges they received the device."
1.0,Do not buy this if you have an iPhone X,"Here's what happens every time.  Plug device into iPhone X. Copy 5 images to USB.  Says ""successful"".  Plug USB into computer, 2 out of 5 images are readable. The other 3 only brought 1/2 the image (you can see half the photo in the thumbnail).  Huge waste of money. I expected more from SanDisk as they are a reputable company."
4.0,"Great product, but IT'S NOT FLEXIBLE! Weirdly designed","Product worked perfectly, but when I received the product, I tried to unfold the connector and it snapped.  DON'T TRY TO UNFOLD IT!  It was still able to back up my iPhone as advertised, but I unfortunately broke the plastic instantly thinking that the whole thing would fold straight.  Kind of a lame design in my opinion, why not just make it straight?  User error caused me to break it, but sort of deceiving design"
4.0,Simple and easy to use,There are lots of other similar products at cheaper price out there but off brand just have too many issue (hardware/software) so decided to go with reliable name to try out this functionality.  This is a very good product.  The hardware seem to be good (time will tell how the bend will hold up) and fit iPhone even with case on.  The software was easy to install and easy to use.  Transfer photo from iPhone to PC without issue.  So far transfer photo from 2 iPhones (about 1500 photos) and it work seemlessly.  I really like the product.  Did not use the auto backup functionality cause I want to be able to transfer only certain files.
1.0,Useless to almost everyone,"Great idea but, when you transfer photos or videos, each file name is now changed (because of a Sandisk recent ‘upgrade’ per a Sandisk rep) to a 43 random character mess of a name, with no resemblance to the original."
2.0,Frustrating,I got this mainly to store files from my iPad and the experience was very disappointing.  I just returned the disk for refund.  When it is plugged in it automatically assumes that you want to back up the photos and without any choice it backs up all the photos.  I wanted to save some shipping labels I got in the email for printing and that was just impossible.  The disk does not show up consistently in the possibilities for action when you press more as they suggest in the literature.  The whole experience was frustrating and the software not fun to use.  If you just want to back up photos it may be great but for doing anything else it needs improvement.
1.0,Does not work on IPhone X,"Product does not work with my IPhone X.  Downloaded the app and did everything as instructed.  Sandisk wants me to return this to them, and they'll supposedly send me something that does work?  It's going back to Amazon.  Don't buy for the X."
4.0,Goodbye iTunes!,"Downloaded the app, inserted the drive and was able to transfer songs, pictures, videos and ring tones from my Windows laptop in less time than it takes to add items to iTunes and click synch (while hoping it works and cursing about some of the file formats being rejected by iTunes). Lent this drive to family members and they were impressed. Bought another one for this years Gift Grab - I can already imagine this being the most grabbed gift! The only thing to improve for this portable device would be a cover or sleeve."
1.0,Did Not Work For Me,"This product did not work for me at all. All I wanted to be able to do is start something in Pages on my MacBook, save it on the USB drive, and then edit it on Pages on my iPhone. When I edited the document on my iPhone it didn't show up when I opened the file back up on my computer. The changes showed up on my iPhone, but we're mysteriously MIA on the MacBook. I don't know if that is due to Apple's limitations to help ensure their stuff works properly and securely or if it is a problem with SanDisk, but either way this product did not perform even the very basic task that I had purchased it for. It was a waste of money for me personally."
1.0,BEWARE,"BEWARE!!!! This burnt out the battery on my iPhone on the FIRST and only time i tried using this flash drive and i had to get a completely new phone. Not only did it take forever to upload pictures, my phone only worked when this was in it. Wish i can give this 0 stars. Need to return it so i can get my money back."
2.0,Flash!?!  Ain’t nobody got time for this!!,"I will be returning. So disappointing. It took forever with several attempts to download pics, then it would just cut off. I would have to start from the beginning. Same thing would happened.  I really felt like just chopping it up, putting it back in its package and returning it; but I’m going to be nice about it and send it back in its original form. Just know the attempted downloads were slower than frozen ketchup coming out of a bottle"
1.0,May Not Be Compatible With the latest Iphone 8.,This product would be terrific if it was compatible with the latest Iphone 8!! It does not work properly with this new phone!! I will wait till Monday to contact Sandisk about compatibility!
2.0,The file names were changed when I saved the images to my PC,"The file data was not saved along with the images.  Instead of having the normal consecutive file name, a new name was created that has no meaning what so ever; at least that I can figure out. I called for support and was advised they would get back to me when they have a solution.  I have been waiting 2 weeks now and heard nothing from them. This would not have been so bad if I had not deleted the data from the cloud so I could not retrieve the original names again. Now I only have the data on the flash drive and I have no idea  how I am going to recover the original file names. And this was not with just a dozen images; I had 450 files renamed and this will be a major job to try to recreate the original so I can put the files into some semblance of order."
3.0,No fit my PC USB,"I got it because my 16GB phone was having issues with the file sizes for my new toy.  Itself works great - easy app - pulls things off the phone to leave room for more.  Perfect in that aspect.  HOWEVER the bloody USB end does not fit the USB ports on my desktop computer.  ARGH!!!!  So I have to use a laptop, which it does fit, to transfer the files to a thumbdrive that DOES fit my PC USB ports.  And it is only be a hair - when I hold the 2 USB ends together for visual comparison I cannot see a difference.  I may try 'stretching' the end a bit with some pliers, but don't want to break it...."
4.0,"Small design flaw but, does what it says it will.","I ordered this and the first one showed up with a crushed USB end that made it unusable.  I reported it and was asked to return it and they furnished a new one.  It happened very fast so I was pleased about that.  The second one was in perfect shape and I was able to use it right away.  I had to download an app off of the Apple App Store but, after that it worked just fine.  I have no complains other than I wish it had some sort of cover on the USB end to prevent the crushing that it had on the first one that I purchased.  I will have to be very careful about where it's stored to prevent the crushing AND to prevent dust and lent from getting into the USB end.  The end that fits into the iPhone fits snugly into the housing on the outside so that one is not a worry.  Overall I give the product 4 out of 5 stars.  It would have been 5 out of 5 if designed with a USB end protector but, it does what it was advertised to do so, I'm pleased."
1.0,Did not work as I expected,"The storage capacity for this was just fine.  However, you have to download the app in order to transfer stuff from your iPad or iPhone and the iPad will run out of battery before you can transfer very many files.  There’s no way to keep your iPad charged while the app moves your photos.  This might be good for transferring a few items at a time, but definitely did not meet my expectation for transferring photos off my iPad. I was hoping this would keep me from having to use my computer to transfer storage.  It did not work that way for me."
1.0,SanDisk needs to fix problem before selling more iXpand Drives,The iXpand Drive ruined my videos & photos -- cut them down in size to about 2/3 original.  Very slow to view on iXpand Drive and problem occurred when I tried to put videos and photos back on my iPad.  SanDisk would not refund.  Only offered to exchange but I would be afraid to try another one -- may damage videos more!
1.0,0 stars after 4 weeks,actually... I have to change my rating of this product....it worked for me 2 weeks. Pretty disappointing considering the fact that it was used maybe 4 times. This drive is not design to last. Unfortunately I could not return because the window of opportunity closes after 4 weeks. Consider this rating before the purchase.
1.0,what a piece of crap. it is hard to believe SanDisk would make ...,"what a scam. what a piece of crap. it is hard to believe SanDisk would make this product. APPLE DOES NOT WANT YOU TO BE ABLE TO CONNECT YOUR FILE STORAGE TO AN IPHONE OR IPAD. period. a couple of weeks after starting to use this, it is unrecognized by my iMac, iPhone and iPad. when i bought it - it worked at first, being visible on all three devices. then the automatic updates show-up, and it is useless. Now, you are stuck, being unable to delete your files from the unit, in order to return it for a refund."
2.0,app isn't ready but drive requires it,"iXpand Drive app on iPhone is required and must be kept open during copy or backup. App freezes at start of backup of iPhone (automatic upon insertion or manual). If copying photos/movies manually with 'select all', app says copy is ""canceled"" for most files then freezes after a few are copied. SanDisk support wrote to me, ""Please try to move pictures in smaller batches of 20 and gradually bigger"" but I have almost 1400 pics on my iPhone 5s 64gb with up-to-date iOS 10.3.2."
2.0,Not Ready for Prime Time,"Compared to my Leaf iBridge3, this thing is slow. I like the filing system with the SanDisk, but the time required to copy over just a jpeg file, not to mention a video file, is irritating. The app is a bit quirky at times. The progress bar disappears at times and thumbnails do not show up. I will stick with the Leaf iBridge3 model."
1.0,Two Strikes and Its Out,"Bought one. Plugged it in and followed prompts for software install. Worked, kinda. Then froze. Wouldn't recognize drive after that. So bought another since I almost never have anything from Amazon that doesn't work. Wouldn't even recognize the second one was plugged. in. No, I do not have a case to get in the way. So I wouldn't recommend this model to anyone. For those who liked it, good on you."
1.0,and it was a horrible experience. It could not handle a large batch ...,"I tried using this with my iPhone 6s Plus, and it was a horrible experience.  It could not handle a large batch transfer of data (photos).  I tried several times with varying results including multiple transfer interrupts, and crashing of the phone. I also noticed that it uses incredible amounts of battery power in the process.  Finally, when i tried to plug this into my computer, the USB end would not fit in my desktop without significant amounts of effort.  I was hoping this would be a plug and play easy way to manage my data, but it was trouble at every turn."
1.0,Waste of money,"This is a piece of crap!  I have tried over and over and over to load my pictures on it.  It takes forever to load a small fraction.  In the process, it drains the battery down rapidly.  I would return it for a refund if I knew how to get the pictures off that did load.  I need to find a different solution!"
5.0,perfect for Iphone with low storage,Saw TV ad and looked this up on-line. The download for the app took like 20 minutes but once loaded worked as advertised. Also stick works as usual flash memory if needed to use as a USB flash drive.
4.0,4 stars for one fatal issue,Transferring works great.
3.0,Not compatiable with all USB ports.,"Pros: Easy to use app, quickly transfers photos and videos, connects to my laptops, better than using any cloud storage system to save and transfer photos."
1.0,Short answer: Just DON'T buy these...,"Got this to use for my Tesla dashcam so I could review the movies while I was still inside of the car. The app recognized the flash drive once, but now refuses to mount the drive at all. I went through all the steps they suggest in the app to no avail."
1.0,iXpand doesn't work for iPhone X.  The SanDisk complaint site doesn't work.,"I upgraded from iPhone 5s to iPhone X. Now the iXpand won't work.  Sand disk knows about this problem.  When I try to fill out a form on iXpand site, I can't successfully complete the complaint form.  On the site to file a complaint, I can't figure out how to add a photo of my purchase.  'The site"
1.0,Useless for holding a large music library,"The iOS app that is required to access your media is so poor that it makes this product useless for a music library.  With the device only half full, the app spends several minutes simply displaying a list of albums.  During this time it is running the cpu so hard that the phone is hot to the touch and the battery is being drained.  If you let the phone go to sleep and then reopen the app it crashes.  A sad effort since the product was released at least two years ago.  Nine months after purchasing I’m about to toss this in the trash and look for another solution."
4.0,Highly recommend for backup and freeing up storage,"Automatically backup your iPhone once you insert this USB stick. If you have an issue with constantly filling up your iPhone with pictures and or videos, get this SanDisk and you won't have that issue any longer."
1.0,Does not transfer videos or live pictures,"I was so excited about this but it just has not worked out for me. It does not transfer live photos or videos in a format that my computer or external hard drive recognizes. I even went back and took the 'live' off all my pictures (I have over 1000 photos and more than half were on the live setting) and when I just tried to look at them on the computer again now it's saving some as a another file HEI or something that again is not recognized by my computer or Ext HD. Videos, the sound comes up but without a video. Going to keep trying to figure it out but right now I am really frustrated having to repeat steps to get it to work."
5.0,FAT32 with MBR Partition Map (Not GUID),"That is how you need to format the drive for it work w/ the iXpand Drive app on your iPhone.  It DOES work w/ iPhone X.  I tested on iPhone 6S, 7, and X.  This has proved to be a great solution for Tesla's dashcam and sentry mode videos.  Rather than having to take the USB key and plug it into a computer to view them, you can simply plug into your iPhone to review the videos and save if wanted."
1.0,Worthless - Buyer BEWARE,"GARBAGE!! Save your money. The idea is great, but this product is worthless. Using it on a iPhone 6 plus it continuously crashes, always has failed transfers and is basically unusable. It may work if you want to transfer 1 or 2 pics, but anything in quantity is impossible. Even when it's plugged in, it disconnects or crashes on a regular basis . VERY DISAPPOINTED!"
5.0,Anyone traveling should have one of these,Where has this been all my life? I bought this for a cruise where I will not have WiFi or data. This will be a great backup for if ANYONE of us runs out of space on our iPhones (download their app first though). It’s soooo tiny and transfers really fast. Gives you a great option after transfer to delete the pictures from your phone. You can create folders and organize pictures differently.
5.0,Great for IPhones. SanDisk is on top of it.,Bought for girlfriend that has to have iPhone. Solved problem of transferring everything from old phone to newer phone and backing it up without going through the cloud. I don't like putting anything out there with all the hacking going on. That is why we call all this stuff PC. Can download to an Android product easily but not back. This made it very simple. Have always been a SanDisk man for memory.
1.0,Not able to connect with either my iPhone or iPad.,"You have to be lucky to be able to use this drive on your iPhone or iPad. I have been patiently trying to reconnect multiple times, plug in and out, closing and reopening the iXpand App, uninstall and reinstalling the app, nothing is working. It’s a shame I’m currently using this outside of US, otherwise I would definitely return it. Now it’s working a normal flash drive without lightning port fiction."
1.0,after playing with both I like SanDisk better for its app,"Before I bought this I actually bought a 64GB Lexar C20i, after playing with both I like SanDisk better for its app.  The Lexar is flex and easy to charge and play at the same time, but the app is not as good, when you're playing a song and want to go back and browse for next selection it will end what you're playing, that's ridiculous, no music playing app out there does that.  SanDisk allows you to up folders and still keep playing with no interruption. The only thing I don't like about it is the fact that you can't really charge and play at the same time because it's not flexible and that's why I give it 4 stars.  I bought an USB extension cable to solve this problem but you got an extra cable to carry around. After playing with both I like SanDisk better for its app but it keeps disconnecting and giving me error message, it even causes my phone to restart for no reason at all, so I'm changing my rating to 3 stars now."
1.0,Thought was great but if it's plugged into laptop,"Thought was great but if it's plugged into laptop...DON'T place in back pack and be careful when setting down on cluttered desk or table.  Drive WILL be damaged and circuit board in curved part will be damaged...Trust me, made mistake twice...."
5.0,The best purchase I made last year,The best purchase I made last year.
