ratings,rev_head,revs
5.0,I have been using these and giving out for years! NO FAILURES,I'm a photographer and often have to hand off large files or extensive photo collections to clients.
5.0,"If you enroll chromebooks, you need lots of flash drives","So I purchased this 5-pack because I had a ton of chromebooks needed to be updated and then enrolled. So after discovering that usb 3.0 restoring on chromebooks is so much faster, I bought this 5-pack. So far I've updated a few hundred chromebooks and they've held up to all the plugging and unplugging."
4.0,Not bad at all for the price,"Not bad at all for the price.  All worked fine.  Appear to be authentic SanDisk, too.  I like the embedded small blue LED indicator light that is beneath the thumb slide.  It actually ""breathes"" while the drive is plugged in letting you know it is working.  Not too bright, either.  Very light-weight, so it easily fit on my key chain without weighing it down.  Not sure how sturdy these are, though.  If you are looking for something more indistructible, look elsewhere.  But for my needs, these are fine.  And I like the included encryption program on each of these that makes it simple to store sensitive files."
2.0,2 out of 5 failed.,"I am having bad luck with this set of Flash drives. I purchased a set of 5 SanDisk 16GB Ultra USB 3.0 flash drives and so far 2 have failed me. I have a 2010 Macbook Pro (USB 2.0) that I connected the drives and copied files to. On 2 separate occasions I copied files to these drives and then ejected them. When I tried to connect them back to my laptop to verify the files, they failed to mount to my computer. I now have 2 pieces that will not mount to my macbook pro or my iMac.  I haven't tried them on any other computers. 2 out of 5 drives from this set have failed, 2 I gave to clients with recorded audio files (they worked when I handed them over to client) and the last one I still have and it is currently working. It's a mystery so I will avoid these next time."
4.0,"Drives good, included SecureAccess encryption app dangerous to use","The flash drives work well. The SanDisk ""SecureAccess"" app included is worthless. I installed it on my Mac (running the latest OS X release), and after copying a number of files to the flash drive, the app crashed. When I restarted it, all the files in the encrypted file system on the flash drive were gone. This app is totally unreliable, and I'd recommend not using it if you don't want to lose your all files."
2.0,all five of these randomly disconnect,I've never had this issue with a thumb drive but they randomly disconnect from any computer I put them in. I'll start transfer and it will disconnect.
5.0,Works best for me.,"They always work.  My TV won't take a jump drive larger than 16GB.  There are perfect.  I put different colored lanyards on them, & I do not get them mixed up."
1.0,One Star,3/5 DOA. Thankfully I tested them all before the return window closed.
5.0,Good Value,"So far, so good.  They arrived today and I wrote several files to one of them.  Was smooth and easy process."
4.0,Decent transfer rate for the price,Decent transfer rate with USB 2.0/3.0 compatibility
5.0,Works Great,Works great. I used 4 of these as recovery sticks for 4 of my PCs. They do not seem to get hot like the 16g one do. So far I love them.
5.0,Never Have Too Many,I have always had good relations with San Disk Thumb Drives.  5 32 GB ThumbDrives is a good beginning.
5.0,Durable and Reliable,"Easy to use, portable, can carry on keychain as well."
5.0,Sticks,Although this was purchased for someone else product appears to be a good quality product that is well made.  I would recommend this product to others who have need for this type of equipment.
4.0,Works as advertised,They feel a little cheap but they work just fine.  Transfer was fast.
5.0,Good value,Nice to be able to afford to download photos and give them out as gifts
4.0,Surprise to find this bad quality from,Found one dead already.  Did not recognized by computer.  Surprise to find this bad quality from Sandisk
5.0,Great price and they work well,Great price and they work well
5.0,Great Quality,Usual great quality that I have come to expect from SanDisk.  Good price.
5.0,Great,Love them
5.0,They work as advertised.,They are USB stick drives and they performed as designed.  Good buy.
5.0,Great value for the price!,Great value for the price! All 5 worked great with no problems. Needed them for a conference so that staff could switch around and share powerpoint presentations and content.
5.0,Great to have around when you need a flash drive ...,"Great to have around when you need a flash drive for something. I keep a 2 at home, 2 in the office and one in the car. All 5 function fine, they come individually packaged"
5.0,Five Stars,"Thanks, received my order."
4.0,They arrived and work fine. I would have thought each drive would come ...,"They arrived and work fine.  I would have thought each drive would come with a lanyard for each one, not sure why it only comes with 2.  Other than that they work fine."
5.0,Five Stars,Great no issues at all!
3.0,Much slower write speeds than I expected,"There is no activity light. Shame Shame SanDisk. Write speeds using FAT-32 are slower than I expected. My old SanDisk 4GB drive is pretty quick at 5MB/second. Naturally USB 2. These USB 3 drives, on average, are close to 3X write speeds."
5.0,Five Stars,They have worked out well for presentations.
5.0,Five Stars,Good stuff!
4.0,Four Stars,Good price and work as advertised.
5.0,Five Stars,SanDisk always makes great products.
5.0,Good buy,These have a lot of memory.
5.0,Beats the heck out of USB 2. 0 keys ...,"Beats the heck out of USB 2.0 keys. I bought these because I wanted a handful of faster USB keys, these do the job."
5.0,Great thumb drives.,Using the product for customer backups and they are fast and reliable.  Thanks
5.0,Five Stars,works as expected .
5.0,Five Stars,love them
5.0,Good as advertised,"So far these work great, easy to use."
5.0,good drives,Good drives and sandisk is always reliable.  Like the larger hole for tags or straps.
5.0,Product as described,I will buy this product again.
5.0,Good buy,Copies quickly and works well for my need to transfer family videos.
5.0,Five Stars,product was delivered on time and met expectations.
5.0,Perfect. Just what I needed.,A friend gave me a 2.0 and I loved it so much I bought 20 of these 3.0's. I'm equally as happy with these as I was with the 2.0's.
5.0,It does what a SanDisk should.,SanDisk - what more can you say?
5.0,Excellent,Good deal
5.0,Fast and reliable.,Fast and reliable.
4.0,Four Stars,One of the 5 arrived DOA
5.0,Five Stars,"Good deal, can't have too many of these at this price."
4.0,"low price, good speed.",Good value
5.0,SanDisk Ultra USB (5 Pack) 3.0 64GB CZ48 Flash... Everything But Stromboli & Sandisk,"good value, work great"
4.0,Almost excellent,Nice and work well.  Just a tab flimsy.
