ratings,rev_head,revs
5.0,Wow! How can you beat this! 5 stars,"Great price for 2 high quality 32 GB memory cards!! I take tons of pictures and videos of my 4 month old son. They hold a lot of photos. So far I have 1,000 photos on my camera and tons of videos! Speedy delivery in perfect condition! I will be buy these again in the near future!"
4.0,So much space for whatever you need them for.,These things hold a lot of pictures and store a lot of video time.  What more do you really need out of them?  They work in all three of the cameras I own and I've had no complaints with them.
5.0,I use these in my game cameras. They work ...,"I use these in my game cameras.  They work really well.  I haven't had any issues in the past with them, so I continue to purchase new ones every year when updating my game cameras.  I always lose them before they have a chance to break."
5.0,They work - Good Price,"Flash cards are basically a commodity product, like Jasmin Rice, or bags of cement.  There is nothing special about SanDisk except that they work as do their name brand competitors..  Price is all that matters."
2.0,Careful what you buy!,"I'm sure it's not the sellers fault. But, you make a mistake and push the wrong button, and bam you're out 50 for two sets of these. I haven't opened them, and I've got no use for them, so someone contact me for a good deal."
5.0,Great memory card,Great product. I was shipped the wrong size memory cards but Amazon was quick to correct the issue. The memory card works great so still a 5 star review.
5.0,Great inexpensive camera storage,Have had other Sandisk cards and these proved to be same quality and reliability. On long trips I like to alternate the cards just in case so not to loose all my photos if camera or other goes missing.
1.0,not kool,the description clearly states 2 pack when I received this it was only 1
5.0,Nothing to Hide!!,These SD cards are just like one would get in the store. They arrived in the correct amount of packaging to keep them safe. Both cards were able to be used immediately. I have no reason to doubt they will last for years! Very Happy!!
5.0,fantastic works in my digital camera,fantastic works in my digital camera.. need an upgrade from 16 to 32 and now I have a backup incase I get carried away snapping pictures..
5.0,Works,"I only have used this in a trail cam so picture quality I cannot really comment on, value and durability is great."
4.0,SanDisk 32G SDHC Cards,Good Quality & Fast SDHC Memory Cards. Handles HD Video very well from my experiences. I have always trusted the Brand Name too.
1.0,One disk was missing,Was not a 2 pack. There was only one in the package.
5.0,Good deal,Good product. Used outside in a game camera. Picture quality good
5.0,Holding up to extreme conditions,Working great in old GoPro mounted inside very hot racecar.
5.0,"Good value, seems to work",Value for backing up computer
5.0,Competitive price  Great performance,Competitive price  Great performance
5.0,Great deal,Bought for new camera. Works great. Excellent price!
5.0,G,Hey guy I love it
5.0,I purchased these as recording cards for our vehicles crash ...,"I purchased these as recording cards for our vehicles crash cameras. They last about one year in those devices, so I keep replacements on hand. Low cost = no problems or concerns."
4.0,Good product,Fast shipping great product works good in my trail cam good picture quality
5.0,Good product,Great cards!
5.0,Great quality,Great quality. No complaints here.
5.0,Great value,My husband uses these in his game cameras & they work great
5.0,Solid performers!,Love my SanDisk memory cards. Have used their products for many years and always been very happy with the consistent quality. These 32GB cards didn't disappoint.
4.0,GOOD,GREAT
5.0,Good quality storage,Wow these hold a lot! I have used these to back up my photos and documents from my computer. They work perfectly.
4.0,Four Stars,couldnt use in my old school camera. had to order a 2 g lol
1.0,One Star,"I goofed, bought the wrong size and couldn't return them."
5.0,"Just what I needed, still a reliable manufacturer","Every one of these (I bought 2 2-paks) worked out of the box. I don't need much in the say of read/write speed, so I can't say anything about that."
5.0,Worked as expected.,Worked as expected.
5.0,Great Experience,"This was my first time with this vendor and everything was great.  The product was as described, delivered on time, and worked out of the box."
5.0,The perfect backup and storage solution.,"These are better than thumb drives. They take up much less space and hold a lot. If you wanted too, you could direct copy about 4 full DVD movies on each card. That makes a good movie/DVD backup that fits in a small space. Think of it - 20 cards with about 80 or more movies in them, and it all fits in the palm of your hand! I've copied all of my DVDs on them, so I can take my entire movie library with me to the grand-kids house. Pop one in an SD card slot, and you have hours of movies and/or videos at your fingertips. I have a little zip case that holds 20 SD cards. These are great! Glad I bought these."
5.0,Five Stars,Good buy
5.0,Great Value,Great value and service!
5.0,Quality product,Super-Duper (SD) cards.  Just had to add in some humor.
5.0,"great deal, working great","great deal, working great"
4.0,Handy to ues,Good for the money 💰
5.0,It is the best for any photographer.,I have not had the chance to use the cards as yet; but I am very satisfied with the price and especially the ultra secure packaging. I know I won't be disappointed.
4.0,good,Quality cards. I mainly use these for photo storage. more than enough space on these to meet my needs
5.0,None,Nine
5.0,Strong and pretty,Great product for an I pad
5.0,Five Stars,These are excellent
5.0,Good bargain,"Great price, quality product, high speed."
5.0,Five Stars,thanks
1.0,This Memory Disk was pre-used and came with a video recorded on it.,"This video had already been used. WARNING This item may not be returned, even if it came pre-loaded with"
5.0,Five Stars,LOVE LOVE LOVE!! SO AMAZING AND WILL DO BUSINESS WITH AGAIN!!
5.0,Exactly what I wanted,"These are exactly what they should be, the price is great! will recommend this seller and I will definitely use this seller again!"
5.0,Came fast in perfect condition,These came in the mail in perfect condition. I’m taking them on my Colorado trip next week.
5.0,Five Stars,great cards and at a great price
4.0,As advertised,As advertised
5.0,Five Stars,Quick delivery and work great
5.0,Excellent,Works the way they are supposed to work.
4.0,Four Stars,great
5.0,were great!,These worked wonderful for my canon cameras and video camera!
5.0,Good cards,These work just fine.
5.0,Deer cameras,Using in deer cameras.  Work as they should
5.0,Good memory cards,Work well in my cameras.
5.0,Good sd,Works well
5.0,Five Stars,Great addition to my new Canon camera that I got for Christmas!!
5.0,Five Stars,Work as expected. I even wash one with my clothes in the washer and the card was not damaged.
5.0,"arrived on schedule and at a great price, I'm happy","Item was as advertised, arrived on schedule and at a great price, I'm happy!"
5.0,Five Stars,"A scan disk is a scan disk, but the price is right and on line order is convenient."
5.0,Fit,Liked
5.0,Works as advertised. You may never need another card ...,"Works as advertised.  You may never need another card, certainly not with two of them in the package."
5.0,perfect,They work perfectly
5.0,WORKS!,works!
5.0,Good buy,"They are memory cards and work as expected. What's to say. They came quickly, good service. The price is very good."
5.0,Great deal,"Good price, good packaging"
4.0,"They work, who knew?","I was able to take about 32GB of pictures and store them on these cards, so yeah I'd say they do as advertised. Also, cheap enough to say ""why not two?"""
5.0,Came fast,As stated
4.0,Four Stars,work good
4.0,So far so good in my camera,So far so good in my camera. I do not take a lot of pictures so I am not sure later on.
5.0,Great,Great
5.0,These are like glorified floppy discs,"I can get about 900 photos on one 32gb card, shooting in RAW + JPEG format. These are like glorified floppy discs. Not much to say about standard stuff like this."
5.0,Five Stars,OK
2.0,Two Stars,one failed after 1 month
5.0,It was there when I needed it!,Excellent!  It came on time!
5.0,SanDisk 32GB Class 4 SDHC Flash Memory Card,"I have used several SanDisk 32GB Class 4 SDHC Flash Memory Cards in the past. When I saw this offer to buy two for the price of one, or even less, It was a no brainier to purchase it!"
5.0,Lasts 8+ years,I have used these cards for years and they have never failed; I only now had to replace mine because of a personal mistake.
4.0,Four Stars,has lots of space and works great.
5.0,Five Stars,Works great.
5.0,Five Stars,Great product!!!
5.0,Five Stars,Delivered in good shape and great price
5.0,Five Stars,Hey one excellent
5.0,Five Stars,SanDisk has yet to fail me... even when i accidentally stepped on and cracked one.
2.0,Two Stars,wont fit my phone
5.0,They work!,"So far, so good. Works properly."
5.0,Would buy again,Works great
4.0,Four Stars,worked great
5.0,Love to take pictures... Then this is a must have...,Love the storage
5.0,Great price!,"Great price, 2 for the price of one!"
1.0,0,No
5.0,Five Stars,is what it is
5.0,Use in my camera,I use these in my camera have had no problem
5.0,Great price for two good memory cards,"Great price for two good memory cards! They transfer fast, hold hours of video and work well with my DSLR camera, so no complaints here!"
5.0,Five Stars,As expected
5.0,Five Stars,Great Price!
5.0,Five Stars,good price
5.0,Is wha it says,Is what it says
5.0,A solid purchase.,VERY PLEASED. I have no complaints.
4.0,Four Stars,This dis is ok
4.0,Good cards for the money.,"These work just fine for me at the price. Not sure how many I've bought this year, but I'd say its a lot since I have around twenty trail cameras."
5.0,Five Stars,great
4.0,Four Stars,Good for the basics but not good for faster motion.
5.0,Five Stars,"works as intended, shipped quickly."
5.0,Five Stars,Good quality and value
5.0,Speed,They're great
5.0,Perfect for my Canon Rebel,I have an older canon rebel and couldn't find these SIM cards anywhere in store but these ones were perfect
5.0,Five Stars,Works well and is exactly what we needed
5.0,Five Stars,very good
1.0,Not 32 GB,This was supposed to be. Package of two 33 GB cards. I received a package of two 16 GB cards.
5.0,these memory cards work great and came in perfect condition!,these memory cards work great Highly recommend and will repurchase
5.0,Five Stars,what I expected
5.0,Five Stars,Fantastic memory card lots and lots of storage great for a photography student
5.0,5 sTars!,"item as described, fast shipping"
5.0,Either they work or they dont.  So far these do.,They work.
4.0,Four Stars,they are fine
5.0,Good so far,"High quality and reliable, at least so far. I've had other brands that lasted for years with no problem. I'll update this review if anything happens."
5.0,Great price for the 2-pack,"Great price for the 2-pack. My new Panasonic FZ80 says it will take about 3200 photos at full resolution per card, so two should do the trick even for a long trip."
5.0,Five Stars,great buy on these and I use them to take and store pictures
5.0,Five Stars,Great price
5.0,Five Stars,Worked great!
4.0,Great value!,Great value! Glad I purchased these.
5.0,Five Stars,"as described, never had any problems with SanDisk products"
4.0,Four Stars,"seem to work well for my uses, thanks"
5.0,Great Price and Quality,I use these for my trail cameras and they work great. Great price and quality.
1.0,One Star,My brothers Camera was to old had to return them for the 512.
5.0,as advertised,as advertised
5.0,Five Stars,very nice work great
5.0,Five Stars,Works with no problem
4.0,Four Stars,Great Price for this product...
5.0,I ordered the wrong item and now am having to ...,I ordered the wrong item and now am having to keep something I don't need. Next time I will read more carefully.
5.0,Good product,Arrived on time. Worked as advertised.
5.0,Five Stars,Just what we wanted
5.0,Five Stars,Good quality!
3.0,Not working,Didn't open package until now and 1 of the cards will not save info. on it whether in locked position or not.  It seems unusable.
5.0,Lots of memories,Making lots of memory with this product
5.0,Five Stars,Work as they should. No issues in my game camera.
4.0,Four Stars,Perform well and as expected.
