ratings,rev_head,revs
5.0,Excellent Very Fast SanDisk Ultra 80 MB/s SD Card,"Very fast SanDisk Ultra SDHC 32 GB with 80 MB / sec speed Class 10.  Works great in my high performance SLR camera for taking high speed and high definition photos and videos.  Older SanDisk Ultra versions were 30, 40, 60 MB / sec that the most current version have gotten faster with each update version for the same or cheaper price.  The package label says the 32 GB is good for 2000 Photos of 16 MP with 7 MB file size, plus is good for 40 minutes of Videos of MPEG-4/H.264, 1920 x 1080 @ 30 fps.  I think this SanDisk Ultra 80 MB/s 32 GB SD Card which is a Class 10 card is all you would typically need for a very fast SD card at a reasonable price."
5.0,Nice Media Card,Came as promised in excellent condition and in 2 days.  It is for my husband's trail camera and it has worked beautifully.  Would definitely recommend it.
3.0,Didn't use and had to return - does not fit my kindle so I'm not sure why it was recommended - maybe for a new one?,this was recommended for my fire - I got it and it was a full size card - and mine took a micro - I gave it 3 starts because I did return the product as though it was the one recommended - it just didn't fit and I had no use for it - I did but same brand of the micro and am truly happy with it so I'm sure this product works just fine - I just didn't have a chance to use it for anything - but Amazon was great in the return process - no fuss no muss!
5.0,"They do the job, every time.","Dependable, as are all the Sandisk SD cards I have purchased. They function with a speed beyond most of my needs and can withstand the use they get. They are inexpensive and tough enough to use as long term storage."
5.0,A good buy,Fast and efficient. Delivery was slow for some reason but the card run perfectly.
5.0,Reliable,No problems. Works Great
5.0,Works great.,The real thing. Works great.
5.0,32gb memory card,My outdoor trail-cam and my auto camera required 32gb cards.  They are working great
5.0,Five Stars,Good product that came in on time.
5.0,Sandisk Ultra,"I've gotten several of these and they have never failed me.  Good product, good service."
5.0,It does what it is supposed to do,Good price for a 32 GB card.
5.0,Good storay,So far so good
5.0,Five Stars,Works great!
4.0,Good SD card,"Good SD card, worked well with one of my computers, but not both of them."
4.0,sandisck ultra,it is fair
4.0,Performs as expected,worked fine
5.0,Five Stars,Good price
5.0,Five Stars,Never had any problem brand
5.0,Corvette,used in my car for performance data recorder
5.0,Sandisk Ultra SDHC 32GB 80MB/S C10 Flash Memory...,As Expected and work with my Nikon.
4.0,Works,Works as described.  It's a memory card. It performs to spec.  Not much more you can say.
5.0,Trail cam memory card,So far great. I bought it for my trail cam so time will tell how well it performs.
3.0,Doesn't work for my purpose. Need a high speed ...,Doesn't work for my purpose. Need a high speed 32gb micro SD. Won't be returning it. Might work in my new laptop as extra storage.
4.0,Four Stars,good price and works fast
4.0,Four Stars,Works
5.0,Five Stars,Great price!
4.0,Four Stars,Good card.
4.0,Sandisk Ultra SDHC 32GB 80MB/S C10 Flash Memory...,works great.
5.0,Five Stars,LOve these!
5.0,As advertise,Fuctional
