ratings,rev_head,revs
4.0,Good price if you're okay with mediocre transfer speed,"Bought a set of two 128 GB USB flash drives.  Fortunately I read the reviews and didn't expect them to be too fast.  I bought these as backup for photos for a trip I'm about to take and I want to make sure I have two copies of all photos.  Just testing I transferred 5 photos totaling 238 MB from the SD Card to the laptop hard drive and it took 9 seconds.  Transferring the same 238 MB from the Hard Drive to the Cruzer took over 28 seconds or three times as long.  Just to test to see if it was the Hard Drive's fault I tried a pass through directly from the SD card to the Cruzer through the laptop and it took around 36 seconds.  To be fair, it is a small and inexpensive laptop, but all of the tests were on the same laptop so comparisons are apples to apples . . . though in this case it was a Windows based pc.  ;-)"
5.0,Good read and write speeds,"Good read and write speeds, haven't had any disk related problems that result in trouble accessing/reading/writing, seems to be accepted well with Haas TL-1 control panels and ProtoTrak SMX control panels (at least the ones at my school's machine shop), when both have been proven to not accept other kinds of flash drives for reasons unknown, even though the formats are the same. Another student tried their own flash drive, and would not be registered on the program output screen. I plug in my Cruzer Blade, instantly detected and accessible."
5.0,Very convenient size and shape,"The size and shape works well. Several of the flash drives I have are ""fat"" and difficult to use next to other occupied ports. A couple are so small they're difficult to get hold of. They address both issues well."
5.0,Dependable and No Frustration with Inserting in USB Port!,"As for thumb drives, these have the best design for my tastes. No frustrating sliding of the connection in-and-out, fumbling to get it inserted in the USB port, and it is just the right size to allow two to be inserted side-by-side (or top and bottom) if this is the way the receiving USB ports are configured in your computer. I keep the unused and archived ones in the zippered Case Logic case with six web-straps."
5.0,I then decided to use a 64gb for the car once i found a way to format that to fat32 like the 8gbs,I bought this to replace 3 year old 8gb sticks that I used for music in the car. I then decided to use a 64gb for the car once i found a way to format that to fat32 like the 8gbs. I decided that my brothers could use these for their music and have given them each one filled with music. They are small enough to fit in tight spaces where the car companies put their USBs. I tried them out in my car USB and on one of those chinese fm transmitter cigar lighter adapters. Everything works great. I would buy again if needed.
1.0,Failed after a month of use,"Within 30 days the first ScanDisk stopped working (would no longer be recognized on computer with error message that the drive has failed).  That didn't surprise me as after a minute or two the ScanDisk gets very hot.  Only cost a couple of dollars, so I'm not going through the process of returning, just throwing it in the garbage.  I was very surprised as I thought ScanDisk was a quality name; guess the price should have tipped me off.  Spend your money elsewhere."
5.0,Great Value,I liked the small size and storage capacity of this particular type of portable drive. There is nothing to slide or flip open to use it. The two pack was a great value. The only drawback is the drive is small and could be misplaced easily. I keep mine is a flash drive storage case.
4.0,Can't go wrong with Sandisk.,"These were a great deal.  Extra USB drives are always handy to have, you never know when you'll need one of these (assuming you work in an office and use digital forms of pictures, music, documents, etc).  The drives are really small, which is annoying, if you want to keep track of these in a bag or drawer.  Sandisk has yet to let me down for both memory cards and USB sticks.  It would be nice if there were two lanyards (which are only big enough for a wrist), but it was still a great value."
5.0,They hold plenty of data and are great for transfering powerpoint presentations or documents and spreadsheets,"I use this as ""throw-away"" flash drives - drives I give to people that I don't expect will give them back. They hold plenty of data and are great for transfering powerpoint presentations or documents and spreadsheets. They're kind of hollow and plastic-feeling (they are plastic, of course), and don't feel very sturdy, but I've dropped them plenty of times and haven't had a problem with them. Great product!"
5.0,These USB drives work well and are nice and slim,I use these drives in a retail shop on a TV for showing the tons of instagram images our customers have tagged of us. These USB drives work well and are nice and slim. A 2-pack is perfect because once a month we swap the drive out for a new one with new images. I found it odd that the 2-pack comes with only one lanyard though.
1.0,"First time using one of the drives, partway through ...","First time using one of the drives, partway through a copy, it quit, said disk was write protected. I checked Sandisk web site and they said it means the drive is broken, so I asked for a refund. I will buy another brand next time."
5.0,They are easy to use and seem reasonably durable,"I'm not a computer whiz. That having been said, I've found these drives serviceable for my needs"" mostly temporary back ups and file transfers. They are easy to use and seem reasonably durable: they are still functioning after being dropped a couple times. File transfers have been fast, and data have not been garbled in the process. Good value for a reasonable expenditure."
5.0,I would recommend this to anyone looking for a compact and affordable ...,Came as advertised!! Transfers to and from any device relatively fast. I use them as backups of backups. Just in case one of my backups fails.
5.0,"Excellent, small and relatively inexpensive","Excellent, small and relatively inexpensive.  They do need lanyards for removing them, however.  I tied bowlines through the lanyard slot using roasting string.  Works just fine.  Speedwise they're a tad slow but acceptable."
2.0,Worked fine once I got it inserted,Whole outside if plastic; even the insert guide. Very hard to insert and withdraw. Worked fine once I got it inserted.  I had purchased 4 and all of them were the same. Ended up buying 4 more with the metal guide.  Would not recommend them.
5.0,Great value and good flash drives,Great value and good flash drives. I use them for the occasional OS install or just moving some decent sized files to another PC. Much faster than network for me.
5.0,Inexpensive and fantastic product. I just keep one of these in ...,Inexpensive and fantastic product. I just keep one of these in my backpack just in case I need one. I also keep one at home too. It is a great reliable USB drive that you can also trust the brand! I highly recommend this for students especially at schools that don't allow you to use cloud storage when presenting in front of a class!
1.0,Useless.,"I was given the impression the Cruzer's would work on my old Mac G4, they didn't, So they are useless to me!"
4.0,I bought these to store Windows 10 recovery systems for ...,"I bought these to store  Windows 10 recovery systems for my two computers on. They are quite small. I have them in storage, but would consider these to carry in my pocket due to there small size."
5.0,I really like it.,"I really like it. I have one flash drive as a PS4 Update, and the other for a Backup. Does everything i need it to do."
5.0,USB Memory Sticks,These SanDisk Cruzer USB sticks work perfectly for transferring embroidery designs from my computer to my sewing machine.
5.0,Nice little size,"These little guys are my favorite among all my thumb drives. Haven't had a failure. I like the small size, only, only 1 1/2"" long. They ""feel"" well-made."
1.0,Advertised as USB 2. 0/3/0. Will only read ...,Advertised as USB 2.0/3/0. Will only read and write at USB 2.0 speeds. Not a USB 3.0 Flash drive.
1.0,Came only one pack instead of two,1 not 2
5.0,Five Stars,On time and exactly as described.  Would buy again.
5.0,Five Stars,I'm satisfied with the product that I bought. Fast delivered
4.0,Good storage.,Very useful. Very light weight. Only thing keeping it from being a five star is that there is no cover to protect the end from dirt and other thiings.
5.0,"it fits perfect. They have a ""safety box"" to save things ...","I bought this to use it with my embroidery machine, Brother PE770, it fits perfect.  They have a ""safety box"" to save things with a password, I don't use it, but may be of help to someone else."
5.0,Great product,"A great value and exactly what I wanted/needed.  I'm pleased about the size of the flash drives, (although this may be a rather silly thing to say) they're easy to put on a cord around my neck!"
5.0,Great deal,Great deal
5.0,Should have bought 64GB...,"Good deal, but I wish I'd bought 64GB instead."
4.0,Four Stars,Very useful. also use 4GB when I can find them.
5.0,Exelente,Exelente
5.0,Excellent,Excellent
5.0,Five Stars,Downloaded all my pictures on one of these.
5.0,"Good value, compact flash drives","Two compact flash drives at a few cents over four bucks each, from a go-to flash manufacturer. I needed a couple inexpensive drives as OS install media - these are the ones."
5.0,i did not know it would be so small but very nice for its purpose,Very tiny usb...i did not know it would be so small but very nice for its purpose. My son loved it and uses it for school. And for the price i like that it came with two of them.
5.0,Speed,Very fast
4.0,Who even uses fat32 anymore??,"If you're using a PC, the first thing you need to do is format these in NTFS, as they are set up in FAT32 for some reason, which limits file sizes to 4gb."
5.0,SanDisk Cruzer Two Pack 8GB (8GB x 2 = 16G),Product worked very well.  I like them a lot.
4.0,Good Product,Product worked. Used it to store music on it.  My only worry with this product was that the USB isn't covered and will pick up dirt and debris with use.
4.0,Work great!,"The Cruzers work exactly as expected, they are exactly what I've come to expect from Sandisk.  I'm questioning the 4 star review, it should probably be 5, but it just frustrates me that they only include one lanyard.  Why in the world would you send 2 with only 1 lanyard?"
5.0,they are very happy.,"Bought these for a friend, they are very happy."
5.0,Five Stars,"Fine Product, fast shipping"
5.0,Good for work or school.,Good USBs to have for either school or work. The sizes of these USB are about that if a paperclip.
4.0,Four Stars,came in fast and they were inexpensive.
5.0,Good Thumbdrives,"They work great but I think I'll go with the larger ones from now on, they smaller they are, the easier they can be lost."
5.0,Five Stars,Good
4.0,Good product for the price,Good product for the price
5.0,Will not lose this one,"As expect, they work just fine, my son like the cord that attaches to the Cruzer flash drive. He lost the last one, and it was not a SanDisk!"
5.0,Great price for 2 of the drives,"Great price for 2 of the drives.  These are great for the kids to use in their school computer classes. Odd that they only come with one lanyard but, for the price I will make it work."
5.0,Gets the job done,"Bought these to use for boot drives for Windows 10 and 8, each. Both have worked flawlessly so far, good quality products from SanDisk"
5.0,A Great Buy,"It came quickly in good shape; it's easy to use--you don't have to open and close it like the others I have.  And I was surprised at how much it holds...folders and files plus over 1,000 photos!  A great buy!"
3.0,Three Stars,It is worth for this price.
5.0,Five Stars,easy to use
5.0,Five Stars,Does exactly what I need.
5.0,Great value and product,Great value and product... I own countless Sandisk products and never any issues!
5.0,Five Stars,"Excellent. My computer had ""rejected"" some other drives, but is working with these very well."
5.0,Five Stars,woarks as expected
3.0,Good for the price but the plastic usb connector can ...,Good for the price but the plastic usb connector can (and did) crack after many uses. Wish it was metal.
5.0,Huge Tiny Space,"Tiny. Work as described. They are so small, it’s ridiculous. Great product."
5.0,Convenient and Duragle,great for my work space for sharing and saving files between jobs and activities. like the lanyards too.
5.0,Worked well,Daughter needed these for school. Worked well
5.0,Bargain priced excellent memory sticks,You can never have too  many memory sticks and this two pack was a really bargain. I use it when I scan pictures in order to transfer the files.
5.0,"when you need one, get it",I didn't think that people used thumbs drives much.
5.0,Five Stars,good
4.0,Four Stars,Small and great room for storage
5.0,Good,Good
5.0,The hold a good amount and are small for easy attachment to a ...,Big fan of SanDisk jump drives. They hold a good amount and are small for easy attachment to a key chain or to throw in a backpack or purse!
4.0,Nice device overall.,"Nice device overall. Small and reliable, great for booting over usb."
5.0,Five Stars,Needed it for work.  Perfect
5.0,Five Stars,"Lightweight and very compact, just what I needed!"
5.0,They are very small but do a great job!,These work very well - I use them to transfer video from my computer.  They are very small but do a great job!
5.0,"Sipped as expected. Didn't do any benchmarks, but ...",Sipped as expected.
4.0,Four Stars,Cheap plastic but works great!
5.0,Five Stars,I needed these for recorded shows on my router.. Thanks!
5.0,Great product,Great never any issues with these
5.0,"good product, thanks","Quick shipment, good product, thanks!"
5.0,Works great and I already need to order some more,I use these with our surveillance  system to give footage to police. Works great and I already need to order some more.
4.0,Four Stars,Great!!!!
5.0,"Sold build, seem likely to hold up well","Not the fastest USB sticks, though not bad for USB 2.0.  But they are rugged and seem likely to hold up well."
2.0,Two Stars,you only have 57GB on drives not 64GB-----
5.0,Five Stars,"work fine, good form factor"
5.0,Five Stars,I did format before use. I don't need encryption etc.
5.0,Always a good quality product for data storage,Hey it's Sandisk. Always a good quality product for data storage.
5.0,Great deal,Delivery was on time and I had no problems with opening the packaging.  The flash drives are working as anticipated.
5.0,holds my Windows 10 install image and boots fine.,"Works, was cheap, holds my Windows 10 install image and boots fine."
5.0,Five Stars,Good product vworked well for my needs. Would buy again.
5.0,Five Stars,c
5.0,Five Stars,Works as expected
5.0,Five Stars,Its a good Sandisk USB and the packing was also great Thank you
4.0,Ok for the price.,Ok for the price.
4.0,Four Stars,Great Price.  Works very well
5.0,SanDisk thumb drives,"Arrived in good condition in a timely manner.  Works as advertised, as it should."
5.0,Five Stars,love for small jobs and trading with friends
5.0,Five Stars,Thank you!
5.0,Five Stars,Always good quality from Sandisk. Recommended.
5.0,and works great. Thank you,"Fast service, and works great. Thank you."
5.0,They make me happy. They do what they say they're gonna do,They make me happy. They do what they say they're gonna do. Although I think it's about 7.75 percent of space on here and not 8. I only needed 7 so I guess it did the job.
5.0,Five Stars,"Great value, works well."
5.0,Good product,small and handy
5.0,Good,Good
5.0,good deal,Perfect work great. Daughter uses for homework
5.0,Five Stars,was exactly as it stated and love it
5.0,Five Stars,Very cost effective data storage.
4.0,Works well. A little smaller than I thought. ...,Works well.  A little smaller than I thought.  OK.
4.0,Four Stars,They were as expected
5.0,Five Stars,From all appearances it is a great product.
5.0,Five Stars,perfect
5.0,SanDisk thumb drive 8gb.,Works as I expected
5.0,quick loading and easy to use,"Small, quick loading and easy to use.  SanDisk products are always reliable"
5.0,Read speeds are just fine. It comes with an encryption client built in,"They do what they are supposed to. Maybe a bit slow on the write but it was expected, USB 2.0 only. Read speeds are just fine. It comes with an encryption client built in, if you need it."
5.0,Great product,Great product at a great price
5.0,Five Stars,Writes data. Reads data. Works as intended.
2.0,Two Stars,I hate that the data transfer speed is too slow.
5.0,Five Stars,Great
5.0,Five Stars,Great!!!
5.0,Great service and price,Great service and price
5.0,Five Stars,"Great storage, San Disk is premier in portable data storage."
4.0,Four Stars,Does the job
5.0,Work as expected.,Work as expected.
5.0,Great flash drive,Great deal. Work great.
5.0,Five Stars,Good
5.0,Good deal.,Work fine.
2.0,Bad value,"Standard flash drives, they work but aren't a good value (for ~$10). For the same price you can get a 32 GB USB 3.0 with much higher quality storage*, or two 16 GB USB 2.0 drives. I strongly recommend looking for better drives"
2.0,Two Stars,Good
5.0,Five Stars,Works as expected
5.0,Five Stars,Veryvwell
5.0,Five Stars,Work fine and good value.
5.0,Five Stars,Good value
4.0,SanDisk Cruzer two pack 8gb,Good product- small size a plus
5.0,Great product,Convenient and useful
5.0,Sandisk Great products,Good product
5.0,Fast shipper,Just as described
5.0,Five Stars,Great
5.0,Five Stars,Great
5.0,Five Stars,marvellous
5.0,Five Stars,ok
5.0,Buen producto,Es excelente lo recomiendo
5.0,Five Stars,i love it
