ratings,rev_head,revs
1.0,Its Dead in record time,"Well I bought two of these in April. I have used them only a few times each and not for long periods at a time. Yes, they did get hot, but nothing terrible. They are fast in USB 3.0. Overall I liked the design and the function of the drive when it worked. However what I do not like is plugging one of them in and seeing that it has 0 out 0 bytes free and will not open. It cannot be formatted with Windows or Ubuntu. It cannot be partitioned, with windows or another program. This drive is DEAD. This happened awhile ago, I am just now going through my order history here and saw this pop up and noticed that I cannot return it due to being out of the 30 day return period, and decided on a review. Thats another thing, 30 day return period? Are we not expecting these to last very long? I think it did last just a bit more than 30 days but there was no more than 8 uses on it. So all the data that I had on it ... gone. So before you buy this I would really suggest not making this your primary storage for anything important, always have a backup somewhere else."
4.0,WARNING: This drive gets HOT!!!,"I've been impressed with the size and speed of the drive so far, and it works great as a keychain, but the drive itself gets VERY hot and is difficult to touch, especially closer to the port. I would recommend gripping the back of the drive near the plastic loop when removing the drive from your computer. Just thought I would warn everyone since I could see getting burned."
3.0,"Performance quickly degrades over time, hot, inconsistent speeds.","It was fast when I first got it, speeds were over 120 MB/s read and over 30 MB/s write. However, after transferring 100 GB+ files several times, the performance quickly degraded. Now it's showing 40 MB/s read and 25 MB/s write. The culprit I'm assuming is the heat, it simply toasted itself. Like other reviewers have said, it gets extremely hot even after just a couple minutes. Imagine how long it would take and the amount of heat it would suffer writing 116 GB worth of files onto it, then reading 116 GB of files as you transfer them off. A few transfer sessions and this thing quickly burned itself out."
5.0,Small flash drive with good speed,"Overall this is a great flash drive, it gets around 140MBs read and 40MBs write (Slightly slower than the 64GB version). It's not quite as fast as the SanDisk extreme version but it's the fastest metal drive I've found, you can see a benchmark in the attached image."
1.0,Good buy SanDisk... I am done with this brand.,"I am actually always a SanDisk fan, use all my memory cards this brand. I have about 5 cards and drive total. They were great before until recently..."
3.0,Why is this so slow?,I got this and started transferring files to it. It seemed very slow.
5.0,Fast and large enough to run VHDX's for demo purposes on your laptop.,"I run Hyper-V on my Windows 10 laptop that has an SSD with 16GB RAM and Core i7 processor.  I keep my WIndows 2012R2 VHDX's on the SanDisk USB 3.0 Flas Drive for SSD performance on my Hyper-V servers!  It gets a little warm, within spec they say, but to keep it cool I stuck some heatsinks for a Rasp-Pi on it.  Since the case is metal, heat transfer is excellent and I no longer worry about the temp of my external, thumb-sized SSD!"
5.0,(2 years later and it's still going strong!) I bought this 128GB drive because I needed more storage ...,"UPDATE TWO YEARS LATER (8/2018): I have been using this flash drive on a daily basis, attached to my keys, and it's still working great. Goes in and out of my pocket with a handful of keys. 100% satisfied with it and impressed with its durability."
1.0,WARNING: This flash drive gets ridiculously hot,"WARNING: This flash drive gets ridiculously hot if you are transferring large files (> 30 GB). If the flash drive gets too hot (if it surpasses operating temperature) then it will eject itself from the computer. This flash drive is practically useless to me as I need to transfer 30+ GB file sizes. Because it gets too hot easily, it will disconnect itself before the transfers are finished. If you only need to transfer small files (< 10GB) at a time then this works perfectly fine. But if you work with large files like I do then save your money and find a better flash drive that can handle heat."
5.0,Fast and stable drive @128Gb,"Overall very happy with the capacity and performance of this tiny thumb drive especially at this price. Bought a Si Power 128 GB sometime last year and this one's performance is just way better. The SiPower drive (also USB3) was not very responsive, always need to wait for a couple of seconds before it responded, even when what I did was opening a folder on the thumb drive. But for SanDisk Ultra Flair, I don't see this issue at all! Was thinking that it might be due to the 128GB but loos like it's just some thumb drive is just not that responsive."
1.0,"Slow, Slow, Slow","I bought this USB 3.0 (128GB) primarily to make transferring large amounts of data faster.  When I received it, I plugged it in to test it.  It started out writing about 45MB/sec, which is not that fast compared to how they advertised it, but faster than USB 2.0."
1.0,Overheats; Slows; Does Not Work with Some Hubs,"Do not get me wrong -- I have used lots of SanDisk products. In fact, SanDisk is my preferred SD card for use in my cameras. But this product just does not live up to SanDisk standards."
4.0,A good flash drive from a trusted company,"I just needed more space, this delivered. Also, the price was amazing. Weird to think I own a flash drive with the same amount of memory as some modern ultrabooks offer as a base."
1.0,Hot and slow. Writes: 10MB/s  reads: 90MB/s,"Needed a large drive quickly, should have read the reviews first!"
1.0,16GB Drive totally failed in 1 week!  Also gets almost as hot as an old-style light bulb!  Now total junk.,"Drive totally failed in 1 week from delivery by Amazon!  Drive suddenly failed in a few seconds while in use.  Went from working great to totally dead!  Cannot be recognized by Linux Gparted utility or by Windows Disk Management partition tool.  While it worked, it worked great. But it failed beyond any chance to repair/reformat/repartition.  My guess is that these drives get too hot for longevity.  Amazon gave me a refund so no worries there.  Although it is amazing it is even possible to have 16GB storage in that tiny form factor.  Still - should last more than a week!"
1.0,Bad USB stick/Overheating,"Upon testing this USB stick, I can safely say It does not work in USB 3.0 slot, I have multiple devices to test this and in all, the stick is only recognizedy in 2.0 slot. Other USB 2.0 sticks work in 3.0 slot but not this one"
1.0,Randomly Disconnecting?,"I have had this flashdrive for almost a year, and now it has started randomly disconnecting. i have only used it as a media device for my car, just storing and playing MP3's. and all of a sudden randomly it would disconnect and the car wouldn't recognize it. i plugged it into my PC to see what was up, and it randomly disconnects from my PC every minute or so. doing the windows disconnect and reconnect sound, and closing the folder. it does the same thing on my laptop too."
1.0,What's the point of 128GB and USB3 if it's gonna take ALL day to write the files?!?!?!?,"VERY SLOW WRITES!  For a drive that can read over 100MB/s, writing at such slow speeds is pretty ridiculous!  I just got the drive today and are transferring over 80GB of video files.  It started out somewhat acceptable writing around 35MB/s.  But since has slowed to 11.7MB/s.  My old 1GB and 2GB thumb drives from back who knows when writes faster than this!!!  And as I conclude this review its down to 11.3MB/s.  And these are not a million tiny files because I know that can artificially reduce the posted transfer rate.  Keep in mind these are large video files (500MB to 6GB), so these are pretty much sustained transfer rates.  Pretty sad Sandisk!  SAD!!!!"
1.0,Literally disintegrated within a matter of days,So that happened.
2.0,Sluggish and poor quality product. You get what you pay for.,"This flash drive gets unreasonably hot, poor quality, and speeds aren't amazing. It does get up to read speeds of 130MB/s, but write speeds hover consistently around 10MB/s which is disappointing for a USB 3.0 flash drive. From copying a 10GB file and CrystalDiskMark 6 benchmark, it will peak at 31MB/s write speed and soon dip to 10MB/s from what I imagine the heat is just killing this USB flash drive."
1.0,Lasted 9 months,"Bought this thing in oct 2016. It's now dead, cant be formatted, data is gone...9 month life span, I'd be embarrassed if I was SanDisk. This is the first thumb drive that has every failed before I either bought an upgrade or lost it....and I don't lose thumbs often, maybe I'm just lucky. I still have smaller gb ones from ages ago...they still work. I was using this to transfer videos my son makes to a different computer....used it maybe once a week. Before it died it got very hot when in use perhaps the heat did this thing in...looking for a replacement now..... from a different company"
1.0,⚠️Defect Warning ⚠️,"Purchased this on April 5th, it’s now June 15th, so it’s been a little over two month. I started noticing some memory issues earlier this week, it would essentially forget things, so I backed everything up yesterday. Today I tried to use the flash drive and it’s completely unusable, it won’t connect to the computer at all. There is a Sandisc acknowledgement article that basically says if the flash drive starts saying “write protect” it’s dying and you better get a new one."
1.0,LIES! IS ONLY A USB 2.0 stick!!!!,Is really only USB 2 speeds.
2.0,"Great buy, poor durability","I routinely buy lots sandisk memory devices as it a good, reliable brand..for the most part.  I've noted with this series, aesthetically well-designed, a dozen of which I own, is very sensitive to dismounting time.  On Windows 10 PCs and laptops, If you follow the proper dismount and pull it out too early not realizing the dismount process is working in the background or you pull it out thinking a large file transfer has finished and it hasn't, then the flashdrive will not reliable allow access and tells you the ""disk is write-protected.  Remove the  write-protection or use another disk"".  Very disappointing.  There is nothing you can do.  Often, you can see file content, but you can't use or transfer it.  WORST, you also can't re-format it.  If there is a work-around, I'm not aware of it.  Sandisk needs a recover tool or reformat file to remedy this."
1.0,Don’t work on many machines!,"Bought several of these to write as bootable iso’s for upgrading servers. Should have known when several Dell laptops had trouble seeing the thumb drives something was up. Eventually realized adding physical pressure to the tops while inserted was the only way for these to be recognized by the OS. Once written had similar problems with the servers detecting that anything was inserted into the usb slot. Benchmark scores had these ranked pretty high, but will likely have to throw these out and eat the loss. Will certainly think twice before buying SanDisk again!"
1.0,PAID FOR 128 GB RECEIVED32 GB,"I ordered three 128 GB USB 3.0 thumb drives. When they arrived, I opened one and used it to back up my computer. When finished I found it was really only a 32 GB drive even though the package is labeled as 128 GB. I wiped it and returned all 3 to Amazon and bought a different brand. There is no labeling on the drive itself, only on the blister package. Not blaming AMAZON, they gave me fast and courteous service, evidently a manufacturers labeling error."
1.0,Horribly slow write speeds,"I wasn't expecting anything phenomenal for the price of about 15 bucks for a 16gig drive, but I was expecting greater than 6MB/s sustained write speed.  It must have very poor cache management or something, because for a small size, it writes quickly."
4.0,Compact drive that's fast!,I've had this drive for a while now and I've not been disappointed by performance.  Transfers and access speeds are quite good for a drive of this size.  The encryption software that is supplied on the drive is simple and effective at protecting sensitive data.  It keeps the items you want from being accessed without a password.
5.0,"Fast, reliable, and large USB drive. Great for files or for making bootable USB's",This thumb drive has performed as expected for a thumb drive. I used the windows media tools to create a bootable windows 10 USB drive and it worked great with this thumb drive. I found the USB 3.0 to be super useful for installing windows on machines.
1.0,Very bad performance on Mac Pro,"Got one of these, returned it for a replacement, which acts the same.  It's going back, not getting any more of these."
1.0,If I could give it zero stars I would! ...,"If I could give it zero stars I would! I have had this for about 5 weeks now, saved a few files on it, and today it refuses to be read by any computer. All my files have been deleted...including important grade spreadsheets!!!! I am furious!!! STAY AWAY FROM THIS PRODUCT!!! I hope I can try and recover my student's grades somehow...this is absolutely ridiculous!!!!!"
1.0,WTH!,"Bought this usb drive to create a recovery drive for my new laptop. After the backup was done, I pulled the drive out and threw it!"
4.0,"Good performing, high capacity, small form factor USB3 thumb drive",Bought 2 of these in succession— one works flawlessly and the other had slightly reduced performance (docked 1 star for that).  The slightly reduced performance one is being used as a very compact backup so that compromise is not a big deal but of course I'd rather have both working flawlessly.  Performance numbers in AmorphousDiskMark (Mac) of the good one:
1.0,SLOW.,This drive is so slow.  It takes 1-2 seconds to click on a dang folder.  I use a sandisk Ultra Fit 64GB USB3.0 thumb drive to compile a C++ program of about 80 files which reside on the USB drive.  Both drives formatted for exFAT
5.0,Excellent Write Speed,"I ordered a couple of these because of their size and speed plus the reputation that SanDisk has come to be known for. I was not disappointed with my purchase. The flash drive is very compact and can easily be carried on key chain or lanyard.  The speed of the 3.0 is good also, my times for transfer or copying of files has been reduced by a good 70%-80%.  I will say this however, I have noticed that when I am transfer/copying larger files of say 15gigs or better that the body of the flash drive does become quite warm to the touch. This surprised me the first time I used it cause my other flash drives don't get this way, then again my other flash drive are also a plastic body... this one is either aluminum or stainless steel.  The only thing I would have liked to have been included or made part of this unit is to have a cap for the working end, don't really like having it left exposed.  I just make sure that before installing into usb that I check that nothing by some chance has fallen into open slot on flash drive.  Well with that little annoyance being said I would still recommend this unit for the ease of carry and speed of file transfer."
5.0,USB3.0 without as much heat,I have been burned by the premature failure of another product that was much smaller form factor. The other product would become too hot to handle but had very little excess metal in the housing. Basically it just filled the USB port with a plastic bulge on top for grip while manipulating it.
4.0,Advertised as 128 GB but only has 114GB capacity,"Overall, this is a very good device. But I have two gripes."
3.0,Flimsy + average speed = 3 stars,"I don't normally dock stars for trivial things, but this drive had two major strikes against it."
5.0,"Fast, robust USB 3.0 drives","I bought two of these to speed up an aging PC, by using them for ReadyBoost.  ReadyBoost is a windows feature which caches commonly used drive contents on flash drives to boost load times.  I d really hoping to speed up my windows bit time, as well as have loads.  I didn't have an SSD, and my motherboard didn't support them."
3.0,"Slow and cheap, not so small you'll lose it",Here's a speed comparison to Extreme Go and Ultra Fit. It's an OK stick in terms of performance and it's not so small you'll lose it.
4.0,Some of the old geezers don't like the new kid in town.,Got tired of chasing around driver and install files and bought this to wear around my neck. It does a nice job and is getting good speeds in USB 3.0 hubs up around 40Mbs. It is getting a little under 20 Mbs in USB2.0. I even have an old mobo here with a USB 1.1 (I think? maybe 1.0) port and it was detected by the system and I got about 2-3Mbs transfer rates across it.
1.0,This work great for about one day,"This work great for about one day. Now instead of 128GB to shows up as 2.4MB, doesn't matter what computer I use to access it or what OS (I've tried Ubuntu as well as Windows, 8 and 10) it always shows that it's storage is less than than 3MB. Huge waste of money. Do not buy. I have had great luck with ScanDisk flash drives in the past but would recommend getting a different model."
1.0,Too hot to touch. Super slow writing.  Appears to be USB 2 speed,Wow. This is the first USB flash drive I've ever purchased that I didn't like. Attempted to copy 24 GB of files using a USB 3 port and its telling me it should finish in one day under Windows 7 64 bit. The progress bar is hardly moving. Very disappointing.  Its definitely not working properly.  Thought the bad reviews were nitpicking.  They're not. It's also extremely hot. It shouldn't get so hot it hurts your fingers.
3.0,"OK, but not great",As noted it gets hot but not enough to burn.  When I tested it the speed climbed up to 70 mb/sec but then dropped to around 30 for the remainder of a 4gb transfer.  So performance on large transfer is not so good.  I was considering sending it back but what i need it for does not need large transfers.  Plus looking at a lot of other USB 3.0 reviews that also have slow write performance it seems ok for the price.  If you need a USB flash drive for large data transfers then go with something more expensive with better performance.
2.0,It's a desert sloth (slow and hot),"While the read speed of 105 MB/s is okay, it's write speed of 13 MB/s is terrible. It took me four hours to transfer a 71 GB file for a client, which is somewhat embarrassing. It gets hot as blazes, too. Apparently the friction of data moving slowly generates a lot of heat."
5.0,"Simple, sleek and great working USB 3.0 flash drive!",It's been awhile since I started buying SanDisk products but lately I'm liking their product a lot.  Not sure if things have changed or I just had bad luck in the past but avoided SanDisk in the past other than for compact flash cards for photography.  I lost my Samsung USB drive and needed something cheap but also somewhat beefy so went with this to install Windows as well as Ubuntu or simply carry files around.  It's simple but not bulky design.
1.0,Slow USB 2.0 speeds on 3.0 verified ports,Worst Sandisk USB drive I've used in terms of speed.
1.0,Waste of Money - MISREPRESENTED as USB 3.0 - No Way!,"This is another example of a major brand taking advantage of buyers' ignorance and misrepresenting their product as USB 3.0 when it can't even achieve and sustain USB 1.0 speed!  When you test these Ultra-series 64GB flash drives, you get about 25MB/s write speed for about 1GB of initial capacity and THEN... They grind to a halt for the balance of the 64GB capacity and struggle to achieve 1-2MB/s!  That's absolutely USELESS and total fraud!  AVOID THESE LYING FRAUDULENT CLAIMED-BY-SANDISK-To-Be-USB3 flash drives.  They are a TOTAL RIPOFF!"
5.0,Low Price. Great Quality.,"Great little flash drive. SanDisk has never let me down when it comes to memory cards and flash drives. I love the modern design and the compact size. For the price, you cannot get any better."
2.0,"*WAS* a good thumbdrive for the price, but nothing groundbreaking","UPDATE 4/12/18: I've removed another two stars because the drive has bricked itself and gone into permanent write-protected mode. Apparently my habit of plugging it in and working from it for 5 hours at a time just made the heat too much, and the internal controller has given up. Rather disappointed with it's lifespan, since other USB 2 and 3 drives I've had for years and years are still plugging along just fine."
2.0,Didn't last 6 months!,"I loved the price for this amount of memory. The size and design are really cool. BUT, it stopped working after a few months. Luckily, I didn't have a lot of stuff on it yet. But, I'm pretty mad since I bought this to replace an external drive I've been using. I literally have NEVER had a flash drive stop working on me, and I've been an IT professional for over 10 years and rely heavily on flash drives. The one redeeming thing about this purchase was the free Rescue Pro recovery software that came with it.  I had a client whose father was here from another country for several months and his hard drive in his laptop stopped working. He's a design engineer for his company and so many of his work papers and a boatload of pictures were on this laptop.  I tried a few other recover applications and they failed. I gave this one a go and it worked. I recovered everything. So, at least was able to make some money off of the free product."
5.0,Faster than the old.,"I picked up this USB disk so I can offset the price for the shipping here on amazon. I also needed this drive for installing Linux operating systems. It's my OS recovery disk, as I sometimes like doing things that will break my computer. It's nice having a faster installation USB pen drive."
1.0,Don't let the number of reviews fool you! After a few months of use drive will get too hot and fail permanently!,Awful usb drives! I owned two for my business and both on different occasions after 2 hours of use became very hot and disconnected permanently! Paid a substantial amount of money to recover my data but only a small percentage was recoverable through my laptop itself as the usbs were permanently damaged! Has put me back significantly and I will truly never purchase ANY sandisk product again!
4.0,"Finally, an advancement in central heating technology!","I purchased this flash drive after reading all the reviews complaining about how hot it gets.  Let me tell you, this little thing is great for heating small houses."
4.0,"Small, fast enough... but,...",I am giving it 4 star is because this small drive get extremely hot if you leave it in the usb port and transport a large amount of file at the same time.
3.0,Pretty good flash drive but forget the encryption software that comes with it.,"It is quite small and easily fits on my key chain, but it doesn't come with a cover to keep dirt out."
2.0,Hot hot hot! I will never choose a metal ...,Hot hot hot! I will never choose a metal surface flash drive. I worry if it could burn my devices if I have to use it for a few hours.
4.0,"Nice Security Software, but no USB cap and gets hot","Usable storage size is 115 GB, which is expected (the drive is listed as 128 GB, but some of the space is used for, I'm assuming, their security software). Speaking of security, the included software is pretty nice. I carry my drive to and from school/work and it's reassuring to know that if I lose it, my files will remain private. As other users have mentioned it gets really hot even after just a few minutes of use. I wouldn't say so hot you can't touch it, but... it's a bit alarming, even if it's within the safety margins/standards SanDisk has cited. It cools down pretty quickly though. I haven't noticed slow downs with prolonged use, but maybe I haven't used it for as long as some other users. I got it as a bundle with another item on Prime Day, so I haven't done much research on other flash drives of this size and I can't really recommend it vs other drives out there. However, if you are on the fence about this one vs another drive, this isn't a bad drive and the security software is neat. There isn't a cap for the USB, so I'm a bit worried about dust getting in, but I plan on carrying it inside a case with other electronics. There's also a loop on it to carry it on a lanyard if you want."
4.0,Great product...but few complaints,"If you are buying this, buy it for the capacity, not speed. Sandisk advertises the read speed but not the write speed. A lot of manufactures do this, because reading is typically faster than writing. I average about 2 to 8 mbps...so not really fast. Then again, this is not an ssd. A few people have complained about the heat on this thumb drive. Yes, this product gets hot...but not burning hot. As a result of this, I don't leave it plugged into my laptop for long periods of time."
2.0,pros and cons,"Lets get to the point.  The board is good, UEFI with BIOS supported firmware (seen better but it is ok), Easy Flashing, Exceptional overclocking capability (you can burn a whole right through the board if you want.)  good memory support...all kinds of good stuff...why then the 2 star review?  because it is not all about fun and games.  A computer is multi-functional and I create virtual environments.  The platform I use to virtualize varies and like to test out new one or ones I haven't played with before.  Well guess what, they don't tell you in the fine print that it barely supports virtualization.  Hyper-V...pppft no way!  Then when calling support they tried to blame it on the chip as if AMD doesn't support virtualization.  Bet I can throw my chip on an ASUS board and it be turned on by default which all virtualization on this board is turn off by default.  You have RGB though!  Very disappointed by this as it is not a small flaw!  the board is still young and since its release its been updated several times....all I can think of is i hope they fix this issue soon.  Otherwise I am pitching the board for a more stable option to fit my needs.  Plus due to it's design it doesn't even properly fit ANY case...it doesn't seat 100% I think this is the extra back mounting they have on the board.  tried it with 2 boards same result.  I would not recommend this motherboard, not unless if you just want to install everything on bare metal....then it may fit your needs."
1.0,"Used once to install an OS, died after second usage.","Worked as expected the first usage, but the second time I went to use it, just randomly stopped working and is no longer readable by any computer or device."
1.0,Slowest USB 3.0 sticks I've tested. Avoid.,I bought some 
1.0,"Crummy product, broke in less than a month..","Less than a month into using this drive it broke. The part that actually connects to the computer fell out of the casing, probably would have been fine if I'd noticed it'd come out when I removed my drive but when I went to plug it in the next day all that was left was the metal casing and not the actual 'drive' portion I needed. I'm not hard on my electronics or storage devices so this was very disappointing. Not to mention all the lost files on the inner portion that came out."
5.0,Great For VST'S and Waves ect/Dosen't Bulk Up My Keychain,"Bought this USB to store my VST's, waves, Plugin Alliance ect dll files on this and it works great for that purpose as well as keeping other documents, photos, videos, music. If your a music producer or musician mixing your own music and need to store your vst's somewhere I recommend this USB. I've been useing it for about a year and I have never had any issue. I've read other reviews saying they had problems with it getting extremely hot which I have noticed it dose get warm but am not worried about it since it's dosen't get to the point that it is alarming. I am useing it with windows 8 and it is read by my computer fairly quickly. This USB is also small enough to keep on a key chain, without it bulking up your key chain even more which I like. Great for college students that needs to store files and a USB around at all times. Overall great little USB!"
2.0,The lack of speed isn't worth the price,"It's advertised as up to 150MB/s, but even with a super fast bus and super fast SSDs, we can't get it to HALF of that advertised speed.  The most we have been able to get it 67MB/s, and that's with one large file reading from the device.  Write speed is even worse, topping out at 42MB/s.  Consider these real world speeds before making the purchase."
5.0,Great things do come in small packages,"Needed a usb flash drive for school and wanted something small and sleek but not the plastic cheap looking usb flash drives made by a lot of brands. This product is excellent. Has a good design and looks and feels very high quality. I chose the 64gb size for school and also if I wanted to add some movies and other larger files. Although some reviewers have mentioned this product getting extremely hot, I have not noticed anything but a slight warmth with this product which is a common occurrence in flash drives. The most likely reason for an extremely hot flash drive is a defective usb port. I haven't really worried about the transfer speeds because I'm mainly storing school document files."
1.0,The single slowest flash drive I have ever seen in my life,"I'm copying files from a hard drive to this 256GB flash drive, I have never seen speeds this slow, I mean maybe back around 1990, I can't really remember though.  What a total waste.  I have around 20 USBs and this was my first SanDisk 256GB, I keep looking at it seeing if they shipped a usb 2.0 by mistake, no it's a 3.0, but IT IS SO SLOW.  I'm getting a maximum of 3.5 MB/second.  I'm copying a bunch of files that add up to 90GB, it's been going for 3 hours and it says 8 hours to go..."
4.0,Works as Advertised ... great little USB drive,Like
1.0,Not 128GB!!,"I can't confirm the 1st flash drive was only 31.9gb since it was crushed in shipment. Asked for a replacement and got the new drive a few days later. I transferred some files and check the properties of the drive  and it said 31.9gb. I took an older 8gb flash drive I had laying around to make sure it wasn't the USB port and it was 8gbs. In seraching the reviews I found someone from 2016 had the same issue. I reached out to Amazon for a price adjustment (128 to 32), but since I had already started the  return i couldn't. I bought another brand and had no issue."
1.0,Dont Buy This Drive,"So, I do not know why the heat of this thing is a big issue for others. As soon as i received the drive, I immediately put 100Gb's worth the data on it (at an insanely high speed) it got a little warm. but that's to be expected. I love the drive. will definitely buy another. The only real issue I have with this drive is that it is really really small. but, i'm basically blind, so it is not enough to deduct a star."
5.0,VERY fast read and write speeds,"Satisfied overall, first drive crapped out on day 31 :( I contacted Sandisk and they were going to replace it, but no need, Amazon has taken care of it since it was close to 30 days! 5 Stars! This is why I order brand name flash media, from big companies. THIS is the kind of support I'm looking for if it fails."
4.0,"Good (not great) product overall, compact, hangs easily on a key chain.","It works perfectly in all systems tested.  The read speed is great, averages 70Mbytes/sec on large media files.  However, the write speed is abysmal.  Small files or small numbers of files/folders (say, under 100Mb total) write very quickly, in the range of 60-80Mbytes/sec.  However, when copying a 10Gb file from a local folder to the USB drive, write speed started up at 60-80Mbytes/sec, but by about 1Gbyte in, it dropped to 20Mbytes/sec and stayed there for the remainder of the copy.  Somewhat disappointing there, as I have 3 year old sticks that perform much better."
1.0,Stay away from this product,"Purchased an Ultra Flair 64GB disk and it would not accept an 8gb file. Used chat option for assistance and waited 10 minutes before getting an assistant who told me I'd need fo format the disk in exfat and sent me a link that made me lose the chat and brought me to a page that did not contain the file. Repeated and got another rep and the same happened. I've contacted Amazon and initiated a return. Unfortunately, I can't do the work I wanted. Bought a PNY instead."
2.0,great tuner defects in programing-recording and playback,"If all you want is a tuner this tuner works great it got more channels than all other tuners I have, and picture is great (using HDMI to flatscreen), and the remote works well (I used new alkaline batteries). And my unit came with a nice HDMI cable , HOWEVER, there are some serious problems, the date is off 5 days in the 12 hr mode,  and problems with the operation of the recording/playback mode such as it locks up using fast forward and must be unplugged to reboot to get out of a blank screen. And if I program more than two consecutive programs the recording locks up at about 11 minuets into the third show, and must shut down to get out of the  lock up. And the EPG function does not work well, it shows the programs but only gives info on first show and keeps that info even on other channels, must turn off to get out of that info page. (My other tuner (a TERK) EPG shows titles and info as one scrolls down the page and does not lock up and only cost 10 bucks more +tax bought retail).  I can play the VIEW TV recordings on the TERK and they play and fast forward fine.  I believe there are programing errors in this unit, unfortunate as the tuner works so well, also the recording HD (to a sandisk Ultra Flair 3.0 64gig flash drive)(must use 3.0 for HD) is great, but not worth it to me due to the aforesaid defects in operation."
4.0,Good device,"this is a sleek and easy to carry little thumb drive. The design is nice and I've had no issues with it not performing well, even when switching between multiple devices. It can handle the abuse I put it through on a daily basis without falling apart. It is big enough that I don't keep losing it, but small enough that it is convenient to keep in the computer without it getting in the way. I've been using it for a few months and have been happy with it."
1.0,Dead on Arrival,"Wow - this was incredibly disappointing.  I initially bought this SanDisk Ultra Flair with a couple other USB drive because it was small and compact.  I opened the others first and they worked great so I left this one in the package until I had a special reason to use it.  Just opened the package, inserted it into a USB 3 slot, the computer dinged recognizing a new device.. but nothing else.  Going to ""This PC"" to show all the drives, just hung the machine (the status address bar just kept going) until I pulled the drive back out and almost burned my fingers.  The drive was incredibly hot but the computer went back to functioning perfectly.  I tried on multiple computers and attempted Disk Management , etc.  which always hung the refresh.  Anyway, I have owned thousands of flash drives over the years but never one this bad... and of course, I took to long to open the package (5 months) and now Amazon won't take it back... My fault for not checking the product as soon as I received it =("
1.0,Files won't transfer from it anymore,"I haven't had this flash drive very long but I'm assuming the incredible amount of heat it generated has ruined the electronics. When it is initially cool I can get data to read off of it but in a very short amount of time it stops transferring data. Windows reads that 0 bytes are transferring. I am assuming once it starts up it's cooled down a little bit due to no activity but once the data starts flowing, it slows down and stops again. Over and over and over again. This product is unreliable."
1.0,Unreliable and short life span,"I ordered 4 of these several months ago, and 3 are now dead.  Before they totally died, they would not be loaded by the OS when inserted into the USB port on an intermittent basis.  After 1 or 2 days of that happening, they become totally dead, with no way to access the data."
1.0,S-L-O-W,"This is probably the slowest USB thumbdrive I've ever owned.  It's pretty much as slow as a USB 2.0, but may be slower.  I copied a little over 8GB to this 64GB card and it took just over 50 minutes!!!  I have old 3.0TB external drive and it copies that same amount of files in around 4 minutes.  This Sandisk thumbdrive is unfortunately trash."
4.0,solid performance running linux,I bought this to install and use Linux Lite from on my work laptop so i can carry one fewer laptops.  i have not used it heavily yet so i may edit review later to reflect real world usage
3.0,I bought this because the price was reasonable (under $20) ...,"I bought this because the price was reasonable (under $20) for a 64 GB USB 3.0 thumb drive. I am baffled. I tested the speed by copying 5 GB of photos onto it from the HD and it started OK at 40 MB/sec. It copied at this speed for a few minutes then, it dropped down to about 10-12 MB/sec for the remainder of the copy. I thought the bottleneck was the HD throughput. So, I copied from my 500 SSD to the thumb drive. Surprisingly I got the same performance behavior. The puzzling thing is that when I copied from the thumb drive to the SSD, it started at 100 MB/sec then after a little while went to 140 MB/sec at its peak. I got similar results when I copied from the thumb drive to the HD, started out at 100 MB /sec then went as high as 115 MB/sec."
1.0,Overheats and Extremely Slow During Large File Transfers.,"This flash drive overheats and extremely slow during large file transfers. I have 2.0 flash drives that are faster for larger files and 3.0 flash drives that leave this SanDisk Ultra Flair in the dust.  I wouldn't recommend this flash drive to anyone; except, to someone who is only transferring tiny files in tiny chunks. I am very disappointed with this sub-par product and regret this purchase."
2.0,Ultra Slow,SanDisk a name brand I always trusted till I got this 128GB flash drive I am seriously let down with the write speed goes between 11MB/s To Max 22MB/s Average 14MB/s very slow. On Windows 10 x64 moving 100mb files up to 700mb files connected directly into my mobo USB 3.0 slot.
1.0,Bad drive. Do NOT buy!!!,"The drive was good for about a month, then I started having problems. It's supposed to be 32 gb, but now it says it only has 50 mb?? I reformatted it and tried it on another computer and now it says it has 5 gb? I lost all of my data on it."
5.0,"Nicely fast, convenient, worked well over fairly hard use","I got this when I was starting a new embedded PC project, and have over the week or so had to flash maybe 50 times, each time writing a new OS to the drive, then booting from it and installing from it.  It's fast and has worked flawlessly.  It does get quite hot when used hard, but so far not hot enough to cause any failures.  The curved handle looked silly but I found it very handy (sometimes it is in an awkward place) -- being curved in one direction it makes it easy to tell top from bottom by feel, and gives a good grip for removal.  All in all a new flash drive.  Only missing thing, if one may be travelling with it, is a cover for the end to keep dirt out."
4.0,"16GB great for the price, 32+GB better write performance",This review is for the 16GB version:
1.0,Great Little Flash Drive - Long-term Problems,"This is a really good flash drive. Some people in other reviews were whining about it getting hot, but that is a good thing, the body is designed as a heat sync, so the heat from the semiconductors can dissipate faster into the air. What that means, is that the flash drive is less likely to become corrupted as a result of overheating. It performs well, I have tested it by loading it to its maximum, then copying files from it to see how it performs, and it is nice, not to mention inexpensive. The thing is tiny, which is nice, if for some reason I have issues with it in the future, I'll update this, but it is great."
5.0,Got hot,"I have 2 Smart TVs that support a “pause live tv” function. It takes the video and stuffs it onto a drive. I recently switched to an over the air antenna .... Durocher channel scan, the option came up to set this up, you need a stick drive, enter this product. I have ANOTHER NAME BRAND SMART TV that has 3usb slots and one marked as SSD.  I tried the drive and it only functions as additional storage for the TVapps and functions. The drive got really hot during this TVs formatting function. That is the warning... it got hot to the touch and that may have hurt it.  I don’t know"
5.0,Good drive for the price,"Was looking for a USB thumb drive and found the Sandisk Ultra Flair 16 Gb at a competitive price and according to other reviews, good read speeds and OK writing speeds."
3.0,Write speed much slower than I expected!,"The unit comes formatted as FAT32.  My testing, using a USB 3.0 port, involved writing and reading 8.09 GB of photos (2404 files in 154 subfolders).  The results are Write speed 14.53 MB/sec (570 seconds) Read speed 50.82 MB/sec (163 seconds).  Reformatting as exFAT the testing resulted in a Write speed of 16.18 MB/sec (512 seconds) Read speed 52.77 MB/sec (157 seconds). Reformating as NTFS resulted in a Write speed of 25.89 MB/sec (320 seconds) and a Read speed of 54.86 MB/Sec (151 seconds).  I did the same tests on a Seagate 2TB USB 3.0 powered rotating magnetic drive with results of Write speed 50.21 MB/sec (165 seconds) Read speed 53.10 MB/sec (156 seconds)."
1.0,"Buyer beware! Runs hot, corrupted, lost all data!","Experience total failure tonight after 6.5 months use; yes, just outside of service period.  Lost everything on the drive as it was corrupted.  A great number of irreplaceable files lost (and before you say it, I do back up off all my jumps monthly).  Irritated to say the least..."
5.0,Fastest in my PC,This is the fastest USB 3.0 I have run on my system.
3.0,Beware!!! No protective covering.,"I want to give this product 5 stars. There’s a lot that I love about it. My only disappointment is that there is no cover to protect the contact point to the computer port. I’m carrying it in a very unsophisticated plastic baggie to ensure no static buildup, dust or sand damage it and render it unusable. As such, it will only be a temporary device for me because I can’t risk losing the info I transport on it, and aside from the initial usage it was a waste of money since I will be discarding it rather than risk damage and loss of info."
1.0,This flashdrive fried my laptop screen,"I recieved this a few days ago, i got it to store video files... as i was transferring the files over the screen of my Dell Inspiron with windows 7 went completely haywire, it displayed a bunch of vertical lines and went white. I did a hard reset, and the same thing vertical lines which change to white. After days ive tried it with the same result. Ive plugged it into another monitor and it will start up fine much to my surprise."
5.0,Good product,"So far good.  It does get rather warm while in use. I like the large capacity.  My first use for this was to install Ubuntu 16.04 Linux on it and then boot a friend's malfunctioning computer from the flash drive. Once done I discovered the hard drive (Windows Vista) had three malware programs which had installed viruses and gobs unwanted software. I was able to transfer all of his files to the flash drive. After getting his permission, I replaced his hard drive with a new one, and installed Linux Mint and restored his files to the new drive. Linux Mint came with LibreOffice which ran all his Microsoft Office files just fine. He is happy. I reformatted the flash drive and use it with my computers. My primary use is for PowerPoint presentations."
2.0,Incredibly slow for large transfers,"So this is a fine USB stick which is why it gets the 2 stars, but c'mon in the year 2019, these guys should have better continuous transfer rates.  I continually get rates in the KB/s, unless I only transfer 1 or 2 GB at a time.  Anything larger, such as my music library begins to slow down from an already slow 20-50MB/s down to sometimes single digit KB/s."
1.0,Terrible Write Speeds,I am currently trying to transfer a 700 MB file for the 15th time and after the first 10 seconds of 70 MB/s it drops to less than 2 and then eventually hovers between 55 KB/second and 300 KB/second. Absolutely the worst thumb drive I have ever owned. Just terrible. Also it gets insanely hot to the touch. DO NOT BUY THIS.
1.0,Unreliable,I am very disappointed in this purchase. It worked briefly and then said it needed to be formatted. Windows could not format it. When I looked in disk management it shows 0 bytes free and 0 bytes used. I have not been able to find a solution and it is worthless now. It also gets very hot in the usb 3 port.
3.0,Never plastic again,"I have never before been dissatisfied with a true SanDisk product, and as always the memory here worked flawlessly for about a year."
3.0,Fast with low durability,1 out of the 6 I ordered only works intermitently.  When it is read by the computer it is fast.  It appears as though the internal contacts are wearing off after about 6 months of daily use.  I have to fuss with it when I plug it in to get it to read.  Great product with low durability.
1.0,Very Disappointed,"Drive looks great, feels great, but is not recognized by my computer.  I use a lot of flash drives from several maufacturers (to include San Disk).  Never had an issue like this before.  I'll see if I can return this."
5.0,Great storage device for the price,I really like the construction of this flash drive. It feels solid in your hand unlike some other plastic drives that feel like they would break if you shoved it in your pocket.
4.0,So small yet so big!,"Lots of portable storage space for your uncensored media! Great read speeds, not so great write speeds. One freaky thing is, this thing gets quite hot when it's not transferring files and is just plugged in and idling. Comes formatted in FAT32, so you might want to reformat it to exFAT if you plan to put 4+GB files into it. The SLIM profile means that it will reach pretty much ANY USB port, especially on Tablets that have protective cases such as my Surface 4, where the shell blocks most USB sticks."
5.0,"Very fast, great capacity","I bought four of these for a work project upgrading software on about 100 user desktop PCs; the only issue we had was actually that most of the PCs were USB 2.0 and our USB-device scan protocol took longer than we'd like, but that's nothing against these devices, just the hardware. They were perfect for the job, because we couldn't connect too many of the machines to the host server at once or it would get bogged down transferring the software. Four people and we still probably wouldn't have finished in one day without these things. On the USB 3.0 machines, they were super fast!"
4.0,"A bit slow to writes, but good overall and a nice size.","I like the size of the drive, a little smaller than it would seem from the images.  I really did not like the smaller thumb drives that were barely larger than the port."
3.0,Not as good as expected.,"Bought this drive about 6 months ago, so I've had some time to use it. I haven't done any benchmarking, but these are my findings:"
5.0,Interesting Flash Drive,"It's a very small flash drive that has a kind of awkward holder but other than that flaw it works fast and has some decent capacity for the price. Also, it gives the option to secure your file within the flash drive which is certainly a very cool feature that I haven't used because my documents are not important, but it can be a great option to keep your files safe and off the cloud if that is what you want."
2.0,Will die before the year is out,"Bought a few dozen of these for use in my company.  Use them to hold bootable OS images for installation.  They don't get much use (every few days), but after less than a year, they just start dropping like flies.  Like, DEAD,  PC does not see it at all.  And, not just one or two, but bunches of these."
1.0,Returned it,This product got very hot and kept unmounting during use. I was afraid it was going to catch fire. I then got a second one to see if it would do the same thing and both of them over heated. Would not recommend this item.
1.0,So slow it's completely worthless,"Having purchased the 256GB version of this drive, I was beyond disappointed with its pathetic 8-10MB/s transfer rates.  Had I known this drive was going to be an order of magnitude slower than its advertised ""up to 150MB/s"" throughput, I would have saved myself from the disappointment and just bought a cheap knock off.  SanDisk is a ruined brand in my eyes."
1.0,VERY HOT USB!!,"Read the reviews! I read the review about the temperature and was doubtful. I was wrong! The metal part does indeed get VERY hot to the touch and the speed is HORRIBLY SLOW for a “USB 3.0” device. My old Lexar 3.0 is almost twice as fast and I’ve been using it for 2 years now when copying random files of 12GB. The only thing impressive about this product is the size, but that’s it. I don’t want to add anymore heat to my computer especially the USB ports. Not satisfied at all with this device so I will return it."
1.0,Not worth the Money,"Listed at 128 Gig, Lucky if you can get 114 Gig on it."
5.0,"My husband says it's ""wicked fast!""","My husband was using a 64GB SanDisk USB Flash Drive for the past few years, but I recently needed it for something and have since appropriated it as permanently my own. I owed him a replacement and after shopping around a bit this is what I settled on. It is very fast, both reading and writing, we've had no heat problems with it at all and it is incredibly tiny which my husband loves. I don't have any technical data on speeds or temperature, but when I asked my husband for his opinion on his new flash drive he said ""it's wicked fast"", so there's that. Haha! He can play small games off of it and transfers movies and music onto it regularly since he got it and he's quite excited by it's speed. I definitely recommend this!"
3.0,Slow and inconsistent write speeds,The write speeds I got on this drive are inconsistent and lower (I measured 20MB/s) than what some other people have reported. Some of my SD cards have better write speeds when used in a USB2.0 card reader. The read speeds are close to advertised.
5.0,Sandisk has proven very reliable over the years,"Sandisk has proven very reliable over the years. Nothing proves 'You get what you pay for' than 'cheap' usb drives.  I have strayed a few times to my detriment, but now stick with Sandisk and a few other long established brands.  And at less than $20 for 128 GB this product cannot be beat."
2.0,"Good, Fast Thumb Drive",Works great so far! I've reformatted it several times and loaded different operating system install ISOs. I haven't experienced any of the overheating issues other people are reporting.
4.0,Satisfied my needs as a file sharing mechanism for files too big for free cloud space.,"Its a thumb drive - its not going to be as fast as your USB 3 hard drives.  The price is OK, and I have SanDisk thumb drives and camera memories, that have lasted for many years.  Its physically small.  I reformatted it to ExFAT with Disk Utility in an iMac, so that I could send some very large video files to a friend.  I was able to play the copied files from the Thumb drive on a cheap windows 10 laptop - so it had the functionality I was hoping for."
3.0,"Hard to get connected, but then works flawlessly","I bought two of them.  I like the speed of these two devices once they are working.  But every time I plug one in I have to go through this dance and I don't need to do with other such devices.  That is, I plug in the flash drive and it starts to connect, then it disconnects.  Then I have to repeat the process two or three times before it will connect and stay connected. I have tried different USB connectors on my PC and every one acts the same.  Both of these devices act the same way.  I have many other flash drives (SanDisk and other brands) and none of them give me this same problem.  But once either of these gets connected then it works flawlessly."
3.0,"Really fast, but really hot.","Pros: 1) Very, very fast for the price. 2) Quite compact for a 64 GB drive."
5.0,Incredibly Small Flash Drive with 128GB storage,"This thing is crazy small and crazy good for a flash drive that holds 128 GB of data.  In fact, it's so small that I am concerned about losing it.  I am using it to backup the data on my home computer and it's incredible the amount of information it will hold.  I recommend this SanDisk Flash Drive."
1.0,Two in a row failed,"First, it's important to note that the write speed is dramatically lower than the read speed, I got about 20 MB/s. Second, two of them failed immediately; the Finder copied files to them without error, but reading back the file resulted in hardware errors, even when tested on multiple computers."
3.0,"Its a drive that holds a lot of storage, but is slower than expected.","After tolerating my failing portable HD, I decided it was time to step it up a notch and forgo the bulkiness and get me a nice small flash drive. This one was in the running with others, but it was the encryption software that sold me. It was the perfect idea, speedy, it will carry all i need, keep my ""eye's only files"" secretive. It came and well so did some disappointment. First off I don't have USB 3, so I was expecting it to be slower than it claimed, but with my other USB flash stick it writes about 20mbs. The SanDisk Ultra Flair USB 3.0 averages about 4.75mbs and when using applications that are on it, take it longer to load. Even my word docs take considerably longer to open and saving them takes longer as well. So as for it's 2.0 backwards compatibility, that is completely junk. If i had to write large files to it on a regular biases, it would be going back to Amazon, but since I primary run portable apps, and word docs, and i do like the encryption software (it think that is awesome) I will keep it. Though if you only have access to USB 2.0 ports, like me with my personal pc and works pc, then stay away. My Adata 32gig USB 2.0 stick writes at 20mbs and literally puts this drive to shame for reading as well."
3.0,The more you use it the faster the performance degrades,"Update: Initially I posted a glowing rating but wanted to the review to reflect the loss of performance. I bought mine on June 7, 2017 and write an average of 80 GB to the drive a week. My write speeds now average around 7mb a second regardless of the computer or usb 2.0 or 3.0 interface. Read speeds for me are still 50 MB a second average. I often reformat the drive hoping the speed issue will fix itself but this may be the nature of this drive. I use TeraCopy to verify all reads and writes and so far no errors are presenting to indicate the drive is in failure."
4.0,Fast transfer rates. Runs very hot!,"Compact, robust stainless steel shell and easy to manipulate shape. Performance is as rated. Quickly transfers using USB 3.0 interfaces. I use it as a boot drive for pfSense."
3.0,Slow transfer of large files,"Large transfers are slow, very slow in a usb 3 port. However noticeable increase and 2.0 USB port. However for the price I won’t complain I do mostly small files anyway. Also no noticeable increase in heat as other reviews maybe because I have a newer version?"
5.0,Unbelievable.  128gb and good transfer rate.,"128gb on a stick.  Holy smokes!  I was able to back up all our photos and everything else onto this little guy.  Even though I keep all files on an external drive and backup daily to another external drive, I worry that a virus could wipe out every disk attached to my PC.  But once you pull this baby out of the USB port, it's untouchable.  I am not sure how long it took to output 80gb.  I think it was only a few hours."
1.0,Write speed is horrendous,"plugged into my USB 3.0 port, copied a 4.7GB file to the drive, started writing at about 67-75MBps then halfway through it dropped into the 20s, then gradually made its way down to around 10MBps, then steadily going from 10-27MBps until the file has finished copying.  This is NOT USB 3.0 write speed!  I tried formatting it and the same thing happened only this time it started at 32MBps then averaged about 15MBps.  Now that i opened the package I don't know if i can return it."
3.0,Slow File Writing Speed for Pictures and Video,"I'm a photographer and videographer that has to use flash drives to transfer media to clients and every now and then, I like to try out new flash drives.  I used this one and found that image and Video file transfers were a bit slow on this flash drive compared to a lot of other models.  If you plan on transferring a lot of files, you may want to look elsewhere.  The read capability of this flash drive is just fine but the file speed transfer of pictures and videos isn't very appealing.  However, if you're just transferring basic word documents, music, or any other files like that, I don't think you'll have any issues or problems."
5.0,Was able to make a bootable image,"I bought this to create a bootable image, to use in emergency situations in case my computer's hard drive failed.  The software that I was using (Acronis) didn't work at first, but going through some extra instructions on their web site fixed the issue.  (basically, I had to just re-format the drive in exFat format.)"
1.0,1MBs speeds... This USB drive sucks!,I bought a 128gb version.
5.0,Great for the Price,"Have been using SanDisk regular and branded flash drives for years.  I've seen people in the print store walking around looking for the cap off a customer's flash drive, so having the cap built into this one helps solve that problem. Working well so far with no issues."
5.0,"Tiny, fast, great capacity","This drive is really small, fits even in the narrowest USB slots.  Fast (as you'd expect) but sometimes warms up (which you might not)."
1.0,Bent pins equals dead drive,"Other reviewers mentioned their drives died, so when mine also died in a low-use scenario, I opened the case to find the failure. Low and behold, the extra USB 3 pins (more like fingers) bent to the point of destruction. There was no possible way to straighten them."
5.0,"Small, sturdy & fast","I needed an external drive that is large enough (256 GB) to transfer all my iTunes data from one computer to another, and chose this particular one because I had a positive experience with 128 GB one.  I was a bit concerned reading reviews by others about the heating issue but decided to order one anyway, and I am glad I did.  It doesn't get that hot even after using for hours of transmitting data back & forth, and it is solidly made and simple to use - plug it in, create ID & PW for protection and copy/paste or drag/drop.  And, the data transfer speed is super fast."
1.0,Very Very slow.  Speeds not as stated.,"I was copying 32gb over to the drive and noticed it took a long time.  Like 17 minutes.  That seemed excessive so I decided to benchmark the drive.  read was max of 30 mb, write was half that.  Benchmarked a few other usb drives I had and they were clocking 150mb read and 78 mb write.  I was going to use this drive for 720p video files but it is too slow."
4.0,Doesn't work in Alienware laptop,"This device works great in all my computers (USB 3 and USB 2 ports) except the one I bought it for … my new Alienware 17 R5 laptop! On the Alienware laptop with all USB 3 ports, it won't mount as a drive and posts a ""port reset"" error. I did find that if a put a short cable or male-to-female adapter between the USB port and Ultra Flair, it will mount and work normally. It is very fast and convenient when it works. I suspect this is an Alienware issue rather than Sandisk error although every other USB device I have works fine. I would give the Ultra Flair 5 stars, but since it seems to incompatible with my new Alienware laptop, I am giving it 4 stars."
2.0,I Feel that I wasted my money,"Dissatisfied with this purchase.  Bought it to transfer some music onto, but after the music was transferred it could not be read by any of the devices it was plugged into.  I ended up having to delete the thousands of songs that were placed on it.  Worse it was done for me by a friend and I had to ask for them to be redone on another drive."
2.0,"fast transfers but heats up far too hot, avoid","The transfer speeds are very fast, but the drive gets overly hot, as many others have listed as an issue.  It could be the metal case is acting as a heat sink, but I'll be ordering a different drive in the future."
5.0,Fast Small Flash Drive,"First impression, it is surprisingly tiny. Much smaller than my other flash drives. It works, it's fast, and the capacity is perfect for my personal use. Some reviews say the drive gets really hot but I don't really transfer huge files or leave it plugged in for an extended amount of time so mine only gets warm at most. Overall the performance is pretty good and I'm happy with this drive. I will most likely be purchasing another one."
4.0,doesn't disperse heat effectively,"First flash drive came broken. It wouldn't register on any 3.0 or 3.1 port and got insanely hot when I plugged it into either, but hey that happens. Replacement came quickly and without hassle so kudos to seller."
