ratings,rev_head,revs
5.0,BEWARE OF FAKES! YELLOW LOCK TAB? RETURN IT!,***Second Purchase (FAKE Card) - May 2018***
5.0,Great SD Card... BEWARE OF KNOCK-OFFS,"I have long purchased SanDisk SD cards because of the speed and reliability. However, my most recent purchase of the Extreme PRO 128GB card was unfortunately a knock-off as it was not recognized by the Black Magic Pocket Cinema Camera I bought it for. I searched reviews and indeed found another customer who got a knock-off instead of the real deal. SEE THE PHOTOS TO HELP YOU RECOGNIZE THE FAKE CARDS. I returned the SD card and received the real thing two days later and it worked just fine. I would suggest testing SD cards in the intended device immediately upon receipt, as the fake card was recognized by my computer -Mac- without a problem, and oddly showed a capacity of 134.7GB -red flag-. Had I simply stored the card I probably would have missed return by date. Amazon may need to better scrutinize their suppliers. I don't think they would knowingly sell knock-off products."
2.0,Misleading - Requires SanDisk USB3.0 UHS1 Card Reader to get claimed speeds,Misleading - You can only get the claimed 170MB/s read speed with a Sandisk UHS-1 USB Card Reader as it utilizes proprietary technology to go above UHS-1 speeds.
3.0,Not as fast as claimed. But still good UHS-I card,I was surprised to find this card for the same price as the Extreme Pro 95MB/s that had been available for a while. Almost double the read speed for the same price? Awesome! Not so fast there...
5.0,Excellent card but remember there are a lot of fakes out there so please read this,"Excellent SD card. read and write performance are within (grain of salt ""within"") stated performance expectations. Please try to double check to make sure you're not getting a fake card. The real cards have very little printing on the back of the card and the lock level should be grey; most fakes I've seen have a yellow lock level. The fonts are also different on the fakes card; you can see good examples of real vs fake cards on youtube."
5.0,The Ultimate Line of SD Cards for maximum performance,"The ultimate in SD cards of not only Sandisk but above all other companies when it comes to UHS-I (and UHS-II for the UHS-II version of this). Time and time again I have relied on Sandisk to record my images and video for personal, paid, professional, etc. events where I need reliability and I don't think I've had a Sandisk memory card ever fail on me save for one non-Extreme model that was very old and in a newer camera. Its speeds are superb and they match what they advertise. I really can not recommend this brand and this line of memory cards enough. They last too. I have several older Extreme Pro's that function just as well today as ever with no reduction in reading and write speed despite being used for applications with constant read and write and constant formatting. I have used these cards to shoot both RAW stills and video, the latter of which is a VERY stressful and demanding task for a camera to ask for a memory card, the memory card must maintain a truly stable and constant write speed and Sandisk does where other brands do not. I have used other brands and yes they work but for shooting high speed, high megapixel stills cameras or shooting 4K video or RAW video I will use Sandisk whenever possible. They continue to exceed my expectations and you truly get what you pay for and then some more. If anyone has any questions, feel free to ask. I use these cards daily and have for a while."
1.0,DO NOT BUY THIS CARD!!!!,"I purchased this SanDisk Extreme Pro 128GB SDXC UHS-I Card (SDSDXXG-128G-GN4IN) on June 14, 2018 because it was supposed to be suitable for recording video in 4K UHD.  Unfortunately, I failed to heed all the warnings about counterfeit cards.  Fast forward to this past weekend when I first tried to use the card in my Sony a6500 camera to record my grandson's birthday party.  Camera would not recognize the card as a class 10 or better and would only allow recording video at 1080i resolution or lower.  Upon researching probable causes, I discovered that I have one of the cards with a yellow lock which is an indicator that it is counterfeit.  To be sure, I tested the card with SpeedOut v0.5 and achieved a whopping 15.673 MB/s read, and an 8.878 MB/s write speed.  To make matters worse, I am beyond my return period so now I am stuck with a worthless card that, at best, is a class 4.  Obviously this card is being misrepresented and some bait and switch tactics are being used on the unsuspecting public.  Furthermore, Amazon should be ashamed that it allowing this to happen!"
5.0,Makes new camera even faster.,"I did a review on how much faster than card makes my camera write after taking a photograph, which means I can take them faster in succession now, than I have ever done before.  Well, I have a new camera FZ-80 (which is great), but noticed that even though it would takes photos faster than the FZ-70, there was a noticeable lag time before I could take the next photo. So I am ordering another one of these cards, for the new camera as well."
4.0,SanDisk cards are fantastic... but beware of knockoffs,"I'm writing a review to clarify and expand on what some other reviewers have said about the notorious ""yellow tab"" knockoffs."
1.0,Could not get the card to format,"I've used SanDisk memory cards before and have never had any trouble, but I could not get this card to work.  When I tried to format it, it kept coming back with a ""card full"" message, even though the card was empty.  I wound up returning the item and getting a different memory card."
1.0,Sandisk Extreme Poo cards.,"New: 2 more of these cards are splitting open. The faceplate that says Sandisk on it is coming off of the card and jams in both cameras and readers. The faceplate is what captures the lock switch, so when it peeled back, the lock on one card fell out, fortunately not into a camera. Sandisk customer service, without even seeing the cards, said, ""Normally this is considered to be physical damage due to mishandling which is not covered under SanDisk warranty."" ""Normally""? How often is this happening, and to how many users? I've never had a PNY or Transcend card come apart and they are going into and out of the same cameras and cases, and I've been using the other brands longer than Sandisk. Sandisk is supposed to be a top brand, but these cards just don't cut it. They should change the name to Extreme Poo."
1.0,"Bad batch, unreadable in Sony a7III UHS-I slot","Bought two of this card (UHS-l) for a new Sony a7III camera. The Sony won't read either card in the UHS-I slot, but will read it in the UHS-ll slot. To make certain the issue was the card and not the camera, I inserted a third card into the UHS-I slot and it read it with no difficulty."
1.0,Broke within one week,"Sure liked the 64 GB size of this memory card but it broke within a week of installing it in my cell phone. Unsure whether the phone couldn't support it, or that the product is crappy.  I'm unhappy with the product, but really I don't know what the problem is/was, and I forgot to return it in time, so I submit this review for information purposes only."
1.0,Heads Up! 128GB cards with batch number 766G will not work in Sony a7 III Slot 1.,Recently purchased two of the above 128GB Sandisk Extreme Pro UHS-I cards from Amazon with the same batch number (766G).
1.0,Can't trust it.,"In the middle of photographing a wedding, this card gave an error. After checking contents, couple dozen of latest images were gone. Few hundred previous to that were fine. Formatted the card again and never had problem since, but I will not be using it for anything important."
1.0,COUNTERFEIT!!! NOT GENUINE CARDS!!! DonDon Enterprises(Seller) are not to be trusted,Cards were writing slow and locking up my camera because they couldn't write fast enough. Ran a benchmark test and found they were faulty. I contacted sandisk and was informed that these are counterfeit. Font is different than the real thing and the fakes have no serial number on the back.
1.0,Fake Memory Card,"I received a fake memory card and pls. be aware of this seller, I have ordered for v30 video class memory card but I received a ordinary one without v30 and it has a yellow trigger on the side which indicates that it’s fake as the original one comes with grey lock, also the package came without any seal where I was able to access the memory card as soon as I opened the box unlike the original one. It did not had any serial number on back of the card and knowing the fact it’s duplicate, I still tried to shoot some pictures and after taking around 28 pictures the card failed to read though I am still able to take pictures and that 1 yr recovery software that usually comes with the package is also fake and I could not register it online. When I plugged in the memory card into my laptop , I noticed that the total available usage space is 134 GB which clearly indicates that the controller has been hacked and it’s a 100% fake memory card. I m totally frustrated as I lost those 28 pictures which I took while on my trip."
4.0,First One Malfunctioned,"The first card I purchased was only able to hold 2GB of memory, before it inexplibably seemed to erase or lose any further pictures taken.  The pictures would show up on the card through my camera as I reviewed them, but they would completely disappear when I went home and turned the camera on.  And it was only the new pictures on the card that were missing, not the old.  .  When I get beyond a certain number of pictures, they would not hold on the card."
1.0,"BATCH 766G IS DEFECTIVE AND DOES WORK, DO NOT PURCHASE FOR SONY A7III","The 128GB cards are defective!  The first set of cards I ordered would not read in the Sony A7III (Slot 1) which is a UHS II and is backward compatible to UHS I.  All other UHS I cards I have on hand work fine in the Sony A7III Slot I, so don't give me some stupid comment that it only uses UHS-II.  I requested a return and made comments that ""Batch 766G"" was defective and not working correctly.  Amazon sent me a second set and it is the same issue.  This makes me suspicious as to either the cards are defective or they are FAKE!  The folks that ordered them from B&H have had no issues, the only issues are coming from Amazon.  Very disappointed."
1.0,I purchased this product for my photography trip to Seattle ...,"I purchased this product for my photography trip to Seattle and got a card reader error 1/4 way through my shoot!!!  Thankfully, I had a backup.  I came home and tried the card again and received the message a couple of weeks later at an engagement shoot...UGH!  It was all that I had and went ahead with it and it worked out ok, but I did receive a couple of errors during the shoot.  Fast forward to last week and card won't read at all!!!  I've used SanDisk for all of my photography and this is the first time I've had this problem.  Not please for the money that I paid for it!!!"
1.0,YELLOW LOCK TAB = COUNTERFEIT ITEM!  Return IMMEDIATELY!,"I bought this card a few months ago and used it a few times.  When trying to review the photos I took on my DSLR camera, I got an 'error' code on the back display.  Once getting home & trying to upload images stored onto the card, I get another 'error' code telling me that not all files were uploaded.  I re-formatted the card, and noticed that it took minutes instead of seconds.  Really odd, since my other 128gb SD card formats really fast.  I took the card out and checked the amazon reviews - sure enough, there's one right on the top that says if you have a yellow colored locking tab, it FAKE as Hell.  I check my bad SD card - yup... YELLOW locking tab.  So I'm out of the amazon return window, and  there's no tab I can click to contact amazon about the seller sending fake goods.  Bottom line - I guess I'm screwed.  Buyer beware... $45 down the drain."
1.0,Do NOT buy these cards.  They could damage your camera.,"Let me start out by saying that SanDisk SD cards are my go-to for all my cameras.  But these particular cards are dangerous. Do not buy them, as they could possibly damage the card slots in your camera.  They would not pop up and eject like SD cards normally do, forcing me to have to gently pry them out of the slots with a small screwdriver.  I don't know why these particular cards are faulty...I did notice that they are made in China as opposed to Taiwan.  Do NOT buy these cards."
5.0,More capacity for the money (but also slower than the Pro 300),My review isn't to squash this product at all as I shoot both photo and video on my Sony a7Riii for a living so it's critical that the memory card can keep up.
1.0,Do not buy anything from this seller if you like your photo to stay with you,I used this card 3 times with my Nikon camera. On the third time all new files became corrupted and this was my son Prom Photo shoot!!!!!!!!!!!!
1.0,Not genuine SanDisk!,The cards sold are indeed fake . I didn't believe all the bad reviews but I found out the hard way.
1.0,NOT what it was sold as :(,"The instant I tried to use this card, it all became very clear, it's a counterfeit like so many others have written.  Sold as 128 GB but barely functional at all.  The camcorder will not playback more than 7 seconds of picture or film. Never doing business with this company again"
1.0,WIll not format in a7riii,"Just bought two more of these with the new low prices.  Just got to putting them into the camera and they will not format in the camera.  One is not recognized at all.  Have bought these in the past as they were recognized as the best.  Bad batch, or are other people having this problem?"
5.0,Bought for my Nikon DSLR Camera,"I bought two of these 64GB Memory cards to replace the two PNY Memory cards I was previously using and had started to fail.  I couldn't even take anymore pictures with the old ones without them erroring out on my Nikon DSLR Camera.  I thought I might need to get the camera repaired or buy a new camera altogether.  Fortunately for me, Amazon had a sale on these memory cards over the holidays and so I bought two of them to replace the old two.  I was taking a chance that it was just the old memory cards that were causing the camera to no longer be able to take pictures . . . and I was right, thankfully.  It was a lot cheaper to buy these cards and replace the old ones than to buy a whole new camera, as I'm sure you can imagine."
1.0,Beware.... Fakes are being sent out!,"Be sure to you get a genuine SanDisk card. The one delivered to me was a fake and you could quickly tell.  Aside from the obvious difference in the text on the sticker, the lock clip is yellow versus gray.  And finally when I tried to use it in my camera... it couldn't write my files fast enough and reading them was three times slower that normal."
1.0,Does not work with sony a7iii!!!! beware,"this card does not work on sony a7iii camera in slot 1 it will say unable to read memory, it will only work in slot 2............no matter what u try format, it wont work on slot 1, i confirmed checking other forums......"
1.0,Looked genuine but weary,"After decades of selling cameras, and countless Sandisk products, I was thrilled about the price on this after years of using a trusted generic. Placing it in my high-end Sony, however, and setting the video to 4K, my camera’s computer said I needed a more advanced card. Being on a trip, I was stuck and settled for hd instead, only to be told the card couldn’t handle that either! So I had to shoot on a rather low quality setting. I tried everything including re-formatting but nothing worked and figured I had a bad card, although having recently purchased some factory-sealed Sony batteries, complete with official hologram seal yet, (purchased elsewhere than Amazon), a peeling label and a little online research exposed a counterfeit product. Maybe it was just a defective card but now reading other reviews about fakes makes me wonder. The great reviews could be coming from users with lower-end products or who just might not notice as long as the camera is taking pictures. Whatever, card was bad and I’ll be spending an extra five bucks for a generic."
1.0,My first and my last Sandisk,"I've been a faithful Lexar SD and CF card user for many years and never had a single issue with their cards.  Not a single image has been lost or card corrupted using Lexar.  I lost my Lexar SD card while traveling and saw this SanDisk on Amazon and purchased.  Less than 2 months later, the card is dead.  Had a headshot session today.  Formatted the card as I do before each shoot.  Shot my customer, put card in my MBP and nothing.  Card doesn't even register/show up in my finder.  Tried my spouses MBP, and again, nothing.  I'll never purchase another SanDisk product again."
5.0,Great Cards,"Update 12/18/18: Sony released a firmware update that fixes this issue.  I have no idea if it was a Sony problem or a Sandisk problem, but it works now."
5.0,Great Card,"This thing is amazing in my Canon T6i! I made the mistake of purchasing a class 4 SD card for my camera and it was alright until I went into continuous shot mode taking RAW photos. It would take six shots and stop with a ""Busy"" screen preventing me from doing anything else until it was done 20 seconds later. With this 512GB Sandisk Extreme Pro SD card, when I tried the same thing, it took six continuous shots, then proceeded to take more shots less than a second apart... until I let go. I tested this for up to 50 photos and buffering still only took six seconds after that before all the photos were written on the card. Speed and size makes this thing unbeatable. Now if they could only drop the price a bit..."
1.0,PROBLEMS WITH SONY A7III - DO NOT BUY,"Bought one, A7iii displays ""Unable to read memory card. Reinsert memory card. Slot 1."" Tried formatting, no luck. Tried it on a Sony RX100 and Canon C100, it works just fine. Asked for a replacement. Same issue. Saw this problem mentioned in a few forum threads."
2.0,Corrupt card,"I bought 2 of these for a wedding and one of the cards is corrupt. When downloading the pictures, there are colored bands on the right of the picture or on the whole picture. One of the cards is fine but the other is not. Hopefully, I can exchange/return this card."
1.0,Bad disk,"Worked fine for 6 months and then after I took it out of my laptop and tried to put it back in ... EVERYTHING was gone. For such an expensive product, I am so disappointed."
1.0,Beware A7iii A7Riii,When I received my Sd card I was excited to use it on My brand new Sony A7iii. When I put the card in the camera it instantly gave me an error due to the card not being able to read. So I reformat multiple times and tried to trouble shoot the issue but nothing was working. I read in to it and people are saying that these issues are  occurring to the new Sandisk cards mainly in amazon perhaps due to the  many counterfeits amazon has in the system. It sucks but definitely will be buying from a trusted retailer.
1.0,Twice in five weeks I've received message on my camera screen that the card was not formatted,"I bought this card five weeks ago for use in my Pentax K-70 camera.  Twice since then upon turning my camera on I have seen a message saying ""card is not formatted"".  Thank heavens I had transferred all my pictures to my computer. I am not a happy camper and will be calling Amazon in the morning."
1.0,Two of my cards were corrupt/not working on arrival. ...,"Two of my cards were corrupt/not working on arrival. Didn't know because I was on the road and thought the corruption was due to my laptop and phone acting up at the time. Now that I'm finally home, I can see that they ""worked"" in the cameras I was using, but I now have to spend a bunch of time extracting JPGs instead of true, working CR2 files."
1.0,I've learned a painful $62 or so lesson,"WARNING: As others have said, beware of fakes/counterfeits. I got one of those questionable cards with the yellow protect tab and slightly greyer plastic. Only after the pain of a couple sessions where I shot video for local organizations and finding out copying the video files ended up with corrupt unreadable junk and eventually were not readable at all by any reader/camera and frustration that I blamed on MacOS bugs or mistakes I had made did I find from other 1-star commenters here that Amazon is somehow selling faked junk cards. Since the return window is over, I've learned a painful $62 or so lesson. And you can't put a price on disappointing the local organizations and having to explain that the video was lost."
1.0,NOT RECOGNIZED IN MY CAMERA! Fake card!,I bought the 128GB Extreme PRO SDXC card during the sale (march 2019) and had no need for it til this weekend. It took a few attempts to format it on my desktop. I then took it with me to my film shoot.
1.0,Order at your own risk,"I purchased 2 of the Sandisk Extreme Pro 128GB SD's as amazon warehouse deals. The price was great ($48ish) and was a decent discount from the normal pricing if purchased new. One of the SD's worked great, the other however wouldn't work at all. Upon attempting to format the card for the first time with my DSLR, instead of taking a 2-3 seconds to format, it took at least 20-30 seconds and the camera read error during formatting. I turned my camera off then back on and attempted again. This time is claimed to have formatted fine. I then attempted to take a picture and my camera just read error with card and wouldn't save an photos. I still recommend purchasing these cards via warehouse deals if you have the time to risk it, otherwise I'd just purchase new."
5.0,This card is FAST!,Wow this card is fast in my Canon 7D mark II. I was using a PNY Elite Performance card (rated at an equal 95 mbs) and with my shutter at high speed 10fps I would get 13 frames before it started buffering. With the SanDisk I get 25 frames and the buffering clears quickly. When it hits it's limit it only hesitates a second and starts taking about 2 -3 fps while the PNY card just froze up trying to write. This card even out performs my Lexar Professional 120mbs Compact Flash card. It can record 21 frames before the buffer fills and starts hesitating with it. I have the 160 mbs SanDisk Compact Flash card on the way and can't wait to see how fast it is!
1.0,Doesn't work in Sony PXW-Z190 (256GB card),"There are recognized compatibility issues with this card, which they simply pass off as ""Might not work in some hosts"". Kind of a major pain in my ass when there's apparently no reason it won't work in my new Sony camera. This isn't some off-brand crap I picked up in Thailand. It's one of Sony's new ""prosumer"" models."
1.0,Bad Batch?,"I got this card for my Sony A7III in November, and when I would insert it, the camera didn't recognize it - I figured it just needed to be reformatted or something and set it aside to deal with later and used my other cards. Well, I've now reformatted it and still haven't been able to get it to work - same error. After a bit more research, it appears there is something about this particular batch that just isn't working properly. Updating firmware on my camera hasn't helped either. My older cards (identical as far as I can tell, purchased earlier this year), work flawlessly. Unfortunately I'm now outside the 30 days on the card so, I guess I'm out of luck. I'll contact Sandisk and see if I can get a replacement or something but I'm afraid I'm just out of luck."
1.0,DO NOT BUY,"DO NOT BUY! Ive always used this exact brand and type of card, but when I bought these they literally didn't work! They would be ok and then my camera would randomly not fire?! I formatted them before hand and I bought multiple cards and they all did this. I switched my cards and everything was fine!"
5.0,Very good performance SD card for my DSLR.  Worth the money to spend on quality speedy SD card.,Definitely worth spending extra for this SD card.  PC to SD card (with McAfee company-installed package running in background) transfer of 3GB of 160 files (~20MB file size - raw photo files) shows average 55MB per second write speed.  SD to PC read out of similar type files (from my Nikon D5100-taken raw image files) usually occur at about 80MB to 85MB per second read speed.
1.0,only 35 MB/s,I just received this 128GB SanDisk Extreme PRO 95.
5.0,64gb Sandoval memory card for my Rebel T6i. Good card,Bought this memory card for my cannon rebel T6i camera. The memory card is faster than I probably need for the camera. But. I do shoot video on my camera. So the extra speed helps for the video writing. The card is quick in my camera. No complaints. I take photos every day I'm at my beach house. My friend told me I needed a larger Mb so I can take better stills of the waves and ect. It's a memory card. Has a lifetime warranty. I travel a lot. So 64 gigs is about 5000 photos. If I switch to a lower image setting on my camera. It shows the card can hold 9999 pictures. My friend said I should get the 128 gb. But. I'm not a professional photographer by any means. This card is great for my trips. It comes with a clear case. But. I just leave it in my. Camera. Again I'm not a pro photographer. Just a guy who like better image quality than my iPhone sometimes. This works.
1.0,"Check first, you may be getting a fake card.","Bought this for the brand and speed. Traveling in Europe now and got this before my trip, on first use half of the photos were corrupted, reformatted and tried again, same thing. Finally tested the card on my laptop, speed r/w just 1~2 Mb, supposed to be close to 90. Inspected the card and could not find any labels or marks, notice the built looks quite cheap. It is definitely a fake card. Now in Europe and will have to buy a new card here."
4.0,Looks like all checked out,"With the amount of buyers getting questionable cards and or supposed to be fakes, I was nervously waiting to see if I got the real deal. Happy to say that all checked out just fine and looks to be legit. Ran a quick 256 MB, 512 MB, 1 GB and 4 GB test and results are pretty much as spec'd. Formatted card in my OM-D-E-M5 and took burst photos then reformatted again then re-did burst photos and card looks to be working as it should."
1.0,I have found SanDisk to be the single worst company in regards to the reliability of their products,"For whatever reason, I have found SanDisk to be the single worst company in regards to the reliability of their products. I have had everything from compact flashes, micro SDs, and now this SD card fail on me. I am constantly getting dropped frames with this and I would certainly love to switch companies but my camera only officially supports this god awful company."
2.0,Very meh,"Only thing ""Extreme"" is its lack of performance.  Maybe I got a dud?  Read rates have never hit 95 MB/s.  I have a Core i5 with 32 GB DDR4 RAM and a Samsung Evo 850 m2 drive.  Card is read from a USB 3.0 reader.  Final point of frustration was the card had a read error on a photo shoot today.  It's had read errors intermittently when transferring files to my PC, but this is clearly a different scenario.  Thankfully, after turning the camera on and off (it was stuck on the read error screen for a while), it worked for the rest of the shoot.  Suffice it to say that this is my first bad experience with an SD card...ever.  I guess I've been lucky?  Returning the card this week."
5.0,Mine were the real deal but fakes abound,"I've ordered these a few times and on the rare occasion, I receive a fake.  I've learned how to spot them.  Just read some of the other reviews about the fakes to learn what you need to look for."
1.0,Fails on Sony A7 III Mirrorless Camera in Slot 1,"This has been reported elsewhere, but I was able to confirm that these cards DO NOT WORK IN SLOT 1 on the Sony A7 III Camera. If people are saying it does in fact work, check to see when they purchased it. There appears to be an issue with a more recent (Fall 2018) lot of cards. Hopefully, SanDisk will get that straightened out. Meanwhile, I sent the one I purchased back. Might want to wait it out or pick a different brand for the time being if you're shooting on an A7 III."
5.0,Lots of storage that has held up fine so far after lots of use,"I use this in a 4K video camera that records almost daily (mostly indoors) for hours at a time.  At the end of each day, the card is removed from the camera and the contents transferred to a hard drive, then it is put back into the camera.  After 8 months of this continuous use -- recording for hours and being removed and re-inserted day after day, the card is still holding up and working fine."
5.0,Nice SD Card but Be Careful,Original Review was below but i since increased my review to 5 stars. I took a gamble and ordered another one and right away i could tell this one would work and thats because the interior package was actually sealed.
1.0,Be aware of counterfeit cards,"I purchased the new in original packaging card from Amazon Warehouse Deals.  It turned out to be a counterfeit.  Thank you to all the previous reviews which helped me to identify it as a counterfeit card.  It has a yellow tab and no serial number on the back.  Initially, I was not sure if the card was defective or counterfeit.  I was on a family vacation when the card stopped writing more images even though the camera showed that there was a lot of capacity left on the card.  Additionally, the write speed was very slow.  Amazon apologized and refunded my purchase.  Amazon's service is excellent, and I have always had very good experiences with the SanDisk products.  I am posting this review so that others are aware that counterfeit cards are out there and take care to inspect their cards upon receipt."
1.0,The first one that I ordered started to corrupt files ...,"The first one that I ordered started to corrupt files after a few days. After some research, I found out that it was a fake. Make sure to check if yours is a cheap fake. The ones with the yellow locking tab, and no serial number on the back are fake. Return them immediately. Amazon knows about this problem."
5.0,Never going back to regular memory cards. No “busy” here shooting in RAW,"I have my own photography business that I’m having to buy things as I go and also learn new things as I make mistakes or realize I need better this or better that. Well I shoot in RAW and that takes up more time to save to your card. I had been buying my normal memory cards I used for family vacations. I would notice that if I needed to shoot rapidly in raw I would only get so many shots before my camera would be “busy.”  I have missed some important shots bc I was shooting up to it to make sure I wouldn’t miss it to only go “busy” as the peak moment struck. I stuck this card in (128) and just pointed it at a wall in my house and held my shutter button down. I had a split second busy after at least 6-8 shots but by time I even mentally registered it, it was over and already clicking again. So for a millisecond I had a pause at most where before I would sometimes have to wait 15 secs. I was able to shoot 15 photos consecutively no problem in a matter of seconds. I can’t wait to use this for my wedding. I’m never going back to regular memory cards."
1.0,Maybe counterfeit? I don't know,"I'm sure you have heard of the counterfeit Sandisk cards being sold here. But those usually don't look 100% identical to the real thing. The ones I got came in the same packaging, and the same look (100% identical) to a real 128GB Sandisk I had bought from B&H -- however, it would not work in my Sony A9. I couldn't format it, and certainly couldn't record info to it. I'm definitely hesitant of buying from Amazon in the future for these (if I ever do again at all)."
5.0,"Fast Card for Video, Stills",I got this to use in a Canon 80D DSLR. The card formats and writes very quickly. I have made several video files approaching the 30-minute limit in length; all were taken at the maximum ALL-I MOV video resolution (listed as 90 Mbps) and the card had no problems keeping up.
5.0,Highly Reliable SanDisk,I purchased this item on my own with no compensation for this review. Please click on Helpful at the bottom of this review if what I wrote is useful to you.
5.0,Wedding Videographer Feedback,"I am a professional wedding videographer, I need quick read and write speeds for a fast paced workflow. This 64 gig card should be in all professional videographer’s bags. I recommend this card because any card with higher memory can be hazardous. Imagine if you had a 128 gig SD. If you lose that card you have lost all your work. If you had two 64 gigs, atleast half of your trip to Aruba can still be processed and saved. 64 gigs is not only the safest amount of data to have on one card, but it’s read and write speeds are fast. SanDisk has without a doubt industry leading cards."
1.0,Counterfit or either from a flawed series of cards - unsuitble for high bitrate video.,"I ordered 2 128gb cards for my sony A7III, while the cards work in the first card slot - they don't work in the second card slot (which is the faster slot). Of course, I asked for replacement cards, before the second pair got to me I did some researching (since this error was really odd - why wouldn't this card work in slot number 2). Turns out there is a possible issue with cards ending with the serial 766G, both of the cards had that serial."
1.0,Not working after first use.  Could have lost entire vacation worth of images.,"This is the second time I've bought a SanDisk SD card and the SECOND TIME it's been non-functional on arrival.  I guess they were right about what they say about fooling me twice... shame on me.  Never buying SanDisk product for the rest of my life.  I'm just glad I learned from my mistakes before I went on vacation.  Would have been really bad to lose all of my pictures due to a bad SD card.  I'll be moving my business to a different company, maybe PNY or Samsung.  I recommend you do the same."
1.0,Buyer beware - No returns accepted,"I purchased this card and it turned out to be the wrong size for the camera I bought it for. The camera was also on order, and did not arrive as soon as the SD card, did, but I had the SD card for only a couple weeks, unopened, until I finally got the camera this weekend. As soon as I unboxed the camera to put the SD card in, I could see right away this SD card was way too big. It turns out, the camera needs a micro. Unfortunately, when I went to return the SD card, I see that unlike most Amazon vendors, this particular vendor does not accept any returns or exchanges. I'll never know how good this SD card is because I can't use it, and the fact that I can't return or exchange it for what I need makes me never want to buy anything from this vendor, again."
3.0,SONY Incompatibility problems!,SONY USERS!
4.0,Doesn't work with Sony A7III edit-( problem cured with camera firmware update),"I've got 3 Sony A series cameras, an A6300, A7RII and a newer A7RIII. In the past year, I've bought 2 of the SanDisk Extreme Pro SDXC UHS-1 cards and found that neither of them is recognized by my A7III though they both work well in my other cameras."
5.0,"Worth A Few Extra Bucks, Here's Why",I had purchased a different brand name card (2 of them actually) and after testing saw they both wrote at around 18MB/sec. These were cards that spec-wise were identical to these SanDisk cards. I just tested these 2 SanDisk and they both write at 72MB/sec. I tested on a late-2012 Mac Mini using the built in SD card reader and the BlackMagic software test.
1.0,BEWARE!!! FAKE COUNTERFEIT memory card!,BEWARE!!! FAKE COUNTERFEIT memory card! I ordered one one and my Sony A7iii did not recognize it. I requested to have it replaced and the same was for the replacement. So i went to do a SpeedTest on them and found out that the speeds are under writing and under reading. I compared the speeds to other three SanDisk Extreme Pro 128GB that I use on a daily basis.
1.0,This card does not work on the sony camera,"I bought this for a trip, and when I try to use it on my sony a73, it doesn't work.  The camera will not recognize the card.  I did some research and realize this is a well documented problem.  Older versions of this card do work.  I did not expect a big company like sandisk would have quality control issues.  I am not going to buy another sandisk product until the company recognize defects in this product and have a plan to eliminate similar issues in the future."
1.0,Terrible product. Only 16MB/s write speeds - stay away,I purchased this product because I was getting the movie recording has stopped automatically error. I read online that a fast memory card above 48MB/s would fix that issue. I decided to purchase this one because it was twice as fast as the minimum speed. I popped it in my camera but could only record a max of 12mins at a time and I was really confused as to why.
5.0,Great for 2K and 1080 HD Footage on BlackMagic Design Ursa Mini Pro 4.6K,"I've been using two of these cards inside a BlackMagic Design Ursa Mini Pro 4.6K camera. Mostly using it when I have to shoot 2K or 1080 up to 48fps. If you want higher res and faster framerate, you need to shoot with CFAST cards. But these SDXC cards let me shoot hours of HD Footage and they are less expensive than CFast. I've been shooting with these for several months and have not had a single problem."
5.0,Worth it!! SanDisk is among the best!!,Great card for recording 4K video and photos on my Panasonic G7/GH4 with no problems at all.
1.0,Didn't work in two different Macs,"I tried two of these in two different Macs (one iMac, one Macbook Pro).  They both failed (errors in formatting, writing, reformatting, unable to mount/dismount).  I've used other SDXC cards (actually, microSDXC in an adapter) from SanDisk in both Macs with no issue, as well as other smaller SD cards over the years."
4.0,Good Choice For High Speed Action Photos!,I now have a few of these SanDisk Extreme SD cards and I am completely satisfied. They are fast and reliable.
1.0,"No longer compatible with Sony Mirrorless cameras (A9, A7III, A7rIII)","I just purchased a number of these cards when they were on sale. However, they no longer work in Slot 1 of the newest generation of Sony cameras (A9, A7III, A7rIII), at least the ones I tested them in. They work properly in Slot 2, but not in Slot 1. The camera just doesn't recognize them. I contacted SanDisk, and the following is their response:"
2.0,Does not work for Sony A7iii,I bought 2 of these for my Sony A7iii and both does not work in slot 1 of my camera. I have tested other memory cards with my camera and they work fine.
5.0,"Fast, capable, and reliable","The one time I bought a card that wasn't a SanDisk convinced me never to do that again. I'm using this card as the primary storage in a full-frame Nikon professional camera, with another, identical card in the second slot. That means the disk has to rapidly absorb a considerable amount of data in .NEF (that is, ""raw"") format, even more so when I shoot in burst mode or use the camera for high-quality video. This SanDisk SDXC UHS-I Card has never shown even the slightest lag. Although I could give you some technical specs you could find elsewhere, suffice it to say that I strongly recommend this card and just about any other SanDisk original. Don't go cheap and get a card that's dodgy, and definitely don't buy some card with a ludicrously higher price just because it has a fancy name."
5.0,Sped up my camera's buffer and write speed!,"Have only had this for a day, so I can't speak about the durability or reliability of the card, but it is much faster than my previous card.  I tested this by running a 7 second high-speed burst of RAW files (16MB each) with each card.  The old card (Promaster 16GB class 10 card) captured 37 shots, while this new SanDisk card captured 49 shots.  Both ran at full speed for about 4 seconds, when the promaster slowed down, and the SanDisk slowed down at about 5 seconds (an extra 10 shots in the case of this OMD em-1 camera)."
5.0,"Works as expected, but DON'T BUY IT","I got this as an upgrade to my 5 year old Sandisk 16GB SD card, I use it mainly to store photos and videos in my Nikon DSLR, I took a long time to upgrade my card as I mainly shoot photos, I occasionally shoot video, and sometimes the video got interrupted because the SD card wasn't fast enough."
5.0,I highly recommend this SD card to anyone,"This is one fast card! I use it on my Dell XPS 13 to store my music library. Transferring the files from the Dell (with an SSD) to this card took 30 minutes (335 GB, 53,000 MP3's). The fastest transfer I've ever made with my music library. My media-monkey player doesn't lag when playing music directly from the card. I highly recommend this SD card to anyone, for any application!"
1.0,DO NOT BUY!!!,"DO NOT BUY!!! Will randomly stop being recognized/read by camera and computer leaving you unable to retrieve photos!!! One card I used for 10 days before this happened and the other I literally just insterted it into the camera, ejected, inserted it again and it no longer worked. One card looked like the gold metal conective bars were kind of scratched, but the other was spotless!!"
1.0,FAKE?  Does NOT work in Sony A7III,"The cards would not read in slot 1 of a Sony A7III.  There seems to have been a bad batch of these according to rumors.  However, I've also had mixed success buying cards off of places like Amazon and eBay due to fakes.  Regardless of a defect or fake, I almost lost money on a video shoot -- was fortunate enough to have my card case with me to pull some back ups.  Sad because this has been my go to card for my A7III and A6300.  Never had a fail or issue prior to this instance.  I returned these and purchased two others from B&H, hoping for better success."
3.0,"BEWARE of issues with Sony A9, A7iii, and A7riii models!!!","I purchased this during the amazon sale for my A7riii. I ran into an issue with using this card in slot 1 where the cameras says unable to read card. I tried it with my second A7riii and had the same exact issue. I purchased a replacement card and again, same issue. Apparently online others are having the same problem. It’s not the card but the Cameras issue. The problem seems to be with the serial number/batch ending in 766G. Until the issue is fixed I can’t reccomend these."
1.0,Horrendous! Do not buy!,"Horrendous! Dead on arrival. The colors didn't match my other SD cards. That was a big suspicion. Then I tried it on three different cameras. None could read it. This is a BOGUS card. ""New 170x card."" Do not buy. Stick with the tried and true 95x speed. Sent this back in a hurry!"
4.0,Took a beating for 3 years before it fell apart. We worth the repurchase.,"Very reliable. This is my third 128gb sandisk... one in my DVX200, and in my GH4. My original GH4 card just fell apart after 3 years of heavy use so I'm replacing it."
5.0,Best Value for $21.00,"To put it quickly, this is a great value. I've tried other cards and I can see they write slower than this card. I used a slower card in my Sony A6000 and I could tell the difference in write speed. In fact, a slower card in my a6000 caused it to over heat faster than normal. Works great in my Fuji X100F, Sony a6000, and my Nikon D500."
2.0,Ample storage. Good value. Card appears to be defective sectors; causing data lost,"This card has ample storage and works fine for the most part. It doesn’t appear to be compatible my camera. My camera couldn’t read the files it previously wrote from a few days of shooting when I recently used it, but new ones were OK. I couldn’t copy files from computer to external hard drive and it keeps giving me error messages. I tried disk utility to fix it but a message popped up indicating bad sectors. Still couldn’t copy files. Also lost a few days worth of photos on this disk and other recovery programs were not able to restore any of them. This is the first bad card I bought that is Sandisk. Bad sectors on card and/or incompatibility issues. Never had issues with the others before."
1.0,FAKE FAKE FAKE,"Don't Buy this card its a fake. I was really looking forward to receiving the card and after I took it out of the box and put it in my camera and started shooting with it, everything was fine until I started doing video. it would record for 2-3 seconds then stop. the writing speed should be enough but apparently its not. after further examination of the card, it shows to be a fake Chinese knock off which is really disappointing. will not buy off amazing again for memory cards"
1.0,WILL NOT work in Sony cameras.,"I've tried two of these now after Amazon sent a replacement for the first one and they will not work in any of my cameras. I've tried Sony A7iii, A7riii, and an RX100V. It pops up an error message and says it cannot read the card. Not sure if this is just limited to Sony cameras, but regardless it has been a huge waste of time."
3.0,These memory cards almost ruined my camera and trip.,"I got four of these SDHC cards for an upcoming vacation. I thought I'd be covered and could take thousands of photos and hours of videos. Instead, they gave me a rollercoaster ride."
1.0,Defective card. Amazon would not replace past 30 days return window so be ware!,"I am a professional photographer and I bought this card on 6/3/19. Since it's an additional card to my existing card inventory in my studio, I didn't get to use it until 6/1 since I have many other cards."
1.0,DO NOT BUY THE SANDISK 64GB OR 128GB IF YOU HAVE A SONY A7iii,"I bought the Sandisk 128gb SD card for my Sony A7iii, it arrived right on time and the packaging for the sd card was damaged. I opened it anyway because I was eager to use the SD card for my camera. I put the SD card into slot 1 and kept getting an error. I put the card into slot 2 and the error disappeared but I was not able to transfer any of the videos on the card to my computer. These problems seem to only be related with the newer SD cards but I was very surprised that Sandisk failed me like this. I use their 32 gig cards all the time but the only thing I'm happy about is Amazon's excellent refund service....."
5.0,How to fix Write Protected for the SanDisk,"I have bought several of these and use them all the time.  Somehow when I put this in my Canon camera it randomly said that my disk was write protected.  There is very little said anywhere on the internet that was actually useful to figure it out.  After comparing pictures and going through a deductive thinking process (yes, it is an authentic disc and not a knock-off) you will notice a small toggle on the left-hand side of the disc where the lock symbol is that actually moves up and down.  I might sound stupid, but I missed that step.  So - if you cannot write on your disc this is the problem and the way to correct it.  Simple fix."
5.0,"Worked great, but I gave it to a friend anyway.","I bought this card on a lark: it's bigger than anything I'd normally use on my old Nikon D90 (DSLR that takes an SD card) but I was hoping it would work out on a Nikon D3 (DSLR that takes 2 CF cards) with an SD to CF adapter. Well, it does, if you partition the card to 32 gig (the D3 does not support 128 gig cards) and the speed is excellent, but the combination of card and adapter is not cost effective at 32 gig."
1.0,Counterfeit,"I received a counterfeit card. The video files I recorded were corrupt and my camera's display was not responding when it was using this card. Stay safe, buy it from somewhere reputable and don't risk your expensive tech on it to save a few bucks."
5.0,The best cards for professionals,"I've been using Sandisk Extreme Pro cards since I started doing wedding photography in 2012. I shot around 300 000- 400 000 photos, and never had any issues with these cards (it was important because I was shooting on a single card slot Sony cameras). So they are the only cards I trust (I don't even trust original Sony cards, because I never used them). Also, SanDisk customer service is excellent! This 128gb card I bought was not compatible with my a9 1st slot (because of Sony firmware), so I contacted customer service, and they offered me a free replacement (though this compatibility issue is not their fault, but Sony's)."
1.0,"$79 for 256Gb SanDisk Extreme Pro SD, maybe Not a good deal.","The card I received had write errors and ""Extremely Slow"" write speeds in camera.  It did not have the usual SanDisk recovery card inside the packaging.  $79 for 256Gb SanDisk Extreme Pro SD; Maybe not a good deal?  Counterfeit SanDisk of just bad SD card, you tell me?  PS; I have more SanDisk SD 256Gb cards and never had problems with SandDisk or Lexar cards."
5.0,Nice,Faster than the 95/90 mb/s but you need to use sandisk reader. On old readers didnt get the right speed
5.0,UPDATED: Works on A7iii,Update: I have upgraded my Sony A7iii firmware to 2.10 and now it works fine in the card slot 1 and 2.
1.0,Just be careful,"After three fake card purchases from this seller, I decided to buy it from a known electronic store online. Its funny this card is not sold in stores. But I attached pictures of the genuine card to help you identify the fake ones. Remember if you can open your card pack with your fingers, chances are you have the fake one. You need a scissors to cut the pack because it is very thick plastic. And the 13 serial number is well written in an organized way."
1.0,corrupted file with SD card,I purchased this item and used for a couple of events however I ended up with 2 corrupted files and don't think I can use this SD card again. I cant return it because it is one week out of return window.  very disappointed.  Never happened to me before.
5.0,Using it as an add-on hard drive equivalent,Ultra high capacity (half a gig!!!) with fast read/write.
1.0,"Product appears to be legit, but is perceptibly thinner ...","Product appears to be legit, but is perceptibly thinner than the identical card I bought a few months ago. The result is that when I go to eject the card, it doesn't pop out. I have to drag it out of the slot. This is not the case with the previous unit. I don't know that this hurts the slot in my camera, but I'm not willing to risk it. It will be returned. Sandisk - if this is really your card - congratulations on saving 1 billionth of a cent by using less plastic."
1.0,I may have received a lemon or I don't know ...,"I may have received a lemon or I don't know but it doesn't get even near the speed it should. Even my Nikon camera sometimes displays a message that the card is not accepted. If I restart it then it accepts it. It only happens with this card. So after this, I put it on PC and measured it. Run the test various times with different options and this doesn't ever get even near the advertised speed."
1.0,Not compatible with sony cameras,Doe NOT work with sony mirrorless cameras such as a7iii.  A simple search of sony and sandisk will bring up lots of people having issues
1.0,Doesn’t work in Canon Rebel T1i,I don’t know if I just received a defective card or my Canon T1i isn’t compatible (you would think there’s a compatible product list if that were The case) but when I put it into my camera it couldn’t be read. Returning.
2.0,"Card failed after a year, lost photos","I had liked this card but after a year, it started losing photos. It failed on me yesterday and I lost 27 photos that I had seen and double-checked were on there while the card was still in the camera. But by the time the card was moved to my laptop an hour later, they had disappeared."
1.0,good for about 8 months then it broke,I used this drive on my Leica D-Lux type 109 and it now one of the pins in the drive are bended and cannot be read by the camera or the computer not sure what happened but it looks like it is not door able at all!!!
1.0,Junk Cards. Do no buy!!!,"I purchased 4 of these cards, not ONE would work on my Sony A7III.  Kept getting an error.  Amazon, quit selling fake cards.  Back to only b&H for memory cards. ridiculous."
5.0,Memory for Sony RX III,"I got this for my Sony RX III.  It was able to hold about 2,000 pictures on one card.  (Or 1,800 photos and five or so less than five minute high definition videos in another situation.)  For each image, a JPEG and RAW format file were recorded.  (I do both so I can post the JPEGs via wifi to my phone during vacations, and post-process the RAW in Lightroom later.)  I suggest getting at least two cards of this size if you are a heavy picture taker.  I used up the entire card during a recent week long vacation, and had to scramble for additional memory on the final day.  Great product and will buy again."
5.0,great flash,"I am always hesitant to purchase ""faster"" ram. I could get away with what i was using previous which i think was just the extreme and not the pro. The only small issue i had with other flash was when shooting continuous the flash couldnt keep up after about 12 pics. I know thats alot at once and it would clear pretty quick but would still stop shooting so it would write all the data. With this flash that is no longer a problem. I dont know if i could through to much at is with my current camera as i have run 30ish continuous shots and it just kept on going. Completely happy with purchase."
2.0,"Probably a fake, will purchase these cards directly from SanDisk next time.","I won't give it one star because technically it ""works.""  I often get an error message when first inserting it into my desktop AND my camera both.  As long as I take it out and insert it again, it works.... although I wonder at some point if doing that will compromise what is on the card (not being able to eject it properly).  The plastic.... the card itself.... is just a bit THINNER than my other sandisk cards.  I wonder if that is why it is persnickety about being inserted just right.  I would guess this is a fake.  And no, it's not as fast as my other cards.  I shoot Nikon, raw if that matters."
5.0,I feel the difference. And it makes my life easier.,"I felt the difference right away with my very first burst of shots with this card. I was using another card that was cheaper and now I won’t go back to it. This card made a huge difference in the number of shots I could get in one burst, and it feels like it increased my fps. I’m shooting sports with a Canon 80D with a 70-200 L f/2.8 is ii. Upload speeds were greatly improved as well compared to my cheaper card. I’ve never had any problems with SanDisk."
1.0,Stopped working shortly after it was installed.,Re-evaluating this purchase.
1.0,DOES NOT WORK IN CAMERA THEY CLAIM IT DOES,DOES NOT WORK IN CAMERA THEY CLAIM IT DOES!! I looked at list as well ad Q & A section and it clearly states these work in Nikon Coolpix P500 AND IT DOES NOT.
1.0,Does not work in Sony A7III cameras!!! (and probably other Sony alpha cameras),"First of all, the card I am reviewing seems to be genuine, no yellow lock tab."
5.0,Large capacity with relaible performance!,Bought two for my son to use in his camera.  He has no negative comments on the performance.  He shoots just photos and the card has performed as expected with no glitches.  I shoot photos and some 4K video and have settled in on SanDisk as my go to card supplier. I have yet to experience any failures with their cards.  If you do shoot video (especially) 4K you want to check very closely on the performance specs of the card. You can easily Google and review what card performance factors are best for 4K video.
5.0,"Be aware, but confident.","I read a lot of reviews to be aware of “knock off” or fake cards with yellow lock slides. I was nervous and skeptical on ordering these. Since I have had several SanDisk SD cards and Amazon’s return policy is great I decided to take the chance and order two. Both are authentic as far as I can tell, they have grey lock slides and look real. When I place them in the DSLR it says I can take almost 5,000 RAW photos. That being said be cautious of artificial BS but buy these with confidence. SanDisk is a great name brand and if you get an authentic one you won’t be disappointed."
5.0,"Great card, great price.","After reading some of the negative reviews about this SD card, I was a bit hesitant on ordering one. But, I needed something bigger than my slower 32GB SD card so I decided to pull the trigger."
1.0,Disk will not support 4K,Disk will not support 4K. False advertising
1.0,Counterfeit Card Received,"I just received the memory card.  It is clearly a knock off.  The biggest give away is the yellow lock tab.  I am contacting Amazon right away, and will stop payment on my credit card.  I won't even put it in my camera."
1.0,Fake copy product!,This is a fake copy product! The write times were twice as long as my 64 Gb card and it came with a yellow tab. Packaging was cheap and printing on the card face was incomplete.
1.0,Did not work in Sony A7Riii,"I just bought (and promptly returned) 2x Sandisk 128GB SD cards because neither worked in my Sony A7Riii.  When I inserted each card, the camera gave me an error stating that the camera can't access the card, and to remove and re-insert.  I followed those instructions (a few times) and kept receiving the same error.  The camera wasn't even able to format the cards.  I have previously purchased the exact same brand and size card and have had no issues, so I was both surprised and disappointed when these cards didn't work."
1.0,This product I received is fake and does not work in any of my Cameras.,"I purchased 2 128 Sandisk for $57.99 ea, and they don't work in any of my cameras. You take photos and it won't display them. They disappear. Now I find out they are fake - no serial number on them and do not look like a ""real"" sandisk card. I am very disappointed in Amazon for selling them. The packaging image on the site looked legit - but now I find out the disk is fake, plus when I do an info check on the card to see how much I have left, the disk says it was Created on WED, Dec. 31, 1960. Really? Definitely a fake."
4.0,Great and not too expensive for use in Sony A99ii,"When I found out my Sony A99ii uses only the UHS-1 standard for transfer speed, I decided against spending almost twice as much for the UHS-2 cards. These SanDisk 128GB cards are much less expensive and work GREAT in my camera. So cheap, in fact, that I bought two and can write to both cards simultaneously during use, so I always have a backup copy if/when I suffer a card failure. Also, when I'm shooting video, I can give one card to the director at the end of the day so she can copy and edit at home while I do the same at my home."
5.0,Fast,"Works incredibly fast with my Sony RX100m3. Very pleased. It holds a ton of high quality photos, but I may get another just in case for a long trip abroad so I don't have to mess with transferring photos. More than enough for everyday use, even when you're like me and take a multitude of pictures and sort through for the best pictures later."
1.0,Not compatible with Sony A7iii slot 1,"This card displays ""unable to read memory card"" when placed in slot 1 of the Sony A7iii. This seems to be very common issue as many people have reported this on the forums. There seems to be an issue with the 128GB version of this particular card."
1.0,FRAUDULENT CARD,This is the 3rd 256 GB I've purchased from here. The other two have been great. This time was a bust however. I read the other comments on fraudulent cards. This one also had the yellow tab like the other user mentioned. It also does not have a serial number like the other SanDisks I have. Just a cheap knock-off with a fake sticker on it. You can see the correct info by popping it into your computer and check the info on it to see the ACTUAL storage and speed capabilities.
5.0,"Expensive, but great SD card!",I think I got a good card...
5.0,Perfect size and reliability,"Best of the best.Well known brand with fast write speeds. I use this coupled with my Nikon d750 in dual slots to records RAW files. Handles everything I throw at it. This is the perfect size in my opinion too. The 32 GB fills up pretty quick with RAW data from a larger MP camera. The 128GB you risk losing double the quantity if something happens to a card. this 64GB can manage a little over 1000 images on my d750, and then I can change out and go to another card. If one fails, I don't lose them all."
1.0,"Card worked with a few corrupted images, now all corrupted","This card, after two months, is completely unusable. All images now appear corrupted, and unable to view. I am unable to return, and would give zero stars. Thank God I was shooting with a 5D Mark 4, so all images were saved on another card."
2.0,Bizzare corruption due to battery?,The first time I used this card Im getting an error message that states theres a battery problem which makes no for a card to give an error message on a battery. The battery is fine and even when I put the card in a different camera with a different battery the same error message so its definitely the card. None of my other cards are having this issue with any of my batteries or cameras. It wont let me use or look at the card. I didn’t open and use the card for the first time until its now past the return date.
3.0,Excellent capacity but plastic may be prone to cracking,"For the most part, I have had excellent experiences with SanDisk products.  I have taken off two stars for mechanical issues (one for the latch and one for the plastic)."
1.0,Counterfeit or just Bad Quality,"I ordered several of these cards. On appearance they seem legitimate and identical in appearance to other Sandisk cards I own. However when I put them in my Sony camera they 1- fit tighter in the slots. Had to pry one of them out. 2- Camera would not read or format them. So these cards are counterfeit or Sandisk quality control has gotten terrible. Either way, I’ll not be using Sandisk cards anymore"
5.0,"For the price, you aren't getting better performance. Best card for a Nikon D7200","I bought this one (95MB/s) instead of the newer (170MB/s) version even though this one was ~$0.50 more, mostly just out of protest.  I read that the 170MB/s version requires a specific SanDisk reader using proprietary technology to get that speed, otherwise it's identical to the 95MB/s version."
3.0,Upset originally,Review edit:
