ratings,rev_head,revs
5.0,"Remarkably dependable, convenient, and inexpensive","For what I want a flash drive to do, this is perfect. I have several of these, and mostly use them to transfer files between non-networked computers. Nothing huge, so the speed limitations of USB 2.0 aren't an issue- I can wait an extra 2 seconds for things to copy. The small size of the drive is both a positive and negative attribute; I have lost them before, but they're very easy to keep in every laptop bag I have, on a keychain, etc. And given the price, losing one or two has never been heartbreaking (any files on them also exist on multiple laptops and backups, so that's not really a concern)."
1.0,Inspect Cruzer Blade Carefully Upon Receipt,"Inspect carefully to make sure you receive the correct storage Flash Drive. I ordered the 32GD Cruzer, packaging was labelled 32GB, tested to make sure product worked correctly and put away. It wasn't until after my return window closed that I noticed storage size wasn't right, put on my glasses, flipped drive over and read it was actually a ""4GB"" Cruzer Blade."
1.0,Attempt to Write to Device produces Error,"This little USB key has a problem.  After copying files to it, on the 3rd try it became write protected, and I could neither read from or write to the device again.  Googled this issue -- it's a known issue that many people have had.  None of the recommended steps to reconcile worked - I couldn't run a CHKDSK on it, or attrib -- anything.  It's basically useless to me at this point."
5.0,"My ""Hidden"" Gem!","Exactly what I needed and wanted for my digital photo frame! The flash-drive does not retract, which is perfect for me because it already has a ""forever"" home in the frame's drive slot. And, because it does not retract, the entire unit is shorter in length, so you cannot see it sticking out from the back, sides, or top, like all my other flash drives. I'd imagine this would apply to most smaller computer electronics where you don't want the flash drive visible. Scandisk has great quality, as usual, for our day to day photos of family, friends, and pets. I have never had a problem with any Scandisk product. So, folks, I would​ call this a win-win! Hope this helps!"
1.0,Likely To Fail,Having ordered three of these and only one has lasted more than six months. These flash drives consistently stop being recognized by any computer regardless of the operating system for seemingly no reason. If this happened immediately after a formatting I would understand but this happens from normal day to day use. Make sure you use another flash drive for important data!
3.0,Works fine once you get past the cheap plastic construction,Mine arrived with the plastic USB connection part squashed flat enough that it wouldn't fit into USB ports until I heated it up and formed it back into a rectangular shape. Be aware these seem to be made of some really cheap plastic and the port end has no metal reinforcement to keep its shape.
4.0,Good read speeds but a little disappointing on the write ...,Good read speeds but a little disappointing on the write side.  Lightweight and looks tough enough; frustration free packaging is very nice.
5.0,Plenty of room for about anything I can think of backing up.,"It still amazes me that my first desktop had 15 gigs of memory, this tiny drive has over twice that. I stored everything that I wanted to keep backed up, 1,000s of pictures, about a thousand songs, dozens of folders of information on my Reiki classes, and it's about 1/4 filled. I am really happy with this one as it will store about anything I want to back up.......now if I don't lose the flash drive."
3.0,"Cheap, cheap, cheap... and it's not a bird.","I usually really like Scan Disk products.  But, this flash drive is for the very budget minded.  Yes it works, but just know that it has a plastic USB end fitment, not metal like most every other model ever made.  It is a plastic interface where you fit it into the USB port.  It deforms, flexes, and does not pop in with a nice fit like a normal metal housed fitting that is the industry standard.  Every time I use it, it feels quite tight to push in.  Seems like the USB end of it is pretty flattened and deformed.  No way to really straighten it out.  Feels cheap and the USB end is easy to flatten and bend.  Not a confidence builder.  Spend 1 dollar more for a good old metal end one of the same size."
1.0,Fake do not buy!,This was a fake and only 31.9 GB not 64
5.0,Perfect for Soft-modding an Original Xbox,"I needed a thumb drive that would work for soft-kidding an Original Xbox. Unfortunately, most sold in store today and online are too big to work. There are lists of compatible ones online, but the thumbdrives are hard to find and can actually fetch a premium when you do. I decided to try this one because most of the older ones in the family of thumbdrives have worked."
5.0,Works great. I wish they had this technology when I ...,"I used this to put on 50 GB of music that I ripped into MP3s and listen to in my car.  Works great.  I wish they had this technology when I was younger.  I used to carry 30 to 60 cassettes in my car for listening to.  Then I switched to CD's and had a big case with all the CD's.  Now I have this Flash Drive and it has over 500 albums on it.  I just keep it in my USB port and have all the music I have ripped so far on this.  Still have another 250-300 Cassettes and Albums to turn into CD's, then rip to MP3s, but I have more music than most.  Love it and have made a couple for my wife and friends.  A great pleasure to share and made people very happy."
5.0,32 GB Capacity at a Great Price,"I am old enough to remember when storage disc were fragile, slow and only held about 800 KB.  It is easy to forget how far storage disc have evolved."
4.0,"Good, not great plastic thumb drive",This USB thumb drive does what it is supposed to do.  It is a good value.  A couple things to know:
1.0,Dead after a single day.,Failed after a single day of use. Drive now gets super hot extremely quickly and then stops working.
4.0,"Light weight, all-plastic wide-body USB drive","This USB drive has an all plastic body. I have no problem with this, but thought it might be useful to know, especially because it's not quite what I was expecting myself. As such I think it has a bit of a cheap feel to it. It's extremely light weight, not that this is bad. I just prefer the more solid feel of other SanDisk USB drives that I have."
5.0,"Seem good for the price, use in FreeNAS mirror setup.",I am using 2 of these in a mirror configuration for a FreeNAS machine with this little low power mobo. https://www.amazon.com/gp/product/B00JMQ1V24 They seem to have acceptable write speeds and I would say slighlty above average cheap USB flash drive reads. They are faster than the 4GB Patriot USB flash drive I had laying around.
5.0,"Small, inexpensive and performs well","A perfect little USB key to have kicking around the computer workshop for moving incidental files between systems . It also comes in handy for making bootable usb drives for windows installation, SSD  migration and other needs where speed isn't critical. It's small and inexpensive. Love this little drive."
5.0,Still works!,"This is an excellent little drive -- I've used my black and red Cruzer as a live USB, as file storage, etc. for 3 years now after finding it on sale, and it still works today! It reads and writes decently, and I'm still happy with it. Unlike the really long, annoying drives (Glide) or the equally good (but small) Ultra Fit, this one is a ""medium-sized"" drive that doesn't stick out too much and yet is also portable enough to not bump it (and hurt the port) as much as the larger ones. I'd definitely recommend this little drive to anyone."
5.0,.,"This is the perfect thumb drive. It's thin, light, compact and doesn't take up much space at all (also aesthetically pleasing). The model I have holds 16GB, which means you can store tens of thousands of pictures, thousands of songs, and could back up possibly 7 or 8 full length movies, depending on their file size. I've had no problems with this device whatsoever and it certainly serves its purpose. As for the data transfer speed, I'm not too sure how to test it, but it seems to transfer great amounts of data at a pretty decent rate. So unless you need a thumb drive that handles super fast data transfers and you're not patient enough to wait a couple of minutes to transfer a large file, this is the perfect device. Hope this helps."
4.0,"Fast USB Drive, but it is *TINY*!","This flash drive is as quick as you would expect at this price point, so no complaints there. I just needed a cheap drive to be able to move some files around when I am offline."
5.0,Great Product for Extra Storage and Backup,"This is a small and compact product that's great for storage. I actually used it for a recovery drive, but it can be used for almost anything given that there is enough space, and also given that it's formatted correctly. Mine didn't need to be reformatted as the software did that for me, but I do know that some things require reformatting of flash drive before use, so just be aware of that. Anyways, this is a great product and I recommend it to those who need some extra storage."
4.0,Less than stellar write speed,USB flash drives are incredibly slow. This one is around 6 to 7 MB/s when writing to it. You get much higher speeds when reading. The write speed on this is faster than ones I bought years ago but half the speed of the larger SanDisk drives. By larger I mean physical size not memory size. This drive is very tiny. It is going to be used for songs in my car. The plastic jack makes it hard to insert into the USB slot. Do not buy if you need to be writing to it often or to be inserting it into USB slots often.
4.0,Compact.  Storage.  You know?,"OMG, this is tiny.  I mean, I've seen smaller, but golly is this small.  Seems the more years go by, the smaller and cheaper these things get.  Remember when a 500K one was something to be treasured?  (Maybe you're not as old as me.)"
5.0,Legitimate 64GB! Excellent Value!,Legitimate product as advertised. Tested to check actual drive size (64gb) with two different USB testers on Win10Pro. Everything checks. Extremely compact and light - to the point it would be easy to leave in pants pocket and throw in the wash by mistake. You can't even feel it! Speed seems standard for its specs.
5.0,Works great but remove security software if not using on a computer.,"Ordered this for my new Chevy Trax stereo because it has the USB slot to read music instead of an MP3 player.  Music was easy to put on the flashdrive with my computer but wouldn't read in the car.  Then it dawned on me, this flashdrive comes with security protection program on it that encrypts the info.  Went back to my computer & just deleted all files on it, reloaded music & then it worked awesome for the car.  Would highly recommend this easy fix to the new vehicle radios without CD's now."
4.0,Fine drive without cap,The drive works fine with my MacBook Air. I was expecting a cap along with it though...
4.0,"Great product, weak plastic","I really like this flash drive.  I purchased it a few months ago for a class I'm taking that requires dealing with large amounts of data, so I chose this flash drive because of the low price.  I've had no problems with data corruption or anything so far (knock on wood) and the flash drive is a really nice compact size, much smaller than you would expect for 32GB.  The only reason I won't give it a five star rating is because the hole for a key ring is very flimsy.  I've had the flash drive on my key ring and just a couple days ago the plastic broke and the drive fell off my key ring.  Needless to say, if I hadn't noticed it I would have lost a semester's worth of work (including my final project).  So overall I would recommend this product, just be careful if you intend to put it on a key ring."
5.0,To create a bootable,"To create a bootable Windows 7 thumb drive with this Sandisk Cruzer you'll need the ISO and this from Microsoft: Windows7-USB-DVD-Download-Tool-Installer-en-US . For Windows 10 you'll need MediaCreationTool from Microsoft. this uti;ity (Win10) does not get installed, instead you run the EXE from any directory and as long as you have web access, the bootable Win10 is created."
2.0,"No ""lid/cover""/very small/ snug fit","Purchased so I can backup my files on an external device.  It was a good price but the item is very small and does not have any cover for the part that plugs in the computer.  Since this is something I will typically keep in a laptop bag I can see it easily being lost or damaged.  It is also difficult to plug into a USB port.  The fit is very snug so you almost feel as though you are breaking it.  As for performance, it works well and no issues there."
4.0,Fine but SanDisk Valut program is FAT32 (no larger than 4 GB files),"Very small and light and would get lost easily, but they do have a hole to put a key chain ring.  Had to reformat them because they come in FAT32, and reformatting blows away the little SanDick vault program they came with.  FAT32 is not a big deal, unless your are trying to save really big back-up files larger than 4 GB like we are. Once reformatted (takes like 5 seconds) they are fine for our back-up purposes."
3.0,Well below the quality I expected.,"My past experience with Sandisk has been that their products are high quality, however I found these jump drives to be an exception. I had ordered 6 8GB, and 6 16GB drives, and had one of each which on insertion said it was a 64MB drive, and wouldn't even format. I tried looking at the drives with Mini-Tool Partition Magic, but even that could only see a 64 MB drive. I had to discard both drives. 2 out of 12 is way above any acceptable quality level. I need more drives, but this time Sandisk won't be the vendor."
5.0,5 Stars,"I'm cleaning up old stuff I failed to review before. I used it just didn't say anything. Except for the 1 or 2 of these, and SSDD drives, lost. I never had a problem with them! I write songs, and play Blues Harp, record with a guy in a studio (NOT professional) on 1st an old iMac, don't know OS, now another iMac, Yosemite OS 10.11.6 my files get copied to Flash, or SSDD on Tascam or Zoom recorders, than transfer, open and adjust, on my MacBook Pro! The adjust is only cut excess from front and back and minor volume adjustments. I have yet to be able to add drum, bass, or rithym guitar. I'm a musician so I'll never Know It All! LOL"
5.0,Finally a tough affordable spacious USB drive,"The Blade....Finally a USB drive that's quickly recognized, quickly loaded and durable in materials and design. Sandisk has made the majority of my external memory ""cards"" and I bet you, they just put one  of them in this sleek, tough little plastic drive."
5.0,You May Look Like A Secret Agent with Tiny SanDisk,Tiny SanDisk is so inconspicuous that others may think you are on a secret mission to steal documents!
2.0,Too fragile,"Returned this flash drive because product description did not mention it was an all-plastic construction.  The end of the flash drive that you insert into your computer is made out of plastic also and quite fragile; with enough weight on it, appears it can break.  I have always bought Sandisk flash drives, but the build quality of this drive is inferior to ones I've bought in the past.  While those had plastic bodies, the part that you would insert into your computer was always metal.  I'm looking for something more durable, so I decided to go with an all-metal flash drive."
5.0,Great value!,"2 flash dives 16G for under 10 bucks.....um -YES.  Another great SanDisk product. I didn't realize when ordering these that they were super compact, which may have pros and cons to it, but for me it was a pro. I plan on shipping some photos overseas with one of the drives so it makes the shipping weight almost nothing, big bonus. The only drawback I feel with the super small stuff is of course....easy to lose."
3.0,Lasted about a year,Worked well while it worked but only lasted about a year. Not great if you're going to be plugging it into different devices semi-often as it's very cheaply made. The plastic slowly broke on mine before it broke too much and wouldn't work at all. My computer no longer reads it. Wouldn't buy one again unless they started to make them more durable.
5.0,Works as a USB drive for transferring original Xbox saves to a PC (extra software and an adapter required).,"Bought this drive, along with a USB to original Xbox controller port adapter to move all of my saves to my PC and from there to my 360. It took a while to copy over but the saves are all there and on my desktop and ready to move over to the 360 when I have the time. I definitely recommend this drive for the case use I used it for, but may recommend a larger drive (8GB and larger) for any other case uses."
2.0,Not for Macs!!!,"I had to return this because I found that it was incompatible with my new Mac Air computer.  Indeed, I learned in the process that all Sandisk products are incompatible with Macs.  Who knew?  I couldn't find any reference to this at all in the product description.  Such a glaring omission, and so annoying.  With that said, I have always had good experiences with other SanDisk products I've used in conjunction with Microsoft computers."
4.0,Compact and basic,Things I liked:
1.0,Arrived crushed; unable to plug into any USB port,"The USB plug of the device arrived crushed, with the short ends sticking out at a 120 degree angle, when obviously it should be 90 degrees or at least reasonably close to it in order to plug into a USB port. The 'Frustration Free' packaging may have contributed to it's demise, but the white Amazon envelope it shipped in provided no protection for this device. Granted, the build quality for the device is extremely low regardless, seeing as the damaged portion is made of plastic, despite all other flash drives I've seen using metal for the USB plug. I honestly didn't know using plastic was possible; evidently it is, but it's not worth the huge drop in durability."
5.0,It’s a great product and with excellent quality,"It’s a great product and with excellent quality. I received it very quickly. I bought this product to replace the current product I’m using in the same category and I must say that it definitely does the job better than I ever would’ve thought. Packaging, materials are all top notch and above my exceptions. I found this product by accident and decided to give it a shot and I couldn’t be happier. It’s lightweight and durable. I don’t believe I will be switching products anytime soon. If you’re contemplating on buying this product I’d definitely give it a shot, I don’t think you will be disappointed!"
5.0,Works great,"Works great.  USB connector does not retract into a plastic casing or have a protective slider, but I carry these in my backpack.  I cut the cardboard and clear plastic blister pack to make a little carrying envelope.  (If you carry flash drives in your pocket or roaming around in your purse, you're asking for trouble, even if they have a plastic protector of some sort.)"
5.0,"Durable, but look cheap...and they are!",Wow 16 GB for 5$ shipped...can life get any better|?
4.0,"lots of storage, not super speedy","i purchased this to put a few videos on it for playing through my sony media player for an event at our bar. the video files were about 3gb each, and i put four of them on this stick. the write transfers took about 12 minutes each (ouch!) using usb 2.0, which is about what i had expected based on the other reviews here."
3.0,Not the fastest flash drive,"Flash drive works as advertised.  I bought flash drive to store music on and listen to it in my car stereo system.  It seemed like when I transferred my music from my documents to the flash drive, it took longer than I expected.  also when I plug it into my cat stereo, it takes a minute or two for my stereo to read the drive.  I have used other sandisk flash drives on same stereo and they read quicker.  Now with this being said, the flash drive was and is a great price which is a big plus.  It also holds a lot of data and the drive is very small which makes it easy to carry around or keep in your pocket.  I would highly recommend this flash drive if someone is using it for backup or occasional use.  If it is a flash drive that you read and write to daily, then you might want to go with a regular Sandisk cruzer instead of the Sandisk cruzer blade.  I am giving this three stars because the product did work as advertised but just not as fast as I thought a 2.0 USB flash drive should work."
4.0,great little drive,believe it or not.  this is the first usb drive iv'e ever owned.  I know right.  anyways.  bought this so i could update the software in my trucks touchscreen radio.  worked just fine for that.  it is extremely small.  definitely increases the chances of losing it.  it came in small cardboard envelope.  its so small i thought it was empty.  Would definately purchase again should the need arise.
1.0,Faulty item,"I bought this item, began adding documents, and then received a notification that the process could no longer continue because the disk was read-only. From there I could no longer add or remove documents from the disk. The ScanDisk website said the only resolution was to return the item."
5.0,Great for compatibility!,"Needed a legacy USB drive for use with an original Xbox as a memory card.  Tried one of these after having no luck with all the various USB drives, sd cards, older usb hardware w/ internal storage.  It worked like a champ right away, and the Xbox was able to transfer data onto and from the drive without issue."
5.0,"Great price, great product...make sure you get it for the right reason.","This was a black Friday deal and with the amount of GB's, I couldn't pass it up."
5.0,SanDisk Cruzer Blade 64GB USB 2.0 Flash Drive- SDCZ50-064G-B35,I bought 2 SanDisk 64 GB Flash Drive's
1.0,Terrible quality,"Love the small size, but the material is of very poor quality. My flash drive is like my soul... Holds all of my most important documents - so I take great care of it. I was very disappointed when it fell apart not too long after purchase. The sides of the part that goes inside the computer have both cracked, one side completely fell off, the keychain/lanyard loop also broke. ScanDisk typically has great USB drives, but this was a complete flop."
5.0,Wonderful feel,As a dedicated device to support live TV it has been great. Small compact size is beneficial. Since its always attached to the TV no worries of losing it. The thumb drive still has a great feel in your hand if you have more traditional use for it.
5.0,Does what it's supposed to do.,"This particular 32 GB flashdrive was more plasticy than I had imagined; even the USB connector. But it nevertheless does what I use it for: to both store and transfer data. It is surprisingly small and super lightweight. And so far I have no problem with it, and in fact like it a lot. It arrived quickly."
5.0,Lots of storage in a tiny package,"I'm not sure what there is to say about a jump drive. It is tiny, which is why I ordered it. I take lots of photographs that need to be edited on my computer and then transferred to a work server. This works way faster than wifi in my office, so I've been pleased."
5.0,A Great Buy,"Purchased this for a class I took last semester. I picked this one specifically for the price and was not disappointed. It doesn’t come with a cap or anything extra, but you can pay more if you’re looking for something fancy. It works perfectly fine, so I won’t be needing to buy another, but I would definitely reccomend this to any of my friends. Keep in mind that it is small, light & pretty easy to misplace."
1.0,Locked up after 2 write,"Wrote to it twice, now it is in write protect mode, which, according to the SanDisk web site, is a sign of an internal failure.  They offer an RMA process on their web site, but with excessive requirements, not really worth it for that cheap of an item."
5.0,It will Read and Write!,Just the right size to loop onto the keyring.
1.0,Unacceptable,"Item was advertised as being “like new” but upon arrival the packaging looked and felt like it had been held underwater as it is still moist and falling apart.  I don’t know what condition the USB drive itself is in but the data I need to store on it is too valuable to store on a device that may fail down the road due to conditions it was kept in prior to shipment.  When I went to return the item, I was alarmed to see the statement “This item isn't eligible for return”.  I guess I’ll just have to accept the fact that I’m out the cost of this purchase and order from a different source."
1.0,"Unable to be used, and discarded.","Perhaps, I using this device requires special skills.  Perhaps, there was a compatibility issue.  Nevertheless, one has to ask how complicated a USB storage device should be.  After several attempts, this was simply determined unusable and discarded."
5.0,Great for in car use,"I purchased this USB flash drive for musical purposes in my car. So far so good! Very easy to install in the car's USB. Sometimes it can be tricky to install small flash drive in the car because of the size. This particular flash drive just excellent for my needs. No harm for my manicure while I try to plug in or plug out. Nice size, great speed."
4.0,Takes a lickin and keeps on tickin,"Pros: Inexpensive, sleek design, relatively small (if you want amazingly tiny, look at the Sandisk Cruzer Fit)"
5.0,Original Xbox Softmod,"Just did my first softmod on a 1.6 OGX using the Rocky5 method. Worked great. Only issue I had was that in his video he has to have the Xbox turned off and then starts with the flash drive in, whereas I had to have it started and then insert the drive. After figuring that out, no issues at all."
2.0,Unbelievably slow,"I purchased the 16GB version.  As tested with ATTO, this drive has the dubious distinction of being the slowest drive I have EVER purchased in the last 10 years.  The average writes are 2.5MB/s.  Average read speeds are 27MB/s.  I tried different formatting types and different allocation unit sizes in the format to no avail.  Other people have mentioned that its slow and I didn't believe it could be THAT slow. It is.  I gave it two stars because it was so cheap.  But its going to waste more of my time than its worth."
1.0,Ripoff,"This is not 64 GB. It's 58.3. That's a big difference, False advertising."
4.0,As described,"It comes with 1.2 GB of some security software for encryption protection. When I installed the flash drive in my computer for the first time my computer showed it only had 14.8 GB of actual available space to use. This isn't necessarily a problem as I don't intend to use that much space right now anyway, but I thought I would mention that fact. It might be an issue for some people. It's lightweight and so tiny that I think I might lose it. My keychain is too big for it so I need to find a smaller, thinner one. Like it so far though."
4.0,Worked great. Very tiny,"Used this drive to transfer from old pc to new.  Worked great.  Very tiny, and easy to loose if your not careful."
3.0,"am not sure if I recommend it, unless you intend to stick it in ...","I have not tried the device as of yet, however, as soon as I got it I realized to things: 1. the structure and quality of materials seem to be rather cheap, and most importantly, it does not come with a cover.  I bought it to storage music from an old PC which I plan to toss away and not I am concern with whether the dust and other pollutants will get into it.  Although it is surprisingly affordable, am not sure if I recommend it, unless you intend to stick it in the computer as a back up device.  Hope it helps."
4.0,"Good Quality, Good Data Transfer Speeds, Great Value!","I own several SanDisk flash drive sticks and none of them have failed on me yet. Good Quality, Good Data Transfer Speeds, Great Value! Nothing fancy. It does its job!"
1.0,Don't buy this if you have a 2019 - it WILL NOT work,"The worst thing about this is that I had to contact Amazon to return it. They wouldn't just take it back. It does not work in my 2019 Acura TLX. It does not work in my man's 2019 Jaguar SUV. You need JUST a FAT disc format, NOT the EXFAT. EXFAT, which this is, will not work."
2.0,Awful! Freezes my pc every single time (updated see review),I hate these! I have some 4gb sandisk cruiser blades and they work just fine. These however freeze my pc every time I plug one in and try to read or write to it. I've tried on multiple pcs and the same thing happens. I won't buy these again. What a waste of money.
4.0,Cheap but works ok so far,Just bought this to have a cheap USB stick to copy some pics to.  It definitely is cheap - all plastic.  The USB connector is VERY tight (which can be good I guess).  The lanyard hole is tiny - just enough space to put one of those string lanyards through.
5.0,A good cheap USB flash drive.,"I got this for a client who wanted me to port a few gigabytes of old pictures off of their old hard drive and it did the job very well and they now have their memories safely in their hands, it does its job and it does it well."
3.0,Flimsy,This thing is entirely flimsy plastic except for the electronics. For my application it works fine plugged in 99% of the time. I would not recommend it for a knock around portable storage.
5.0,Awesome,This hard drive is great! For 16 bucks and 64gb this is the best hard drive yet.
4.0,Good Deal to purchase it.,"I bought several products together. I also purchased one last year. They are working very well. Only the point that I am worried is the size being so small. When I took it out from my PC, I worried it gets broken. So far it is not broken, but from this compact size, it can be  broken easily. San Disk has always very good reputation. I hope this product will continue to help me without any break."
1.0,"Abysmal Speeds, Poor Design",I see the description was edited to remove the read and write speeds:
5.0,Perfect for Xbox modding,*Review for 4gb version*
5.0,Great once you get a lanyard threaded through that tiny hole,"This is a truly pocket sized gadget and I have it hanging on my keychain.  (Don't leave home without it!)  I took a length of accessory cord (small-gauge climbing rope) from the sporting goods store and manged to get it through the tiny hole, to make a loop so I wouldn't lose the thing."
4.0,"... it in the USB using WIN XP and works fine, also ask me if i want to do ...","i have it in the USB using WIN XP and works fine, also ask me if i want to do one update the system have. I used in my laptop who have WIN 7 and works good. new design for me in the software, how this open and what i have to click to open it and of course I set up a password in case I lost this device with my personal information."
4.0,It works great but feels flimsy,This flash drive works exactly as anyone would expect it to. My only complaint is that it feels very flimsy. I imagine the casing can crack or snap quite easily. Should be fine if you are just going to keep it on your desk but I doubt it would last traveling a lot in a purse or as a key chain.
4.0,I recommend it,"It is OK. I just needed something with trusted brand name so i can save my stuff on it. I can not really give it more than 4 stars because the new ones 3.1 are really way faster than this one, luckily I do not use it often"
5.0,Sold and Great performance,I use these for booting and hosting Linux OS...so it takes a lot of writes compaired to average. Holding up strong now after months of use. Great value and easy to pull in and out of port
2.0,Buy a USB 3. 0 and leave this slow ...,Buy a USB 3.0 and leave this slow flash drive behind! I accidentally bought it thinking it was USB 3.
3.0,It would be nice if it had a led light,"it's a little slow for a USB 2.0, but I expected it to be much slower after reading the reviews it got. It would be nice if it had a led light, but im overall satisfied with its shape and build quality. from experience it writes closer to 7.0Mbs and reads at about 18Mbs, Which is plenty fast if your not moving large files around. I've got a vanilla copy and burning crusade copy of World of Warcraft on the drive and they run off the flash drive without issue."
4.0,comes with driver to be installed,"The product is GREAT! However, it has a driver in it that needs to be installed on the computer. For MY laptop, that is fine - no problem. However, my reason for purchasing this product was to be able to use it at my local library's computers. They do not allow outside software to be installed on their computers; therefore I cannot install the driver for this product, and cannot use it for what I wanted it for. If you are buying this for the same reason I did, be advised of this, as it does not say in the product description that it contains a driver to be installed. I would have appre ciated knowing that BEFORE deciding whether or not to buy it."
5.0,"So small, I almost missed it!","I honestly wasn't expecting this to be so tiny! I actually thought i'd been shipped an empty envelope when it arrived, but soon realized that it was just small!! :D ...but it is great, I love it! Compact and just right for my needs with my laptop. Is not at all big or bulky, might be easy to lose if you're like me and tend to misplace everything you come into contact with, but small enough to leave in your laptop as extra space, without worry."
2.0,Not identifying as a 64G device.,"I purchased this item 3 days ago.  When I got it an plugged it into my laptop, it states that it is a 32 gigabyte thumb drive.  It has 64G printed on the outside, so how is this possible?"
3.0,Too slow for XBOX,"Too slow for XBOX, whatever that actually is. Not much more to say. I guess that's what you get for what's probably the least expensive 16GB drive available at the moment. I do like the size, because anticipating that it might be too slow, I planned to swap it with a Pico drive "
5.0,"Great (no, Amazing) price and perfect size both physically ...","Great (no, Amazing) price and perfect size both physically and storage wise. They do exactly what they are meant to do. I purchased three to have 3 different Boot/Install/Recuse disks for OSX, Linux and Windows. Also great for transferring data and media.  Find an way to label or mark them externally if you are purchasing multiple units. Slightly faster than PNY, Lexmar and Infinative usb drives. Highly recommended for  IT professionals, prosumers and no-technical people."
4.0,Only worked with one of my computers.,"This flash drive is ok. It only worked with one of my mac computers, the other mac couldn't recognize it when plugged in (and it doesn't have this issue with any other flash drives). I don't know if I got a dud or it just won't work with the MacBook Pro? I only wanted it to hold pictures so it isn't a total loss for the price, but if you have a MacBook Pro I'd check the return policy before purchase in case it doesn't work."
5.0,"Works as should, no complaints at all.","Works as should, no complaints at all.  I don't notice any slow read or write times and haven't lost any data."
4.0,"Can't go wrong, really.",So far so good. I'm only using it in my xbox 360 as additional storage so can't really say how it performs in normal use. File transfer and read/write speed is adequate and probably much better rated than the xbox can even make use of. I did have one issue once where the console didn't recognize the drive after being connected. After removing and re-connecting several times I eventually had to restart my console to get it to see the USB drive. This is most likely an issue with the xbox rather than the drive itself though. All in all a good little drive for a good price.
5.0,Thank You Sandisk for Making a Non-Retractable Flash Drive!,"After owning several Sandisk Cruzer Flash Drives with the retractable USB and having all of the locking springs fail, I was looking for a basic non-retractable flash drive. The Sandisk Blade is exactly what I wanted and at $7.99 for 32 GB, it is a great deal!"
5.0,great price,"I bought a handful of them in the past and they are doing a great job. I haven't had one fail on me yet, so thumbs up. The size is also not too small to lose them and not too big to have problems while using them in the car or somewhere at home."
5.0,Tiny with loads of room,This has got to be one of the smallest USB jump drives I've ever used in my entire life end it is actually 63.8 GB instead of 64 GB but that is perfectly reasonable and I would buy this product again.
5.0,Great Quality works fine,"I have bought and used many of these flash drives. Work great and good price. I give them as gifts. East to use and fits my needs. I fill these up with photos and TV Shows , movies and videos. Never bought a bad one yet."
1.0,Stuck in write protected within 2 months of use,"Didn't expect the flash drive to fail within 2 months of use. The drive was mainly used on the Model 3 for the sentry mode (dashcam), but the drive stuck in write protect mode since early June and would not let me write/format. I did a lot of research online and trying all sort of methods (diskpart, regedit, etc.) but none of them fix the flash drive. It's true the drive only cost me $7, but I'm still disappointed."
5.0,Neat Little Flash Drive for the Price,"I bought this a couple of months ago and i am still using it and it has been working great, many others have said it has slow read and write speed but i haven't noticed it at all. its a great little usb flash drive with amazing storage capacity and does the job. if you want a fast usb with exception read and write speed i would recommend buying a 3.0 but for a 2.0 this cruzer blade is cruising."
5.0,Plug in and works really well - No issues with not recognizing or reading. Just works flawless,These little things work really well. I have not had issues of not recognizing or reading. They just plug in and work. Really nice. Not the fastest in the world because they are 2.0 but great for taking little file where ever you want to go. I backed up an entire notebook computer to one and threw it in the drawer in case I ever need to restore.
1.0,Of no use.  Not Recognized by my computer!,I finally got my computer set up & my music ready to install into this flash drive & my computer won't even recognize that it's plugged into my USB plug....it seems like it was somehow pinched or crushed.  Of no use.
3.0,"Very inexpensive, VERY slow","It should have been a red flag that the write speed isn't listed anywhere on the product page. I bought it on a whim because it was on sale, and now I'm wishing I had my $8 back. 5 MB/s appears to be its max, but it normally transfers around 3 or 4MB/s"
5.0,Small and fast storge and a good price to boot.,Small and fast storage.  The price was good for the storage size (64gig) and I really like the small size.  It works perfectly without a hitch.  Very happy with my purchase and recommend it highly.
4.0,four stars,"it lasted me for 11 months. it just broke when i dropped my laptop. it's nothing but a thin, flimsy part. how do i fix it? i have hundreds of files on this flash drive."
5.0,Rare,"These smaller backward compatible USB drives are hard to come by. if you are modding an original Xbox these are essential, as an Xbox will not recognize newer drives and will only receive an error warning."
4.0,tiny but large...,"I found a really great deal here of course at amazon? This thing has so much room and some sort recovery software I believe. Not real sure how that works...just hope I never need it. I'm sure SanDisk won't want to here this but I'm a pretty average sized guy, not large at all and this thing is really almost ""to"" small??? Really, only drawback to me, feels like I'm gonna loose it and ""slip"" out of my fingers...just saying? What do you do...maybe a tad bit bigger would be my suggestion, or a gripper of some sort where your fingers hold it, other wise it does what it's supposed to;) The size is the only reason I give it 4 stars instead of 5, Ben."
5.0,Great drive at a great price.,What a great little inexpensive drive!
3.0,Great price. Decent drive.,"Great price. Decent drive. Uses the FAT 32 file system, which only allows files up to 4GB. The drive can be reformatted to NTFS to accept larger files quickly and without much difficulty, but it would be nice if this limitation was mentioned prominently in the description."
5.0,USB,I like these cruzer blades and the newer ones SD does. Not had any issues with them. Definitely worth the investment for the bigger memory ones.
2.0,Cannot create Windows 10 install media,Cannot create Windows 10 install media because of how the San Disk firmware behaves. Often doesn't work with OTG cables on mobile devices.
5.0,WENT THROUGH WASH. STILL WORKS!,"Left it in my pants, forgot, it went through washer."
5.0,Well I have an old skandisk that still works great!,"Well I have an old SanDisk that still works great! So I will give it in advance 5 stars yet did notice the material a kind a fragil compared with my old one , so it's a question of time, I will Update !!"
3.0,"Is it NOT a ""removable disk""","It is important to note that this stick will appear on your PC as a fixed-disk and not a removable-disk. This will not matter to most people, but if you are using this to create a bootable drive for Linux or Windows, you may have trouble doing that. Many of the utilities that create bootable media on USB specifically look for a ""removable drive"" in your PC and will not see this stick. SanDisk says they did this for Windows 8 compliance."
4.0,Great price,I purchased this item along with the 
2.0,meh,"SadDisk (sic) is okay, very, very, very slow even with optimized usb ports it's a snail. I recommend the ""patriot supersonic boost XT"", that drive moves at a very high speed even on USB 2.0"
5.0,Cruzer Blade,"As a composer, I have a lot of heavy files to store. This is a great little USB Flash Drive. It has tons of space and is easy to keep."
4.0,"Awesome look flash drive, but need work on hanging design.","If you want a flashdrive to snap to your key to-go, this flashdrive might not be for you. The little hole on the top corner will break if you snap it to your key and it doesn't sustain the everyday use. You might need to find a small wire strap for the flashdrive before you can hang it to your keychain because it will make it easier to plug it in the computer (especially laptop) and more durable for everyday use."
5.0,I works just great,I use it on my tv with the ability to pause play on live tv without cable.  It works really well.  I purchased it specifically because it didn't have an LED light.  There was no need to have a light and is was distracting.
3.0,You may be taking a gamble,"I have had this drive for four months. I use it in the course of my duties as a computer technician to house backup files, operating system images, and I use it as a storage device for our scanner. The read/write speed is so/so....I have seen faster, I have seen slower. If you are looking for speed THIS DRIVE IS NOT FOR YOU. That being said, this is a tiny flash drive. It comes with a slot for a lanyard, but does not have a lanyard included; I use a keyring on mine just so I don't lose it."
5.0,I put movies and my children's favorite TV shows on this,"I put movies and my children's favorite TV shows on this, then I can take it when we stay at a hotel or when my kids go to their grandparents and let them watch good stuff.  My father-in-law was so impressed that this could be done, that he went and bought 2 of them for himself.  This particular USB Flash drive works very well. I would have like it if it could be pulled in or something to protect it from dust, but so far it hasn't been an issue."
4.0,Good value but really small,"I bought this because it was an excellent value for the storage space.  And I thought the size was sort of a cool, low profile.  But that proved to be a problem when I gave it to somebody, they put it in their shirt pocket and it was so low profile they forgot it was there.  A couple of days later they realized they had lost it and couldn't find it anywhere.  Here's the part that makes me give it 4-stars instead of 3.  They put it through the washer and dryer before they found it and it still works.  I've been using it for months since then with no problems in the functionality or construction."
5.0,Saves space and works great,"I played sims on my old computer and wanted to safely transfer the data over to my new one, so I bought this hoping it would do the trick. And it did! I never fully transfered the data onto my computer, instead I just keep it on the flashdrive and it runs fine, it frees up a lot of space on my computer. Which is nice with school starting soon. I ordered another one to run some more games, and might even order a few more for when school rolls around. I would totally recommend this product."
5.0,multi purpose,"We use this throughout the household for many purposes, between macs, for the TV, and even the home PC server. It does get hot from time to time but still works great."
5.0,"So Far, So Good...","I've ordered other storage media manufactured by SanDisk and haven't, to date, had any problems at all. And..so far, so good w/ this 16Gb Flash Drive. The only minor complaint I might have is this particular model doesn't have a built-in cap, an many flash drives do these days(but I suppose I could cover w/ plastic wrap or similar). Other than that..it boots up quickly and writes and reads well. Plenty of storage space! I can highly recommend this flash drive."
1.0,This SanDisk USB drive DOES NOT accommodate video files as advertised!,Per the advertisement for this SanDisk USB drive it states that you can:
5.0,Love their size (both capacity and physical size)!,"These are perfect for my office whenever I need to transfer big files between co-workers. Plus, they're not those annoying flash drives that have the slide out USB port which sometimes loses the tension which means you have to hold down the button to plug them into a port. UGH! These are perfect for quick transfers and fits easily on a keyring."
4.0,Decent Equipt.,"It does not hold 64 gig, but is at like 58 my computer says, but is OK with me.  I deleted out the security program that it came with also. I am using it for music for the car and seems to work very well."
5.0,Cost vs Quality,"If you're looking for a really cheap but nice quality flash drive, this is what you're looking for. The first few things to note is that I made my rating of 5 stars based on Cost vs Quality, While this might only be a USB 2.0 which is definitely an older version of flash drives, that doesn't necessarily mean that it's ""worse"". The data transfer rates will be slightly slower than modern flash drives but when you compare the price of $12 vs $5 i would say that you're getting the better end! The flash drive is much smaller than expected, but works like I would have hoped. Cheap, nice quality, compact..."
5.0,Quick and on time delivery and ease of use,Brand new excellent condition and 64 gb  easy to use just plug and play and quick on time delivery and no issues at all
1.0,One Star,It got super hot and burned up!  NO GOOD!
4.0,SanDisk,"Lots of GB's.  This flash drive is really really light weight.  Almost undetectable in your pocket.  I would actually like something more substantial, but it may work perfectly for someone wanting something tiny and light weight.  Have only had it a short time but so far, it has worked perfectly and i like the other SanDisk that i have for office use.  Have not had any problem with either."
4.0,The Blade is sharp,The cruzer blade is a sharp little flash drive I'm in my late 20's and my first flash drive was a san disk 256 mb drive that cost 5 times as much. Who would have thunk that 16 gigs would fit in something the size of your little finger. My only problem with the cruzer which may not bother everyone is the lack of a cover but hey we usually loose these things anyways. The drive has rapid data transfers and is small enough to fit just about any where. My only other beef is the lack of a necklace. It would have been a nice addition to such a small drive as its size makes it prone to misplacement. Other than that I would highly recommend this product to someone in the market for a tiny 16 gig flash drive.
5.0,Good price,Needed 1 fast so i can finish my school work because i always end up losing my flash drives. This did the job.
2.0,Feels like CHEAP plastic,"Feels like CHEAP plastic. I was real surprised at the lack of quality. It seems to work, but I can't expect it will last long - it feels flimsy enough the slightest thing could break it."
5.0,Solid and reliable.,"I've come back for more of these to replace some older drives I had for various things - they're tiny, solid, and work as advertised. Really like these little guys."
3.0,2.0 USB16 GB vs.3.0 1TB External Drives---look at Ex. Drives on Amazon,Good product but 16GB too small in size for most computer backups I now do. The 1TB external drives are getting so inexpensive the USB's need to go down in price to compete. I did like individual packets to write info saved. Seal w/tape to store but External 3.0 drive was very pleasant surprise and compared to 3.0 USB prices one needs to look at new 3.0 External Drives now on market. Amazon has great deals on the 3.0 external drives now.
5.0,This is a great product!,"I'm not sure if the physical size is listed in the description of this product but they are much smaller than i though. Maybe only an inch and half long? I'm pretty pleased just in general, consider i had two 4 gig Cruzers that cost $20 each, yeah. These are an upgrade that i did not need, but the previous Cruzers were getting old and i don't like taking chances."
3.0,SanDisk Cruzer Blade 16gb,"Great drive for the money and the form factor.  No sliding anything and no caps and it's small.  I use it for backups on work computer, so haven't used it for music or video streaming."
2.0,Very Cheap (as in low quality),"Yes, these work, but they are slow and of low quality.  Do recommend that you format as NTFS vs FAT32- that will help a bit with the speed. They don't even come with a cover to protect USB end. I've never seen that on any flash drive before.  After purchasing them I found out that you can purchase the covers separately.  REALLY?  why not just include them with Flash Drives?  Are they really that expensive that you need to sell them separate and charge separate S&H?  Do not recommend these."
