ratings,rev_head,revs
5.0,Outstanding value,"I never take A picture, as in one shot.  One of the great advantages of digital photography is that, unlike film, you can take an infinite number of images of your subject or scene at various exposures, then chose the best image for printing.  On a good photo day, I often take a thousand or more images to be scrutinized in post production, sometimes a week or two later. It is a big help to have plenty of flash memory available in my bag, and at these low prices, WHY NOT!"
3.0,Great product and price!,Excellent price! And love the product! I shoot raw and these are able to handle most anything I can throw at them with no hesitation. Love them! Though I did not get the reader which was supposed to come with it. Because of this error I am knocking off the stars. Does not reflect the product just the deceptive ad description.
5.0,"Great ""value""","This is a good value for a 16gb memory card. Writes full 1080p video from both my Sony RX100m3 and Sony PJ-710 camcorder. The reason I bought these is, at this price, once they fill up I copy the files to my PC and then put the memory card aside as a backup and start using another one."
5.0,Very satisfied so far,"Prior to taking travelling to Brazil with my DSLR, I wanted a large pack of memory cards so I could switch them daily, should something tragic happen to my camera or to the card.  I kept one in my backup slot at all times, and switched the primary card daily.  These cards worked great.  I didn't have any issues with any of the ones I used."
5.0,Exactly what I needed and for a good price. Delivered on time and appear to be ...,"Exactly what I needed and for a good price. Delivered on time and appear to be good. Will use them over time so I will not know if there are any issues with them until I actually use them, but I have never had any issues with any SanDisk cards."
5.0,Standard SD cards for general use,Buy these if you always need a SD card.  Not for high data rates...but I can’t count how many times I need a SD card and I just grab one of these from my pile.
5.0,The sdhc cards work - what can I say. ...,"The sdhc cards work - what can I say. The usb adapter freebie, the plastic around the usb connector is cracking."
5.0,great buy,"easy to use and great product why it is SanDisk, always great."
5.0,Excellent Value,I use these for work and the perform great. Excellent value!
5.0,Five Stars,way to go
