ratings,rev_head,revs
5.0,Good drive,"Excellent! Only issue I had was I did not know this was formatted in X-FAT32. I bought this thumb drive to put the movies I have on my PC on it so that I could watch them in my living room on my smart tv... after spending a couple hours transferring files to the drive, I plug it into my smart tv and get an error telling me that the drive was not supported. I tried it on my Sony Blu-ray that has a usb slot for external media and it doesn’t recognize the drive either. I tell my husband about it and he says I need to format the thumb drive with a regular FAT32 file system. Well, I did as I was instructed, reloaded the movies after formatting with FAT32 and bingo! Both my smart tv and my Blu-ray can now read the files on the drive! So, if anyone has problems with your devices reading or even recognizing the drive after loading files in the X-FAT32 format, reformat the drive with FAT32 and then reload your files. You should be good to go! SANDISK, YOU REALLY SHOULD LABLE THE PACKAGING WITH THE TYPE OF FORMATING ON THE DRIVE! That would save people a lot of wasted time knowing this in advance!"
4.0,"Flash drive works well, but included software not needed","The flash drive works well out of the box.  The slider allows the user to protect the USB connector when not in use. It extends the connector and locks it in place when needed. However, the included SanDiskSecure Access software is confusing, because its ""Download for Mac"" document makes it seem that it is necessary to install in order to use the flash drive.  But the software is intended to set up encryption and password protection for data on the drive.  This is not needed for most users who just want to transfer data. I removed the software installer from this drive to free up space."
1.0,Will not work and can't be returned.,"Seemed OK at first, but the videos I was trying to play from it kept having errors. Tried to re-format and it will no longer function at all. Want to return it, but even though I supposedly have 2 more weeks on the return period Amazon says it's not eligible for return. Totally not happy. Even the promotional flash drives I've gotten at trade shows work better."
5.0,Proven reliable memory flash drives. A+ for quality and workmanship,When it comes to high quality memory cards or flash drives Sandisk products are the state of the art standard. I've used mostly all of the other ones out there with mixed results. Some were good and some not so good..but I never had a Sandisk drive or memory card fail on me ever. When you buy one of these you know and can be confident it's going to work. This brand has proven to be extremely reliable time after time. I use them to take my data with me on office machines and to back up all my mp3's at home. High marks for quality and workmanship
1.0,Speed Drops out of the box,"This drive has a speed drop on every transfer, going from 18 MB/s to 2 MB/s. On the files I transferred, there was at least two speed drops each time. For perspective, this meant transfers that should take 1 minute each could take up to 3 or more minutes. The performance was like this out of the box. It's unacceptable for a product to be unable to consistently deliver target speeds out of the box, brand new. SanDisk was a go-to brand for storage, but with this experience it's clear something has changed in the quality. I'd say stay away from this drive and find something with more reliable speeds unless you have alot of time to waste. I'll be pursuing a refund if these speed drops don't stop."
1.0,"Worse write speeds of any name brand drive I've had, 4.5MB/s (read is decent at 35MB/s)","I was looking for a cheap drive and was OK with 2.0 speeds but the write speeds at 4.5MB/s on this are much worse, about what you get with a cheap give-away drive."
1.0,Beware of the Secure Vault Feature,"has fairly good capacity for the $$ but is pretty slow, and, BEWARE OF THE SECURE VAULT feature, as it password protects the files you put in, but then does not recognize the password you used (i even wrote mine down, ensured caps weren't on, and double checked my typing), and then you cannot access the files you are trying to secure, and, there is no way to reset the password, and you have to delete the whole thing...USELESS!"
2.0,SanDisk application not working for Windows 10,"I could not get the .exe file to update. A window pops up that there is an update and it downloads the update but fails to start the SanDisk software application. Everytime I click on the .exe file it wants to run the update again.  I can manually move files to the USB drive but the SanDisk application will not start. The packaging and the product information is vague what operating systems it is compatible with. I read reviews and answers to questions on Amazon stating it works with the Windows 10 operating system version prior to purchase.  We also purchased a 32GB SanDisk flash drive(same version)in the frustration free packaging and we are experiencing the same ""won't update software"" symptoms. The product information needs to be more specific for these flash drives."
1.0,Stopped working after a week with a critical error. ...,"Stopped working after a week with a critical error.  Sandisk website says they are aware of the error and there is no fix, only to return it for a refund.  The problem ONLY effects the 16gb cruzer."
4.0,And the Answer is:,"Why these special objects, in this case, the SanDisk 16GB 2.0 Flash Cruzer Glide USB Drive (SDCZ60-16G-B35), I am told is really quite simple to operate.  I promise I can read, but I am typically unhappy when I fumble through todays technology regardless of its presumed  simplicity or arranged madness for an over-the-hill type such as myself.  I still rely on INSTRUCTIONS in order to make wishes, ambitions, and hopes become a reality.  In my youth, it  took me two days and a roll of surgical tape to learn to shave, and now I struggle with an object without a razor nor shaving cream, its called a SanDisk and I remain befuddled, too human to ask anyone  to tell me how to employ the value of this miraculous technological device. .  YouTube seems to have the answers, but again this foreign sounding language associated with todays technology adds to my greying hair and high blood pressure.  Any ideas for  instruction with this product?"
5.0,Recommend.,"Good price per capacity. It has a small orange light that pulsates when it's plugged in. It locks into either the open or closed positions. Speed is good: 8 to 12 MB/s on 50 to 60 MB files, 6.5 MB/s on a 250 MB file. (Win 10 on a Dell Latitude E6520)."
1.0,Avoid this product.  One of two failed on about a week.,"I bought two of these USB drives 2.5 weeks ago.  I have only been using them for about a week.  One failed while copying files. I suddenly was notified the drive was empty, then I checked properties and it had 0 space.  I removed and reinserted it and my computers see no drive at all.  I wonder when the other will fail now.  I have drives that are many years old, one went thru the washing machine and is still working.  To add insult to injury, the product is not returnable.  Avoid this product."
1.0,"EXTREMELY SLOW WRITING SPEEDS, THEN COMPLETELY DIED AFTER 10 MINUTES, OTHER PROBLEMS","At first the drivers wouldn't load while plugged into a USB3.0 slot, had to plug into USB2.0 to load drivers, not discoverable otherwise. Then I put the flash drive back into the USB3.0 port, and began transferring some music files. About ten minutes go by, I notice that the estimated time for transfer completion is over 2 hours for 28Gb, and write speeds were at 6!!!!!! Mb per second. This is TEN times slower than what normal rates are for USB2.0, and 100 times slower than normal rates on USB3.0. I stopped the transfer, and attempted to click ""properties"" a window pops up, says I don't have permission to access. I try to format the drive, maybe that will work... says the same thing. I literally can't even view the empty folders I just transferred over..."
4.0,SanDisk Cruzer review,This is a well made thumb drive that doesn't break the bank. The software did require an update directly from the SanDisk website as the update utility didn't work. The security software interface isn't too difficult to use and seems to work well and fairly quickly though I'm sure it isn't as secure as the hardware based security of a Silicon Power Bolt style thumb drive. I haven't had any issues with the drive being recognized or reading/writing. It provided adequate security for most applications and doesn't have a cap to lose. The design is mainly plastic and this isn't drive isn't designed for extreme environments but for average office use it works fine. I would recommend this drive.
5.0,Car Jukebox Music,I load this with all the MP3 music it will hold and plug it into my car's USB port and set my player on random. I can go weeks without hearing the same song twice! I no longer waste time and money burning CDs anymore. Since the prices have come down so much for these flash drives I sometimes gift them to friends that appreciate my taste in music. Wish they copied large volumes a data a little quicker but I never had any errors or one fail. And they don't seem to mind the extreme hot or cold in my car. And some of my other devices that have a USB port have a 32 GB limit so these are the ticket.
5.0,SanDisk is the best!!,"This is a very high quality USB flash drive, it is an authentic item (to it's brand name SanDisk, a well-known brand to many for their flash drives, & solid-state hard drives. They are also part of ""Western Digital"" which is well-known for their external hard drives. )"
1.0,Worked okay for awhile...,"The only thing that I don't like about it is how easy it is to press that red button and push out the USB part.  I used to hang this from my keyring but it was always coming out and I didn't like that.  I bought one of those flash drive cases and put it in there for more protection.  Other than that, for the storage capacity of this thing and the price, it was a good deal.  SanDisk makes good products in this category and I expect this thing to last me for quite a while."
1.0,Is this thing on?  Don't buy this unless you want to wait forever to copy..,"Thought at first we got three fakes, but it turns out the product's quality is well below subpar.  Read and write speeds topped out at 3MB/s on a super fast bus!  That's insanely slow.  Had a lot of issues with being unable to write to certain portions of the drive.  A 20GB test file was calculated as having a 3.5 hour write time... and after 40 minutes we gave up, feeling these devices are either fake or duds.  Toss on a cheap usb flash 2.0 drive from another brand of the same capacity and that same test file copied in 15 minutes."
1.0,stopped working after 10 months,"Suddenly after 10 months, the flash drive is not recognized by any of my computers and so is completely useless."
5.0,"Simple, well-made, and cheaper than an External HD.",This product was the perfect answer to transferring my music from my old laptop to my new one. 32gb is ample space and the fact that I could buy this for so cheap and save a penny from not having to buy an external HD was perfect.
1.0,Can't be formatted on my computer,"I have spent hours trying to figure out how to format something that I should just be able to plug in and drag and drop my photos onto. I have spent two days trying to research how to do this. I feel the reality is the USB window should pop up and I should be able to drag my photos into it. I'm sending this back for return oh, it makes zero sense to me. I don't care if it's slow I'm just trying to put my photos on somewhere that isn't going to charge me because everybody wants my wallet nowadays. I'm 26 years old and pretty tech-savvy. There's no excuse for this. I did research performance purchase and people say it is a slow USB but if you do not mind slow speed, and are looking for something that can store a lot. This is the best thing for your buck. However, there's also no point in throwing money out the window. Photobucket, Dropbox, all those apps want to charge me. I'm trying to store it on a tangible device. Highly frustrating when technology doesn't work the way it should."
5.0,I use an ECC system.,"This thing is fast. I don't care about what they say about USB 2.0, as it's faster than any other USB storage stick that I've ever used."
2.0,"Awful Performance during ""Smart-HDTV"" Photo Slide-Show",I was actually delivered a USB-3.0 version of this Flash-Drive
1.0,DO NOT buy SanDisk ANYTHING,"All customer service is in India and it's next to impossible to understand them.  CSR wanted access to into my computer to ""FIX"" the problem.  I refused, a few hours later received a call from the Call Center saying they have an alert about my computer and wanted access to fix the problem.  I will never buy anything sandisk again...no AMERICAN CSR, they can keep their product.  Founded in Milpitas, CA."
5.0,Works great despite poor packaging by Amazon,I needed a flash drive quick and I decided to try this one. When I opened the package I realized one side of the package was crushed which was no surprise since Amazon sent it in a basic envelope with No protection.  The metal end was crushed from both sides. Sending it back was not an option do to time constraints so I carefully pried both sides back to their original positions as best as I could.  I was able to plug it into the computer and download needed files with no problem.  This flash drive is obviously well built considering the abuse it took in shipping. I definitely would buy one again and hopefully Amazon improves their packaging.  It's the second time I've received something in only an envelope.
5.0,excellent for physical distribution of large quantities of photos,As a photo restorer I have clients who are sometimes receiving many hundreds of JPEG or TIFF files from me.  Often it's easiest just to hand over a USB flash drive rather than try to transfer via the Cloud.
5.0,Everything I hoped for!,"This device has allowed me to consolidate several other flash drives plus allows lots of room for backing up data in large quantities.  The speed is very good.  I provide IT support, so I've connected it to many computers of various types  and have never had a problem with it connecting successfully. It seems solidly built and the retractable plug feature (no cap needed!) makes it even easier to work with.  The plug extends far enough out of the device to reach fully into every USB port I tried it in.  I cannot comment on the software that came with it as I deleted it right away.  A lanyard of some sort would have been a plus, but lack of it is certainly not a deal breaker.  There is a solid attachment point to connect your own thread-type lanyard if you'd like."
1.0,Comes pre-formatted with space eating partition (and there's no tool to erase it for macOS users),"Comes formatted with a stupid space eating partition. macOS diskutility can only see the larger portion and format *that*. I was annoyed that I needed to take time to look up how to format the drive, since it's partitioned in a unique way that means I can't just erase it using macOS Disk Utility"
4.0,the easy opening package is clearly the way to go,I bought two of these to use for temporary file storage and transfers. My Debian 8.6 (Gnome) based desktop had no problems mounting them automatically.
5.0,SanDisk Cruzer CZ36 16GB USB 2.0 Flash Drive (more is better),"I like using these drives as they are very easy to use for any kind of data that you need to store for a short period of time. I just cleaned off some files that I don't use much on these drives and now I can reuse them again.  The prices for these drives are a really good bargain and I will be stocking up again on different size drives from this vendor. I found that if I know that I will be accessing programs that need to be installed on my computer, I'll put the needed software on the flash drive."
1.0,"Very poor, Waste of money","Well, I purchased this drive so I could download Windows 10 Pro for my new pc build since I couldn’t find my other usb at the time. I plugged it in and it worked nicely the after the install on the new gaming rig it stopped working? I only used it once and have been trying to get it to work with no success. This item has bricked and a total waste of my money and time. Such a let down!"
4.0,"Decent speed, but hard to see operation light","There's a lot to like about this USB drive. It feels substantial. That's not necessarily an indicator of quality or longevity, but I've had excellent luck with SanDisk drives in the past, so I'm anticipating the same from this. I really like how the connector can be easily retracted into the drive housing. That keeps it free from damage and debris when the drive is carried in a briefcase or backpack."
5.0,Sandisk 16gb,"I bought one of these Sandisk 16gb usb drives through Ebay around 3 years ago and it has been great, which led me to buy another of these. That reason and the fact it was on sale on Amazon. Transfers are quick and neither SanDisk flash drives have let me down yet. Hopefully, these drives last a long time; Time will only tell. Always back up your files because nothing is promised! Free and friendly advice from an active computer user."
1.0,Dead from Sitting in a drawer,"I bought this in 2016, filled it up with pictures, put in a zip lock bag, put into my desk drawer. Have not used it since. Today, I needed some pictures off it, plugged it into my laptop, same one that I put the pictures on it from, it would not read it. ""Corrupted"". I then put it into another laptop, same thing. I tried to do several things to get the pictures off it, no luck. Tried for an hour, nothing. Neither computer could not read it. I could not format it either. No clue as to why. My other sandisk usb works good (newer model) but not this one."
5.0,Second time buying one. Loce,This is my second time buying this brand. I think this is the best thumb drive on the market... I needed something that would withstand being taking in and out of a computer A LOT! I’ve had crappy thumb drives in the past that have broken because they were “overused.” This one feels solid and doesn’t feel like it will break. I bought the largest size and it holds a lot of RAW photos. Super fast too. I frequently edit photos straight from the thumb drive and I’ve had no issues with it being slow. Definitely great value for your money!
5.0,Simply works.,"Simply does the job.  Needs a little bit of information/instruction to assure user, but it is so simple that is not critical.  But an amazingly high capacity for a little thumb."
5.0,Can fit on a key ring,"Yes, it has a built-in loop you can put on a key ring."
1.0,"Not good, in fact really bad!",I bought this because I had a 64 Gigabyte System Image File that I needed to transfer to another computer.
1.0,NOT WORKING : This unit is not recognized on any Mac or PC computer.,"Received this SanDisk Cruzer 128GB a while back (Christmas maybe?). Kept it on my desk in the package for a few weeks before I needed to use it. Opened it today to find out the unit is not recognized on anything you connect it too. I tried most of the things I know how, format it, try it on different computers, etc. I checked for some troubleshooting ideas and found a LOOOONG list of video, articles, and tutorials pointing these out as basically no good. I am surprised SANDISK allows this to go on. Very disappointed in the overall experience - too late to return it now, so instead I recommend my fellow Amazonians to avoid this product until Sandisk decides to do something about it."
4.0,ScanDisk drives are top notch,"I bought this CZ60 and a CZ36 (64GB) drive to make separate backup copies of documents, pictures, music, etc. in addition to the separate hard drive I use for semi-monthly total system backups.  ScanDisk has been a favorite of mine for many years and I have several of the smaller drives that have never failed after being used many times  These are great drives."
5.0,Perfect for my picture storing needs,"This is exactly what I need in a storage device.  No more of those flimsy SD cards this is more durable.  No more losing those tiny little SD cards, because this is a good size that it's hard to misplace.  It is what I prefer in a storage item because it easily plugs in to all my computers.  It is super easy for those computers to recognize it & open it and even easy to transfer photos on or off of it.  This is what I will be buying more often.  The only down side from typical SD cards is this won't store as easily if you buy multiple ones but that's not a deal breaker for me.  I'll take this size, convenience, and the functionality it offers over highly priced SD cards."
1.0,USB Drive stopped working,"SanDisk is known for quality products and this USB Drive received high marks. I purchased this drive less than 60 days ago. Appears I may have received a rare bad USB Drive, unfortunately the return window closed 10 days after this drive stopped working. Asked for help (and while it's possible I missed seeing a response) still unclear how to leverage the 2 year warranty."
2.0,Quick shipping. Not so Great product,Quick shipping. The actuall casing for the usb itself feels a little flimsy and fragile. But you can't beat the price for a good brand.
3.0,Easy & stores as I need. UPDATE: Slider started sticking,UPDATE: I don't use this very much and I haven't had it that long but the slide mechanism has begun to stick so I just leave the connector up and put it in a drawer when not in use so it stays dust free.
5.0,I purchased this because of the great price and known brand,Flash drives are required for  elementary school students now.  I purchased this because of the great price and known brand.  I'm sure it will do what is expected when my son uses it in school.
1.0,SanDisk Cruzer Glide CZ60 256GB USB 2.0 Flash Drive Don't Waste Your Money,"I'll begin what I disliked about this product: It doesn't work on Windows 10. I have a PC and I won't even try using it on my laptop. Once I saved my files, they wouldn't open. I was lucky I had copies of what I saved on this."
1.0,DOES NOT WORK,"I bought two of these Oct 6, 2018. I just went to use one of them and it is dead on first use.  Unfortunately, because the return window closed on Nov 5, I can't return it. You know, to me, a USB memory stick should be bullet proof. Oh well,  I'm screwed.  My advice is that if you buy one of these, exercise it immediately. Now, where the hell is the other one?"
5.0,Just the storage drive I was looking for.,"I spent 3 hours with some kind of password and unknown process.  Tried to copy a file and the F drive showed empty on my Strange PC  Anyway I was going to send these back, copied to another thumb drive, decided to put the Scandisk back in and WALLA  there were all my files and I did not have to use any password or anything.  This was a very good buy and I am glad I did not return it without trying one more time.  This looks like a high quality product and if you know all about thumb drives, you won't have any of the problems that I had.  Great seller who was going to give me a refund with no problem at all.  Buy with confidence.  :)"
4.0,Excellent Reliability,We buy hundreds of these drives each year to sell to our clients for transporting their ProRes motion picture files.  Not one drive has ever failed us!  I can not say this about any other drive manufacturer other than SanDisk.
1.0,NOT Usable.,"SanDisk 16GB flash drive is write protected right out of the packaging. I've attempted several fixes including creating registry keys, disk utilities, and native windows tricks to attempt to remove the write protection. I'm unable to format this. Also be careful what you want to use it for. Some things flat out state not to use a SanDisk product."
1.0,Would Not Format,"I bought this flash drive for a school project that did not come to pass. So, I did not use it for months after I made my purchase. I needed to send a large portfolio file to a print house, so I thought I would use this drive. I tried everything, but  none of my computers would format the drive. I eventually ran through a video tutorial to try to overcome the issue. I got to the end still nothing. I have used SanDisk drives before but this is literally junk. I will throw it out with the trash."
1.0,"Update doesnt work either,",Its not working with Window 10. It doesn't show up on my Laptop. When it does show up It doesn't work
4.0,"Excellent design, easy to use software. Writing speed around 5 MB/s, reading speed around 27 MB/s","A very elegant and stylish design. The retractable connector is a very nice touch, it doesn't retract oursel itself by accident. It has a blinking blue light, very useful for when you want to know if it's actually working and if it has stopped so you can remove it from the computer safely. The software that it is included with is easy to use and intuitive, with a useful drag-and-drop feature."
4.0,SanDisk at a killer price point..,"SanDisk has been in the biz of usb storage devices for a very long time.  I have usb storage devices from them that go back till before there were numbers on usb.  Yes, I am dating myself.  The 4 star comes from 1 thing.  The USB end slides out of an enclosure and there is a catch on it to keep it extended.  Maybe it's just on mine but if I don't keep a finger on the slide when I am inserting into a usb port it unlocks and allows it to slide back in the enclosure.  But overall, good product."
1.0,Bad drive,Ordered 4 of these to use as needed. So far one does not work. Past return window. $5 out the window.
5.0,Lots of fast storage,"I'm very impressed with these drives.  I bought two.  I couldn't be happier, and would buy again.  I just plugged it in, and Windows loaded the drivers.  Once that's done, you just move your data to this drive. Very easy to use."
1.0,Broke after 2 years of little use,"This little she-devil is holding my photos hostage. I used it maybe every month or two over the last two years to upload photos onto from my phone. Now I went to retrieve a particular photo and it is saying it needs to be re-formatted (erased). Does this on both my spouse's computer and my own, and was used properly and stored in climate/humidity controlled room. Piece of cheap junk."
5.0,which was great. The seller followed up via email and that ...,"I purchased 4 of the 16GB 2.0 Flash Cruzer Glide USB drives. They arrived before the expected delivery date, which was great. The seller followed up via email and that was nice. I like how easily they slide in and out. These are the perfect size for me to transport documents for work. Good buy--would buy again."
5.0,Works as expected at a great price!!,"I have been using SanDisk for quite some time and I do love their flash drives. Works as expected, they are durable, and you can't beat the price. I ordered the 32gb versiona and have attached pictures of the actual packaging for reference. I would absolutely recommend this product!!"
5.0,Love it.,It does what it's supposed to do.
5.0,Works great. Runs cool as a cucumber,"I've been buying the USB 2.0 versions instead of 3.0 because of all the reviews that say the 3.0 devices get too hot and corrupt the data.  Since I'm storing videos that will be written once and read many times I didn't mind having slower write speeds.  Works great.  Runs cool as a cucumber.  I've purchased more, as a result."
5.0,Does exactly what it says it does,I have been burnt before by buying fake thumb drives. However this one is the real deal. I have almost 100GB on it and can verify that is is authentic. I plan on getting another one soon. I am not a big fan of encrypted file or drive lock programs. Instead I use 7 zip without encryption but use a password. Just in case the drive corrupts itself and I have to do a recover. Zipped files are less headache for recovering corrupted drives. S0 I formatted this to NTFS and I have to say it works great. You wont be disappointing. The speeds are fast transferring from drive to CPU and a bit slower to drive. Some people may find slower speeds depending on their MB type and config. But the drive if used on the right GOOD system will perform perfectly. I highly recommend this if you are looking for a large thumb drive. The slide is very smooth and locks in position both closed and open. Very nice indeed.
2.0,You Don't Get What You Pay For,"I bought this drive as a back-up to another brand. I have 122 GB on the other brand.  This Cruzer says it has 128 GB available. It doesn't.  It has a few small programs that total 12 MB. The rest should be free.  But it isn't---you only get 117 GB.  So I couldn't use it to back up my 122 GB drive. Essentially, the manufacturer cheats you out of 9GB of storage."
1.0,I ordered 2 - 128GB sticks and both had very ...,I ordered 2 - 128GB sticks and both had very slow transfer rates ~ 5 mps so I returned them and bought 2 - Lexar JumpDrive S75. that had 30-35 mbs transfer rates when I plugged them into the same 2.0 USB
4.0,$5 for a 16GB makes an excellent value,"It's retractable, it's cheap, and it comes with tons of space."
3.0,"✡✡✡ Great added storage for RetroPie, however cheap build quality, finicky USB connection, and poor transfer light ✡✡✡","I built a Raspberry Pi and installed RetroPie. I wanted to have more storage and I wanted to spend less than a micro SD card.  I didn't need USB 3.0 since the Raspberry Pi only has USB 2.0, so I picked this bad boy up in the 128 GB flavor."
5.0,Amazing to have when storing games from your console.,"I had bought this for my wii u so when ever I buy games on the console, I can use this to store my games in this hard drive. It has plenty of space. So far I have downloaded two games to it,so, I'm not sure how much games you can store in it whether it's on the wii u,xbox 360 or whatever... it does work. I haven't had any problems w/ it what so ever. No glitches, came in good condition & I am satisfied w/ my hard drive."
5.0,Great for storing photos,I have been copying old photos to my computer and then putting them on these flash drives.  I then put them in my safe deposit box so they are safe.  So far I have no been disappointed in this brand and I have used these for several years. I like there is a slot at the end so you can attach a key ring and take it with you if you visit relatives and want to copy their files.  These have really helped with my genealogy research.
5.0,I AM SATISFIED WITH MY EXPERIENCES,"I have purchased a number of different USBs. These certainly stand up to scrutiny as far as I am concerned. Like all USBs you buy a certain number of GBs but you take that number with a grain of salt. I get 117GB from a 128GB. In all I feel that is a good average. I am satisfied with the reliability of this item. I will say that I am using this with a cell phone and a tablet, not a computer. As far as computer usage I have no insights or experience."
5.0,Right-Sized Storage,"Often, a couple of GB is all I need for music and photos. Waiting to search a playlist or photos on TB drives isn't always the best choice. 16 GB is a good size for my car's USB 2.0 input and the size of the library I care to create on the fly."
1.0,Items disappear!,"I bought this for my class. I had to give a presentation and my teacher only would allow us to deliver the presentation from her laptop on USB. I loaded it on, checked it twice to make sure it was on there by properly ejecting it and putting it back in and opening the file. When I got to class and it was my turn to present. My teacher couldn’t find my presentation even though I had checked TWICE. it was gone!! So I was so upset that I could not deliver my presentation. This USB didn’t work!"
5.0,Works!,"I have used several different flash drives and SanDisk has been the most reliable.  I have had the same 64G SanDisk drive since 2012.  I paid a bundle for a 128G PNY,  but in less than a year it was corrupted and deleted all my data.  One day it was just slick.  SanDisk has never done that! Good product!"
4.0,It works,"It works. I don't consider it easy to use or initially determine how to use, per the instructions, from the point of view of a buyer who got his first flash drive that was password protected and doesn't work like they used to (it was not intuitive). I am glad it has that feature btw."
1.0,Other reviewers appear to have been happy with their drives,"I bought the SanDisk Cruzer 32Gb USB 2.0 Flash Drive so that I could use it as a boot drive to refresh a bios. The drive is equipped with those black and red colors; the black of the case, and the red color on the slide, plus the red of the name, all signs that carry the indication that, ""this thing is professional, serious, and you won't feel ripped off if you buy this""."
5.0,Good for the price!,Great price. Needed a cheap USB stick to make a Windows recovery drive for my laptop and this was perfect. Need to put a label on it or tie a ribbon with a tag to it (there's a hole tie or attach it to something) so you know what it is for and don't accidentally overwrite the info. Would have purchased several but for regular use for files and media I prefer a 32 or 64 GB stick in that case.
3.0,Not a smart design,"Seems to hold and transfer data OK; no complaints there.  Having the red button control the slide means you always know which side is up, so that's a plus.  But the slider is sticky unless you push it just so.  And the roundy design of the body make it slippery in the hand -- some mild ridges or nubbing would have helped.  Glad it holds so much data but I find the body design annoying and unhandy."
5.0,10/10 THE GREATEST FLASH DRIVE EVER!!!,"This is the greatest flash drive I've ever used. I was moving files over from my main computer to my portable computer to go on vacation. I put it in my pocket of my worn jeans. A week later, when we came back we started using the washing machine nonstop. after the second week had passed the water sensor turned on from a leak. Thankfully the flash drive didn't cause the leak but we found it in the back of the washing machine drum soaked from multiple loads and little patches of developing rust. I plugged it in and it wasn't responding, then after that didn't work I did the last thing that anyone else with a malfunctioning electronic would do, start messing with it until something happens. The light turned on and it still had all the files. 10/10 just buy it already."
5.0,SanDisk is a very reliable brand!,"What a great USB flash drive! I didn't attach a picture because it looks exactly like the product. The hard drive on my old laptop crashed and I lost all of my pictures! I was devistated.  I won't let that happen again! This little guy can hold over 9000 pictures! I immediately downloaded all the pictures on my laptop on it as soon as it arrived! Great trusted brand, as well. I have tried less expensive flash drives and the quality isn't great. Even the way they fit into the USB is sometimes loose. Great product"
5.0,"Inexpensive, Perfect for Casual Use, Reputable Brand 5/5","I needed a decent-sized flash drive, and didn’t want to pay much. This fit the bill. To my knowledge, this is the most inexpensive option out of any reputable brand on amazon."
1.0,What a Dud,Quit working after about 6 months. Cannot be reformatted.
4.0,I recommend the SanDisk Cruzer CZ36 128GB USB 2,Works as advertised but one drawback is not having a LED as this USB Flash Drive as  on other devices. I recommend the SanDisk Cruzer CZ36 128GB USB 2.0 Flash Drive- SDCZ36-128G-B35 which is also available on Amazon. This unit does have a LED  which is helpful if you use a number of different computers as I do. If the CZ60 had a LED indicate it would have been given five stars by me. I believe this information should be on Amazon's page on each of the Flash drives they stock.
5.0,Good Flash drive at a good price.  I'm happy.,"This works very well for my purposes.  I don't need it for anything more than transferring files, photos, etc. from my laptop to a relative's PC.  This is my second SanDisk Cruzer, and I'm completely happy with both of them."
1.0,Internal Software Is Junk....,The security software you have to use is not good.  Really old design and very slow.  One of the worst usb memory software I have used.  Looks like a amateur program from the early 90s.
5.0,Very Durable - went through the washing machine,I bought these for my kids to take to school. I just pulled one out of my washing machine... after it had run with a full load of laundry. I let it dry and it fired right up.
4.0,Great flash drive for the money.  Using for digital photo backup,"Great flash drive for the money.  The 16GB memory allows for a large amount of storage and the drive is kept protected by a retractable port.  The port does, however retract a bit when you go to insert it which makes that a bit more difficult, but overall this was a great buy for normal backup jobs like photos and documents."
1.0,Ripoff. Half the capacity of what was paid for.,"I bought a 128gb cruiser glide flash drive and it came as 64gb. Posted pics so you can see. First thing it did was to ask me to format it, and no matter the format, (fat32 fat ntfs or fatex) it is still half the capacity of what I paid for."
4.0,OK for the price...,"Big write right away, nearly full now. No errors or problems so far.  It is a little slow but doesn't get really hot, just warm. I have seen slower 2.0 drives."
4.0,Great for document storage,SanDisk 16GB 2.0 Flash Cruzer Glide USB Drive (SDCZ60-016G-B35) works perfectly to store important documents and images.  I needed something to transfer these items to a new computer and this was plug and play and worked to move things from a Windows computer to a new MacBook.  The slider unit that encloses the USB port sticks a bit but overall it is well made and good quality.
4.0,"It Works, but Flimsy Shell","It works. I am surprised how flimsy the shell is being a SanDisk product .  I could break the case if I squeezed it hard enough between my fingers. Then again, it only cost around $6.00. The slide function does work smoothly.  I have not and probably never will check the read/write speeds. Just as long as it's faster then 2.0. am good."
1.0,Stops working after 5 months,"I purchased this drive in Nov 2018.  In April 2019, I suddenly couldn't write any files to it.  I tried to use different tools to reformat it and they all complain the drive is write protected.  I did a search in Google and found the drive becomes write protected when an internal fault is detected.  So the usb drive is useless now after 5 months' usage."
5.0,Great storage device...,"This so far has proven to be a great little thumb drive.  I had a predecessor drive which was overfilled and this roomy drive has taken its place.  Another thing I liked was that it was sent with the sensitive connector secured in the body, only extended when the customer pressed a button and pushed it out.  I expected, that it would also retract, but it does not do that, a small disappointment...But so far, so good..."
5.0,Last a long time,I have SanDisk Cruzer flash drives that are over 10 years old and still going strong.  I bought this 64GB drive because of the low price--only 25 cents per GB.  I especially like that the USB insert is retractable preventing damage to it.  Maybe that's why they last so long.
5.0,Fits my mission perfectly at a great price!,My first hard drive was a 10 MB drive and I thought I had all the room in the world.  I would have never dreamed that one could store 128 GB in a tiny device carried in the corner of one's pocket.  I'm an avid photographer and I plan to use this to store photos when I am traveling.
4.0,Formatting,This drive was purchased to hold a Truecrypt encrypted file container.
4.0,"Works great, feels fragile.",It works smoothly.  I downloaded the free Mac software to encrypt my data and it works very nicely.  It's super easy to use and feels stable so far.  Ive had security software on USB drives before and they were clunky and horrible on the Mac.  I deducted one star because the plastic feels fragile and cheap.
1.0,Old firmware,"I have several other thumb drives that are this exact model and density that work great in my car. These don't. They start at the beginning of the first file every time I start the car. I assume that's a firmware issue, since my older thumb drives have more current firmware."
5.0,THE USUAL SUPERIOR SANDISK SUPERIOR PRODUCT,This is a good product; superior Sandisk quality; fast upload and download speed.
1.0,High read error rate!! Don’t use for important data,"I used 2 of these as mirrored boot drives in a FreeNAS Dell R510 12-bay. In 3 days, one drive failed with multiple read errors. 2 weeks later the second drive failed with the same. I would expect one failure as an off chance occurrence but 2 failures within a few weeks is a bad product. These may be good for transporting replaceable data but are far from reliable for important or critical data. Luckily I was able to recover the info from one of the 2 failed drives. Very surprised to see this from SanDisk."
1.0,Does not work!,"NO bluetooth signal sent out. Was bought early but not used until received as a Christmas gift, so now I'm out of the ""return window."" Sure would be nice if the manufacturer stood by their product and responded to emails!!"
3.0,Cheap. Don’t trust it to do the job.,"Although only time will tell concerning the durability and functional integrity of this flash drive, I am at first handling unimpressed with the body of this stick. The casing is cheap and tacky. One gets the sense that this would break really easily. Not worth the money. I expected more from Sandisk! Makes me a little nervous about the memory capabilities. I’m almost expecting this gadget to let me down. Like I said, time will tell. But I don’t trust it."
5.0,Lots of data storage in a small unit,I got this to back up files on my computer in case it crashes.  I've stored a lot of files and only have  used about  one third of the storage.  Very happy with my purchase for a low price.
1.0,Disappointed with reliability.,"I bought 3 of these as add-on items.  Only 1 of them is still functioning but one had some sort of internal failure and is stuck in protect mode.  I tried everything.  I called SanDisk and they said it will default to that if something internally is damaged and it's cheaper to just replace the unit if it doesn't have any data that needs to be recovered.  The other just completely died, zero response."
1.0,this never did work properly I formatted it tried to ...,this never did work properly I formatted it tried to load a book for the blind all that comes up is cartridge error
1.0,but on two Mac's it is slow as a dog after it has more than about 10 GB on it - speed (recording and recovery) is more like that,"Can't speak for PC users, but on two Mac's it is slow as a dog after it has more than about 10 GB on it - speed (recording and recovery) is more like that of a tape drive rewinding after each read/write than a random access device. Took 46 hours to backup about 110 GB onto it off a high-speed internal hard drive with USB2. My advice, after three different SanDisk thumb drives of different sizes (and my PC using daughter confirmed similar issues with one she used), is get Kingstons instead. Only reason i got this one is I wanted the 128GB capacity and Kinston did not have one - I should have gotten more Kingstons."
4.0,So far so good.,"I keep this plugged into my usb hub and file sync specific folders from my computer's hard drive as a backup.  Oh, I also have 4 other drives that I do the same with, so this one is just ONE MORE additional backup of stuff I would not really want to lose. So far so good."
5.0,A Work Horse for File Keeping and Shipping,"I work for a photography studio and have from film to the digital age.  When the CDs came into our inventory, we would put a clients files and project on a disk and send it to them.  The 8GB USB flash drive has taken the CDs place and clients prefer a flash drive to a CD.  It contains more files and has greater flexibility.  The 8GB SanDisk has been our chosen flash drive.  We would have preferred the 4GB, but that drive was discontinued last year.  Not sure why this particular iitem is sealed in the package with a separate cover, which is easily cut and removed.  The package is just the right size for our labels to display our studio information and blank labels to provide file information when stuck to the rear of the package.  I have never had a bad SanDisk and I commend the company for a very reliable product.  DAL"
4.0,Software needs work,"After removing ALL the software on it, it works great. I got it for music and don't need password protection; unless your putting private documents or a sex tape on it, scrap the software. It fit about 350 albums, set to shuffle and it's better than the radio. And the packaging really was frustration free."
5.0,Excellent and affordable backup for documents and photos,"I am a writer and I'm very paranoid, so in addition to sending my work to the cloud, I also save it on a lot of thumb drives. These 16GB SanDisk drives are a fast, affordable and small way to save documents and photos and I can leave a few with a relative so they're in another location. Backup, backup, backup, that's all I can say."
1.0,Buyer beware: the transfer speed on this device is ...,"Buyer beware: the transfer speed on this device is painfully slow. I regularly move a ~400MB project file off and on to this drive, and the speed is nearly 3x slower than my previous drive. Not worth the price for anyone who values their time."
1.0,Defective,"Bought this to back up my cloud. Diddn't work. Was write protected, the software wouldn't update. Couldn't access the file system, and it would not let me setup anything on the disk. Returned it."
5.0,Great Drive for the Price,"I used this to create a back-up recovery drive for my PC. I needed at least 16GB, but 32 GB is better given the minimum difference in price. It works fine (it's a SanDisk after all!). The design is fine, but the construction of the case seems a bit flimsy. It only has to work once if my PC crashes."
5.0,Always a good thing to have Flash-Drives to back up my videos ...,Always a good thing to have Flash-Drives to back up my videos and music . On just one 16GB flash drive I will have 150 music videos and 850 songs and still have room leftover . I have bought the 64GB and different kinds of Flash Drives but always buy Sandisk and they all work for me . My MP3 is an old Sandisk and that is why I know its a good product . I do not like buying stuff I know nothing about .
5.0,I have been pleased with these SanDisk Cruzer Glide models,"I have been pleased with these SanDisk Cruzer Glide models. I have a few in a couple different sizes and they all work fine. I also appreciate this company because although I do not need or purchase fast shipping, my orders for these are processed quickly and are sent via 2-day USPS mail. I have no complaints and will buy more of this product as needed."
5.0,Ideal for storing RAW Material,"When I travel I like to gather as much material as possible, so when I get home I can review and start editing. I love Sandisk drives for storage and their micro disk in all my  GoPro cameras 3, 4, 5, 6, and 7 Black."
5.0,If you find something that works really well and is cost efficient...KEEP USING IT!,"I am a photographer, I use SanDisk memory cards in my camera and keep my pictures on SanDisk portable storage flash drives. They are the most dependable brand of portable storage I have used, not one has ever failed no matter how long it was in storage. The transfer rates are excellent and flawless. For me it is simple. If you find something that works really well and is cost efficient...KEEP USING IT!"
5.0,these usb drive get very HOT and drains battery charge,Purchased three 16gb Cruzer Glide USB drives about 3-10-18. Tested on 3-12 and 3-13.
1.0,DEFECTIVE PRODUCT NOT ELIGIBLE FOR RETURN OR REPLACEMENT,One of the four flash drives received was not recognized by any computer and could not be made functional and Amazon did not allow return or replacement of the defective product.  DO NOT BUY THIS!!!!
5.0,SanDisk Flash Drive,"I have bought a lot of these for family and friends to store photos documents and movies on etc. They work great and are easy to use. I have never had any problem with these and try to always buy the Sandisk brand for quality. They are light weight and easy to store, carry or travel with. The BEST!"
1.0,I received defected one,"My husband got one of this and he liked it. So I ordered for myself. I hardly used it and when trying to copy or delete files, taking me forever! I wanted to exchange it but my return time is expired. Just be aware you may get defected one."
4.0,Way better than Hard Drives,"I use these for backup. Sure they aren't lightning fast, but I don't really care. I start to copy to the Drive and can go about my life. I think that one I loaded said that it was going to take 9 hours to load the two files. The two files were about 110 GB combined. That's a whole bunch of images. It took all day."
3.0,Inconvenient without the light indicator.,"It seems to be able to transfer and save files without any issues. But it has no indication of it being used. There is no flashing lights when it is active. For me, it is very inconvenient without the light. The slider is not as smooth. It has some obstruction inside, but not unusable. Otherwise it has a good capacity and fast transfer."
5.0,As advertised,Name brand item. It's the quality your expect from SanDisk. I have other thumb drives by them that work like champs. Actually bought this guy to get free shipping on another order. Ordering this thumb drive let me have free shipping (saved me a dollar) so I'm chalking it up as a free item. :)
3.0,Standard USB drive,"I own three SanDisk drives (Cruzer, Glide and recently Extreme), this drive is not the fastest, reaching 13MB/s for a 1GB worth of pictures (DNG and JPG - tested on linux ubuntu 13.04), but it is smaller than the very fast Extreme (6.9cm long Extreme vs. 5.8cm for Glide)."
5.0,Using for TV for instant playback.,"Works well. Fast. Smallish, but I like the hide away nature of it. Turns out I didn't need such a large one, storage-wise, but it's nice to have it if I ever do."
5.0,Great inexpensive flash drives,"I've had a 64 gb one for a long time now and it's still rock solid. Grabbed three of these bad boys to have spares to loan to people. The notch that keeps the usb bit out to plug in to the computer on my 64 gb one has worn down and now you have to really hold it out to get it in a usb slot, but it's still doing its job!"
5.0,Perfect Price Point to Performance,"We use these to pass out information to our students. In truth we only need a little bit of storage space, but the price/performance point was in our opinion the best option. You should be aware that many inexpensive devices are either misrepresenting their storage size, or of a type of memory chip that has very low rewriting capabilities."
5.0,Add-on prices are hard to beat.,"I run a photo booth business and use these to give to the client at the end with all the photos. I have yet to have one fail and having a name brand item helps. Plus, for the ""add-on"" deal with Amazon, brings these almost down to the bulk USB prices, but w/o the quality of knockoff brand USB devices and their failures."
5.0,SanDisk Cruzer Glide CZ60 review,"Great size, function and dependability.  However, I would really like to have label inserts and or loops for attaching labels as I tend to buy several and then forget what is on each one.  The SanDisk is always dependable in my experience, so purchasing more of the same brand will provide me with reliable devices."
2.0,USB 2 is SLOW for 256 gb,"This unit is only USB 2.0. On a brand new computer it took hours to transfer 100 GB. It makes no sense to order this, when a USB 3.0 or 3.1 unit is only a few dollars more (and 10x the speed or faster). It was easy to order by mistake; be careful--I realized the mistake after the return window closed."
5.0,"Works perfectly, no problems","This thing is working perfectly so far!  I don't know what kind of speed is to be expected, but when I copied about 25 gigs from my hard drive it took about 1.75 hours to complete."
4.0,This is a great price for a 16GB flashdrive but if you're gonna ...,The write speed for this drive isn't very fast as I get about 4.5 MB/s while transferring files to it. I don't plan on using it to transfer very large files though so it's not really an issue for me. This is a great price for a 16GB flashdrive but if you're gonna be transferring gigabytes worth of data on a regular basis you'll want to spend a bit more for a faster drive.
5.0,I have started using these thumb drives as one of ...,"I have started using these thumb drives as one of three ways to back up my data. I made an index of what files are on each one so i can quickly find the files I'm looking for. I guess I didn't check to see just how many of these I would need to do a full backup. I am going to order more but have left room on each on so that I can still add things as needed. To be honest, 128GB is a lot. They hold more files than I realized."
5.0,Portable.-,"In order to have a 100% blank drive, had to download the internal encrypt software the drive came with to my PC to store it for future use if required as won't be playing being the spy agent storing ultra secret files by the moment. Have many Sank Disc products in use, all works very well for my data storing needs. Highly recommended..."
5.0,Excellent Flash Drive,"I carry this flash drive in my laptop case to have available when I need to share files, photos, whatever. I have also used it when I got to a client's office and they could not get my laptop to project on their projector. I had the flash drive and put my videos and PowerPoint on the flash drive and then plugged that into their system. BINGO I was up and running."
2.0,Doesn’t work for multimedia,I bought it to plug into my DVD player so my son would stop using my laptop to watch the same movie over and over again. It won’t work.
3.0,Protected Flash drive or dive.,I have a encrypted 32 GB Flash drive by verbatim.  Its software for encrypting the drive was simple and easy to use but they do not make a 128 GB flash drive so I went with the SanDisk Cruzer 128 GB.
1.0,I know all drives come with less than advertised but I just felt like this was less than I expected,I got around 58 gigs out of this. I needed at least 60gb for the files I wanted to send. I know all drives come with less than advertised but I just felt like this was less than I expected.
5.0,Works as intended,Works exactly as intended. I would recommend. I have three of these now and they hold up well to daily use. I haven't had a single problem with any of them and I've had my first one for three years.
1.0,Unable to format.,"Completely unable to format no matter how many hacks tricks or jumps I make. After an internet search it seems that this is a fairly common problem with this particular model.  Utter waste of money and time.  Purchased in Nov '18 but didn't open to use til Mar'19. That shouldn't make any difference but will most likely not get a refund. Should've just gone to CVS and bought a cheapo one like usual, those always work."
4.0,Good deal overall,"I own several of these devices in varying sizes. Good price, multiple storage size options, convenient, no failures yet. What could be improved?"
