ratings,rev_head,revs
5.0,Nice price,Great deal
5.0,Product as shown,Used products on deer lease. Very pleased.
5.0,Item works great for trail cameras,Item arrives on time and the product was as described. I have used this kind for many year without fail.
5.0,SD card,good product no problems
5.0,Best value,Best value I had found for a bundle pack for my game cameras
5.0,Worth the money!,Great buy
5.0,Work fine,Work fine
4.0,"Good price, good quality.","These SD cards and the included SD/USB converter are good quality overall.  The cards are only a Class 4, so 4k recording/playback may 'stutter' some with subject movement.  1080P recording and playback works well.  The included SD/USB converter is small, lightweight and very handy to have for copying of camcorder, camera or computer files for friends and family."
5.0,Highly recommend the vendor,Product was exactly as described. All SD cards work perfectly. Very pleased with product and shipper. Received in 2 days.
