ratings,rev_head,revs
5.0,Works with Playstation Classic,"I got this simply to use with the Playstation Classic.  The 64 GB size works only if you use exFAT.  The best way to get your PSC to support exFAT is to install BleemSync.  AutoBleem by itself is not enough (unless you go for the 32GB size with FAT32).  Once you get BleemSync installed, then you may use the 64GB size with AutoBleem."
3.0,"No cover, confusing packaging",True the listing didn't show a cover to the USB jack but the version before this had a cover so I could use it if I have to put it in my purse.
5.0,Perfect!!,"The main reason I chose this one was it's size, once inserted into USB slot, the drive only sticks out about 1/4"" or just enough to grab with your finger tips to remove it."
5.0,Great for my car audio,I have a Mazda 3 and now I don't have to worry about something hitting a tall usb and breaking the internals of the radio.
1.0,POOR Quality,Had several SanDisks over the years with no problems.  I have a feeling this isn't a legit item.  My 8 year old 1 and 2 Gig flash drives outperform this.  Tops out at 5MB/sec write speed.  That's bad even for USB2.  I'd return it if it were feasible.
5.0,They do what I need them to do.,"They're small, lightweight, and inexpensive."
4.0,Note that this is a USB 2.0 drive.,"This means it's ideal for something like car audio, and in my case an Windows 10 install drive which works fine in my application, but it's very slow compared to USB 3.0/3.1 drives that I'm used to. Good thing I got Samsung thumbdrive that was fast enough for my application, and I needed one of these for car audio anyway, but I was a little disappointed."
5.0,Much cheaper alternative to a dash cam,"We added these to our Teslas so we can save the last 10 minutes of recording from the cars' cameras. We tested it recently when my husband encountered a car that was belching heavy black smoke from its tailpipe. We played the resulting video, and it was really helpful. It actually saved footage from at least a minute prior to activating the save feature (a simple tap on the camera icon on the car's touchscreen). It saved video from the front, rear and side cameras so if this had been an accident there would have been videos from different angles. The video quality was also much better than we were expecting"
5.0,Low profile fits well inside a Raspberry Pi gaming case.,"I needed a USB module that would fit inside a Raspberry Pi case I have. I already had 16GB Cruzer modules I used for audio playing amplifiers and video devices (see my other reviews), so I went with this brand again. They aren't the fastest (copying 64GB took a long time) but they do the job. Its great if you need the size."
5.0,Great for the adding storage without creating a hazard.,"I use these thumb drives for car audio, laptops, and embedded devices.  They are reliable little devices that give you the storage that you need without getting in the way.  The drives fit nice and tight so you shouldn't worry about them falling out.  Removing them is a little difficult, but I think the point of these low-profile drives is to be able to leave them plugged in without noticing them.  They may not have the greatest transfer speeds, but they do well enough."
5.0,Good to know !,"Second time purchase i am back. Is small, is compact and i use it for the USB on radios to play mp3's music. The size is excellent and the price is below $6.00 free shipping. And the price was reduced again great deal i am impressed."
2.0,Misleading Photo!,"The picture of the drive appears to indicate a hole through the top whereby one could insert a key ring straight through it. But the actual product has the tiniest hole and does not go straight through the top of the drive. The hole is  suitable only for a thin sliver of wire (maybe 24 gauge) that isn't sturdy enough for the task and must be bent to fit - and then soldered closed. This drive is tiny, and I bought it to attach to my key ring so it wouldn't get lost. Quite misleading!"
5.0,Great way to utilize USB ports,"The slim usb drives are very convenient to keep in a usb slot.  They are so small you will never even notice them on the sides of a laptop.  My only regret is not getting the 128gb USB 3.0 for $10 more, but that's ok, I will buy that one and keep this one too.  You can never have too much storage!"
3.0,The lanyard hole is too small.,"Can't complain about the flash drive itself, the size is great! But the lanyard hole is so small there's no way to put anything through it other than some very thin metal wire. And I want a lanyard through it because it is so small it is very easy to lose. I guess they made it too small?"
5.0,No problems - works well,Works perfectly for my car audio. Holds all of my ripped max quality mp3's and always reads when the car starts. My only complaint would be the packaging from the factory. It comes embedded in giant sheet of cardboard and you need a surgeon to remove it. 😉
5.0,Great for music in the car,I have three of these that I fill with music to play in my car.  They all work excellent.  I store a lot of music on these and have never had a problem.  I will continue to buy this product if I need more and I highly recommend you do the same!
5.0,Very small size with very big space,Love this thing. I used it for uploading music in my Ford Focus and now I don't have to carryy old iPod around in my car. The only issue I had was that I had to find out how to change the file format to FAT32 from exFAT. But there are vidoes online to help so it wasn't a big deal. This usb very small so make you have a tether or some way to get it on a key chain. I used and old cellphone tether
1.0,Don't buy this Flash drive to store and play music.,I believe this flash drive is defective.  64GB will only hold 5% of its capacity.  I bought it to play music in my car stereo.  Although it shows the music is on one the flash drive only a hundred and 2 songs will actual play out of 400 songs.
4.0,"Easy to lose, because so small, but works great","Works great, so small easy to lose on your desk, I use to download different Distros of Linux , and Windows 10 , so far I have reformatted many times. Many of the cheaper brands would have died with the use I have given to this usb drive."
5.0,Works as expected,I'm using this to play music through in my 2018 Mazda 6.  The car manual suggested a 16GB / USB 2.0 drive and so far it works great. The micro size is nice because it's near flush with the port.
3.0,Not very good for a keychain,"There is a tiny ring.  You cannot put a keyring through it.  I managed to thread a lanyard to get it on my keys, but it's worse than threading a needle.  The ring is fragile."
5.0,Cheap and works great,"Purchased for unraid but couldn't get the usb boot maker to image the drive, had to do it manually. Slim profile fits fantastically into my onboard mobo usb slot."
5.0,Rock solid!,Rock solid! I have several thousand tunes stored on it and have it plugged into the USB input on my car stereo. Like having your own personal radio station!
5.0,Great for modding the Playstation Classic,I use this flashdrive to run Autobleem and Reteoarch on my PS Classic and it works flawlessly. No need for power mods or powered hubs.
5.0,Best Flash Drive!,"I own several of these& use them for media storage. They are very responsive, good capacity, don't fail or lose your data!"
5.0,Good Value,"Bought two of these for some digital photo frames. Super easy to load the photos onto, and a high storage capacity."
5.0,Heavy duty,You cannot beat this deal it is as described and is very reliable. True plug and play cant beat getting a sandisk
5.0,"Great price, it works fine, you should have no problems with this. Highly recommend it!",I love the small size and storage capability. Great to use when you don't want to see or touch accidentally.
5.0,Ultimate compact design,Works well. Love the ultra low profile. I use this to store music and is in use in the car as the 2019 Mazda CX-5 does not have CD slot anymore.
5.0,size is perfect,Using this for my truck stereo. It's hardly visible and has plenty of storage for my Gospel songs
5.0,Perfect,I love the fact that this usb doesn't stick out. No worries about hitting this one and damaging it.
5.0,Great for vehicle usb,Works great for music.  I have this in my pickup plugged in with all my songs and room for more
5.0,Works with Playstation Classic,Needed a decent sized USB drive to work with my Playstation Classic. This one works perfectly.
5.0,Low-profile storage,It is amazing how much data can be put on something this small. This stubby flash drive is great for use with my Chromebook. I don't have to remove it when I put the computer in its case.
5.0,Great small USB Stick.,Works well with my PlayStation classic. I installed BleemSync and I am off and running.
5.0,Works,Works well. Holds all my music. I have four of these. One plugged into each of my vehicle's head units.
5.0,very small an hard to see an works good..,i bought 4 of these an i use them in a raid1 boot drives for freenas an they work well an the price is right
5.0,Useful item,Item arrived promptly and was exactly as advertised.  I was able to plug it in and use it right away without any problems.
5.0,Great for Car USB music,Use it my car for music. Works great and has a low profile.
5.0,Amazing product!,I use this in my car stereo. Holds hundreds of songs and works great!
5.0,Works Well,Needed a Bluetooth adapter with the latest Bluetooth modes. This does it!
5.0,Perfect,Fits nicely on my Chromebook.  Doesn't get in the way; nice fit.
5.0,Just what I wanted,I got this for my laptop . The 64 gig will hold a lot.
5.0,"Portable, small and good storage to make a backup","Stability and security (can be used with password very important) if you lose it, nobody can access your data."
5.0,Works as advertised.,Worked perfectly for the application I needed it for.
1.0,Poor Quality!!!, Doesn't work at all!
5.0,Compact size,My father is impressed with storage space and compact size - thank you
5.0,Great drive for cheap.,Awesome thumb drive. Use it for my ps classic.
2.0,Junk,"Something wrong with it as I can load  a lot of music on it but will not play them in my head unit, while others will."
5.0,Great price for the little thing!,"Well, works exactly as it should and came in at a great price... what's not to like?"
5.0,Good product,Works like a charm and really small and neat
5.0,Very compact.,Plug it in and forget it for the most part.
5.0,Nice USB storage device,Used a paper clip to put it on my key chain.  Works great!
5.0,Works,"no hassle, worked from the git go"
4.0,buy with confidence,"Great price, reliable usb drive"
5.0,Fits nearly flush into radio,Purchased this to add to a USB capable radio.  It works perfectly.  I really like how it is nearly flush( no way it gets bumped and broken).
5.0,Tiny drive with lots of storage,Tiny. Doesn't stick out from laptop which I like so I don't catch it on anything or knock over my laptop when working on the sofa or with computer in my lap.
5.0,Great,Great product
4.0,its small,it does it job maybe a little small for my hands
5.0,Fast loading,Works perfectly for ps mini mod.
5.0,Small and compact!,"I use this to play music in my truck, its sooo small and compact that sometimes I forget that its in my usb port."
5.0,Thank you,Thank you
5.0,"Really, really small",Great product. Super small.
5.0,Just the best,Still my fav usb
5.0,Great,Great
5.0,"Great product,  good price",Low profile is outstanding
5.0,Great value for such portable & large storage space,"Recently my long Heavy large usb have lost, so I figured why don’t buy one online and I come across this tiny usb. Easy to use. About the same size of my wireless mouse adapter. Put on and forget it. Really love the design  price is very cheap for 64gb"
5.0,Awesome,Great product at a great price.
5.0,Bruh this ain't actually 64 gbs,aight so this is actually 58.4 gbs which is kinda lame but it still works i guess
5.0,Super compact,Great capacity in a very small device
5.0,small 32 gb usb,"use in car stereo, has a ton of storage but doesn't stick out"
5.0,Small Unit/Big Capacity,"I use this memory card on a motorcycle USB cord to play music. I have over 200 songs on it & counting. Easy to attach, and it does not take up an room in a small compartment next to the radio on my Harley Streetglide."
5.0,So tiny it can stay in my MBP all the time.,"I like the size, capacity, unobtrusiveness."
5.0,Flash drive,Son loves it
5.0,pendrive,puen tan
1.0,Mala calidad,"Tengo que desconectar y volver a montar la memoria usb porque despies de un tiempo no es reconocible por el dispositivo, mala calidad."
1.0,Stops working after 3 weeks,Worked great.  Until it didn't.  Drive totally failed on me after three weeks of use.  Don't buy this product.
5.0,Good,Good
5.0,Awesome for PSC,"It worked great for my PlayStation Classic.  Once I got it in, it didn’t fail on meeting all my expectations."
5.0,use it everyday,"love this thing ,doesnt stick out ."
