ratings,rev_head,revs
3.0,Good card. Bad card reader.,"Once inside you can't simply pull the card out of the flimsy ""Everything But Stromboli Card Reader"" card reader that accompanies this good quality 32GB Sandisk Extreme Pro 4K micro SD. On the second attempt to remove the card the reader snapped in half with simple finger pressure. Given the package was cheap and the reader was basically thrown in I didn't bother to  go through the trouble of returning it. But I will take the time here to warn Amazon shoppers that while the micro SD card itself is fine if you are actually needing a card reader you can rely upon - you may wish to look at something else."
4.0,I've used Sandisk for several years without issue. I ...,"I've used Sandisk for several years without issue. I took a star off because the USB mini card reader had pieces falling out of it, could have ruined my sd card."
4.0,It’s a SanDisk!,Works like it should in Yuneec H520 drone. Took 1 star off because mine arrived with an SD card adapter and not a USB adapter as pictured
5.0,DJI Mavic Air,Worked perfect in my Mavic Air!!
4.0,Handy thing,Makes it so much easier to transfer pix and mp4s.
5.0,Five Stars,works great!
5.0,"The stuff so amazing, I really all those that I buy from ...","The stuff so amazing, I really all those that I buy from Amazon. It is on time and has the best quality. My video is recorded quickly and has the best quality"
5.0,Five Stars,As Described and arrived on time.
5.0,"Sandisk, Fast, Need I say more ??? Looking for a Drone or GoPro fast card you found it here !!","Love it, fast and always handy to have the portable reader"
5.0,Drone Operators Need This,Perfect for my Mavic Pro and other drones.  Great quality!
