ratings,rev_head,revs
1.0,Defective card,"After trying and trying repeatedly to use this microcard as a replacement in my Samsung S7  - hours of frustration, seeking guidance from internet, friends, etc.  I gave up, thinking it was just my ineptitude.  Tried again several times, it would never work."
4.0,"Believe the ""Fake Card"" Hype - Photo to Prove It","Top card doesn't work / Bottom card works. Bought the top card June 18 2018 for a Nintendo Switch and the games would download to 99% and then suddenly I'd get an error. When these cards went on sale recently I bought a new one just to see if it was the card. I could not BELIEVE how different the fonts were! Check out photo. Also the color of the bad card is off (slightly more purple and less red). Sure enough, I was able to download games to the new card without incident. The real product works great but I just can't justify giving 5 stars when I had this experience. Buyer beware!"
1.0,fake,"this product is not what is advertised. it ended up being a 2gb card sold as 128GB be careful, do not buy."
1.0,False warranty,"I had this for my dash cam for about 6 months, worked fine then it suddenly went out, the computer wont even read it anymore..."
1.0,Average write 14MB/S,"Bought two. Both averaged 14MB/s and would burst to about 20MB/s. Nowhere near the 98MB/S claimed. Tried to return same day received (after working with them for 90 minutes, and amazon wouldn't stating ""This item note qualified for return."""
1.0,DOA!  Amazon selling counterfit cards?,Card dead on arrival.  Immediate write errors and card cannot be formated.  This is my first time ever having issues with an AD card.
1.0,I got a fake...Beware!,"I always use SanDisk and think they are top-notch. However, beware of fakes! I got an obvious fake microSD card, and the retail package had obviously been opened before I received it."
5.0,Worked perfectly in my testing and in my tablets!,I got this 128 GIG card to use with my tablets.  So far it has worked perfectly in my testing. I always keep a couple of spares around for my future buys and I seem to give a lot of my SD cards away to family and friends. I picked up this 128 GIG at a great price and I just couldn’t pass it up.
5.0,GREAT CARD - I doubt I'll ever run out of storage!,"I love it! Works great in my Galaxy Note 8! Fast enough that I can throw pretty much anything at it. If you're wondering, modern Android versions (starting with Lollipop, as I recall) have the ability to read up to 1 TB of external storage. While this 400GB card is the maximum capacity you can currently buy*, the leading manufacturers are feverishly working to make larger capacity cards. For now, though, I think 400GB is enough to handle all the 4K video I can shoot."
1.0,"this was not a good purchase, my previous review was deleted but here ...","SD card failed after only a couple of weeks, will not read, will not save anything, this was not a good purchase, my previous review was deleted but here it is, in reality I am dissatisfied with the way this was handled, the card was bad, did not work as intended and I wished it was shipped on time. As such I would say stay away, there are other cards and other sellers."
5.0,Using on my Nintendo Switch,"Excellent card! My 32 gigs of space on my Switch got used up, so I’m on to this 64gig card now. The Ultra is the fastest that the Switch can use. Don’t bother with the Extreme."
1.0,DOA: Card melted down while plugged in to my laptops card reader.,"Dead on Arrival. I was never able to format it. The worse part was that when I tried to pull it out from my laptop card reader, I burned my fingers touching it! The card was extremely hot. I took it out using a piece of cloth and once it cooled off, I could see that part of the adapter was melted. If I would had leave it plugged in more time it could have easily caused a fire. I have been using memory cards a lot, this is the first time something like this happened to me."
5.0,Always check if the card is legit when it arrives,Beware of fake cards. The capacity shown on fake cards can be modified to show a size greater than what it actually is. Ex. A fake 256GB card having only 32GB instead. Some unknowing person could use the card without knowing it was fake and find that the data was corrupted when it got past 32GB or encounter a very very slow transfer rate past a certain point.
1.0,"This products are fake, bad quality and wrong advertising.","This products are fake, bad quality and wrong advertising, the package says SDHC and the micro says XC but they don't work as XC...I had to throw them to the garbage cause the return time has passed."
5.0,400GB for my switch!,"Purchased for my Nintendo Switch, works perfectly! I originally thought it didn't work because I kept getting an error on my console when I copied my old SD to the new one using my macbook, but apparently the issue was introduced because I used a macbook due to how their files are stored on their SD format. I switched over to Windows, copy/pasted my data from the old to the new and everything just worked like nothing ever happened."
1.0,Back up your pics/videos first! Card gives error!,"I've been so excited to add more memory to my phone (Samsung galaxy s7)... transferred my videos to the sim card and... they're all lost.. error of some sort. all my recent toddler videos are gone and I have no clue how to restore it... I'm so pissed, I can't even explain. Please just go to best buy or somewhere to get a legit card, or at least back it up first before transferring anything. Even pictures I take are not opening up... I'm returning both cards."
5.0,Low price,Good price and has been holding up well
1.0,Don't buy unless it's 2nd revision/version.,"11 months in, and the times the card is not recognized or errors or locks up my devices are increasing. Additionally, minimal use makes the card heat up considerably. I'm beginning to wonder if this is a fake, or just another case of SanDisk's first run being garbage like their original 128GB cards (which I *also* had to replace in under a year)."
5.0,Compatible with everything I've tried and super fast for 4k Video!,Bought this for my Paralenz underwater camera that shoots up to 4K 30fps.
4.0,The card was tested with H2testw and as you can ...,"The card was tested with H2testw and as you can see, the long-term averaging resulted in 31.9MB/s write and 87.6MB/s read speed. Fast enough for use in phones and tablets and your Nintendo Switch."
1.0,They would be great IF,"This card became corrupted while I was taking a video with my smartphone I believe, but after that I couldn't format it or even delete anything from the card. Luckily I could copy and read from it still. I won't be using this brand in the future. Google this card and search for can't format or cannot delete files and this card 64gb comes up quite a bit. I bought it direct from Amazon, not 3rd party. It is not fake. I think they have a problem with these."
5.0,Was a real SanDisk 64G Ultra and meets speed ratings.,Was a real SanDisk Ultra 64G type 10 and meets the speed ratings.
1.0,"Just comes up as bad, and I use it to record quadcopter flights ...","SanDisk is a brand product and I was expecting the usual quality, but the one I got is toast already."
1.0,Not all SanDisk 128gb are reliable,"I purchased this 128 gb micro SD card for a new Motor G6 phone.  It arrived in 3 business days and the package was in perfect condition. I put the card into the Included adapter and plugged it into my windows7 computer, then copied 20gbs of music on to the card.  I tested the copy on the computer by playing a few random songs and it worked fine.  I ejected the card and unplugged it. I then installed the card into my phone and the 128gbs showed up in storage, but the music folder was not visible and I was unable to access the music regardless of the many troubleshooting techniques I tried.  I plugged the card back into the computer and it no longer showed up as a storage device.  I am satisfied with the fulfillment but the product was faulty.  I am now using the same type card in 64gb from my previous phone."
1.0,"Would not read, but melted nicely.","The card  was sent to me by a family member in an undamaged condition. Prior to purchase, no one (including SanDisk, Canon or Acer)  could confirm it would work in my Cannon 80D Canon camera or a new Acer Swift 3 FAST lap top, but I bought it anyway.  On arrival - a now 2 year old PC would not read it, but made it HOT. The Acer Swift 3 could also not read it, so I placed it in the Canon 80D, where upon it started to melt the cards adapter. The melting plastic trapped it inside the card adapter, but I was able to slowly remove it, to see it burned itself on both sides and created a center 'crack'. What more can I say? Oh yeah - I was  unable to find any review on the web confirming it would or would NOT work on the devices mentioned - terrible!"
1.0,Not for use with a 4K camera!  Too slow,"I purchased this memory card for use with a 4K GoPro camera.  While recording, the video skipped and pixelated.  When I went to replay the video, it gave me an error.  I switched to a class 3 memory card (this is class 1) and didn't have any of those problems.  I wouldn't recommend this memory card because of its slow speed.  It says up to 98mb per second, but it didn't reach that for me, unless I just got a bad card.  Spend the extra money and get a class 3 card; it will be worth it."
5.0,Don't cheap it out.  Buy this one.,"This is a great card.  Using it to actually run a disk intensive application as a portable test bed environment. Far, far faster than I expected to be, doing something that it wasn't necessarily designed for.  I had tried other Speed Class 10 cards that were marginal, but this one met the need."
5.0,"Works like a charm, will update as time goes on","So I just got the 200GB version in the mail. Due to negative reviews I was very worried about how my mSDcad would turn out. So lets get to the point: It is easy for scammers mess with the cards to make them appear bigger than they actually are. So it is IMPORTANT that once you get your card that you download a software called h2testw. I used it and after about an hour or 2 it reported no errors. Everything checks out for mine regarding that concern.  I got this card for my switch that I, at the time of writing this, am still waiting to receive. I may update as time goes on, but so far so good."
1.0,"Corrupted, Issue",It worked great in my Zoom H1. I used it for couple months and one day displayed on my computer as corrupted. I tired reformatting but with no success.
3.0,The first one started getting errors after about 6 months of use and then went bad within a year,"This is actually the second of three of these cards that I own. The first one started getting errors after about 6 months of use and then went bad within a year. Sandisk has a rather convoluted return process. I do give them credit for standing by their warranty service...their warranty is great. While this was bad I bought a second one and I'm using that. After 2 months, I am already getting errors. The product handles video and audio fine. The reason for only 3-stars. I'd rather have a micro-SD card that is reliable. Losing data is not fun. Having one card go bad and now a second card starting to fail, indicates a quality problem."
1.0,False advertising - not a high performance card.,Placed from package into new Moto G5S Plus and the attached screenshot popped-up on the phone indicating the card is poor quality. SD card benchmark app revealed read/write speeds nowhere near what they claim. Buy somewhere/something else...waste of money if you want a high performance card.
1.0,Doesn't work in car dvr which is what I needed this for.," It's a micro sd card. I needed something a bit larger for my car dvr, but it doesn't work with it.  I can't say it's the cards fault since I can see it on the computer but I haven't used it for anything else. Unfortunately the car dvr doesn't see it. So I'll get a 32gb and see if that works since I thought I could use it with a 64. It's not clear on the dvr box so this is what happened."
1.0,Man this thing is a piece of crap,I bought this for hopes of using it on my business trips. I set the thing up and it seemed to be somewhat working. As a note I work in IT and have for over 20 years so this is not rocket science.
5.0,400GB Nintendo Switch!,I thought 200gb would have been more than enough for the lifetime of my Nintendo Switch but apparently not. I decided to just upgrade to the 400gb so I won’t have to worry about space on the Switch for a while.
1.0,"Stopped working ,with little use...","Stopped working  , with very little use."
3.0,Wish they had better wear leveling and more read/write cycle ability.,"This is about the 5th one I've had to order, they last about a year with video use on a dashcam, on a Raspberry Pi, they last around 3 months.  These are NOT designed for heavy read/write activity, and don't seem to have any built in wear leveling."
5.0,Not a fake!,"With the price of $88.00, I was skeptical that this may not be a real card, but I went ahead and ordered it anyways. After all, Amazon has a great return policy, so its not like I'd be out any money."
1.0,Two and both Error,"I have two of these, BOTH of them error when copying data from a PC to the card. The card constantly disconnects from the OS, then you have to reinsert it, start copying, and it does it again. Some of the videos that I copied over work on the original PC but then when I copy it successfully to the SD card, they don't work. It took me 4 days to copy over 80GB worth of data because it got to the point that I had to start copying individual files over so they would not error out or the card would stop being read."
3.0,Read/Write speeds low with H2testw,I ran H2testw to verify storage space. It read 121GB but the transfers speed were not even close to the up to 100mb/s. The write speed was 18.3mb/s and read was 28.3mb/s. I am glad it at least was almost full storage but disappointed on the read/write speeds. For this price I am going to keep it but not as advertised on speeds.
1.0,Won't work in dash cams!,"NOT DESIGNED FOR DASH CAMS! ANY DASH CAM. Amazon add said people were buying this with with the roadwitness dash cam, so I ordered it and installed it. There are noise bars popping up on the videos and after I had tried it now  I have to try talking to Amazon to get my money back! After feedback from roadwitness they said to not use it in any dash cam. Won't hold up!"
1.0,THIS IS NOT THE 128gb CARD!!!! DO NOT BUY THIS,"I purchased what I thought was this item on November 2, 2018 and thought it was a great deal because it was cheap. I read other reviews about even cheaper ones selling for $7-$12 that said those were a scam and not the actual product. So I thought that since this one was priced at $22.25 at the time, that this one was legit. THIS MEMORY CARD IS NOT THE 128GB MICRO SD CARD as advertised. To make sure I was not falling victim to the scams the other reviews talked about, I tried to transfer something well over 32gigs (40+ GIGS) just to be sure. It told me I needed 14.4 more gigs to copy it. That's strange......seeing as how this is advertised as a 128gb Micro Sd Memory Card. AGAIN, THIS IS NOT THE 128GB MICRO SD MEMORY CARD AS ADVERTISED!!! DO NOT BUY THIS IF YOU THINK YOU'RE GETTING A GOOD BARGAIN. THAT'S NOT THIS PRODUCT!!!!"
1.0,Waste of money,I was not able to put pictures or videos on this device. It kept saying that it was write protected. I tried to turn the switch on the side of the adapter on and off then I tried a new adapter I had laying around the house. It still did not work. I even formatted it back to default. I tried to return it and it said I wasn't allowed. I just want a SD card that works!
5.0,Works great in a Samsung Galaxy S7,"I got this for my wife's Samsung Galaxy S7 so she could have more room for pictures, videos, music, and audiobooks. She's been using it for just over two weeks and it's been working great. Like most of these cards, it comes with an adapter so it can be plugged into a computer or laptop. I used it once to try it out but I have a bunch of those adapters so after I verified it worked I just threw it the drawer with other stuff I don't use very often."
5.0,Works great.,"I bought it to use as extended memory in the little tablet computer i use on the road. Works great. Inserting the small card is a bit like surgery on the computer. But that is not the fault of the card, but has more to do with the design of the computer. So It will stay there. I wont swap it back and forth between different devices. I am considering another one for my phone."
3.0,"Average speeds, different devices or hardware did not change speed much","To start off with if you are expecting to get WRITE speeds of 100 mb/s forget it, a card like this would be much higher in price."
4.0,"Placed in Nintendo Switch, Got 363 GB of Usable Space","So these cards, like many like them are always advertised based on technicalities and I don't like that.  So when it says 400 GB be aware you're never going to get that."
5.0,Best product for price,"I use this for my Nintendo Switch. It formatted with no problem and allowed me close to 120GB for storage space. The packaging seemed a bit dirty and beat up, but underneath the sealed parts, everything was in perfect condition. This is the best bang for your buck regarding speed, storage size, and price for the Switch."
5.0,"Nearly ""unlimited"" storage, works well on a Samsung Note 9",Summary:  the SanDisk Ultra 400GB seamlessly adds what amounts to unlimited storage for your phone. I've had it installed and working well on a 
1.0,This is NOT 200GB,"With a 32GB card you get 32GB.  With  a 64GB card you get 64GB.  And so on.  This is not a 200GB sdcard.  It is much smaller.  SanDisk Marketing is lying about the size of the  card, which should make everyone cautious about quality.  This looks to be made from rejects of larger media -- probably 256GB -- that failed checks, but could be sold for a more modest size.  That would be acceptable, but lying about one thing ALWAYS means they're lying about something even more important."
4.0,Works in Galaxy Note9 (but sees the card as 366GB when formatted),"Notice: Review is subject to change if problems occur down the road. Never had an issue with Sandisk before, though."
1.0,Froze after 3 months,This SD card did well for about 3 months then started to act weird on me... I've tried using it with 4 different phones now and none of them can delete or reformat the card. It's a weird situation honestly.. I can play music from it on 1 of the phones but the other read it as corrupted. So basically this thing is useless now...
2.0,Keeps showing up as corrupted on my phone,"It initially worked fine on my Moto 4x phone, but after 1 month I've been unable to move any media to it. After I format it, it shows up as 'corrupted disk' in the storage settings. After a while it comes back to normal, but then I can't move media anymore (again), format it, it shows up as 'corrupted disk', and so on."
5.0,So far so good!,I had  a 200gb Sandisk card in my LG V10 and have been using it to this day (3+ years) and only had 1 Gb free space for the last year. It was finally time to upgrade. Boy am I glad I did. This new one (400gb) gives me 166gb more free space than my old card. I put in my  phone it recognized it and then put it in my PC card reader and transferred 190gb of music and pictures to it and then put the card in my phone. Speeds we're about 20mbs. It was relatively fast and worked like a charm in my LG V30. Thanks Sandisk!
5.0,IMPRESSIVE 4k speeds on A1 version!,"I needed one for my phone and one as a backup for my laptop, something small that I could carry in my wallet while traveling.  The speeds are good for the tiny size.  The 4k read/write is significantly quicker than a portable hard drive and will aid speed for large syncs of many small files."
3.0,Came as Expected... Mostly,"I've heard horror stories of faulty/fake/wrong SD's being delivered instead of the real deal, and I'm pleased to say I had no such issues. It's a SanDisk SD, and for the most part it's everything I expect. However, unfortunately, it's packing only ~366 GB of space, which is, IMO, lower than it should be considering it's a 400 GB card. I know it's almost always a tad bit lower than advertised, but 34 GB seems like a lot of lost space. As such, I'm shaving off a couple stars."
1.0,I highly recommend testing your own cards (or any sd cards you ...,"The cards I received were counterfeit and not actually 128GB, which was confirmed by a few different programs that detect counterfeit cards.  I highly recommend testing your own cards (or any sd cards you buy online) as this is a common issue."
5.0,Highly recommended if you need the capacity (I have lots of ...,Work as promised in both my Samsung Galaxy Note 8 and A&K AK380 even though they advertised support up to maximum of 256GB ONLY. Highly recommended if you need the capacity (I have lots of high resolution flac files)
5.0,PSP users read this!!!,"To all PSP owners considering using two of the 400gb cards with a CR-5400 microsd to msproduo dualslot adapter: I have been hacking PSP's for 10 years and have pushed the limits of the PSP OS many times. Although the PSP uses a FAT32 file system with a 16k or 32k allocation size with support of up to 2tb, it cannot draw more than 32gb in OFW or 500gb in CFW due to kernel limitations. Also remember that all computers use a base-2 binary number table and not a base-10 like our Latin number table, meaning Your real memory draw will be 7% to 8% less than the advertised memory. 32gb=29gb, 64gb=59gb, 128gb=119gb, etc. The maximum memory you can use on PSP using a dualslot adapter without exceeding the memory draw is 528gb using a 400gb and a 128gb card giving you 491gb but more likely around 488gb depending on if you use the PSP or a PC to format. Thank you for reading and happy hacking!"
4.0,Fast memory card; no storage box for the adapter,"I purchased this Micro SD card to use in an Amazon Fire HD 8 tablet.  The card works in the tablet just fine, and apps run from the card just as fast as they did when in the tablet memory.  This card comes with an adapter to use it in the SD slot of another device.  My only criticism is this product does not come with a plastic storage box to keep the adapter from being damaged when not in use."
1.0,Careful! Used card sold as new.,"Bought this product ""new"" from Amazon. When I inserted it into my phone, it locked the phone and changed the language to Spanish. I had to hard reset the phone, loosing all the pictures and settings. When I went to the SD card through the phone, it showed there was 3 GBs of data used on it. I had to format the card to keep it from locking the phone again. Don't sell recycled cards as new."
3.0,Genuine 200GB card but abysmal writing and reading speed,"I have too many cards of various sizes to count. Majority of the cards I have are from Sandisk and none has ever failed on me. For me, this is a trustworthy brand. I noticed 200GB card for cheapest it had ever been, for $35, I grabbed one. Total usable capacity is 183GB."
1.0,"after 1 month, the card failed. In now ...","after 1 month, the card failed. In now reports as 32mb. Cant get it to report as full size. Google says this is a known issue not just for this brand but others too. Some people fixed it. I could not."
4.0,"Great value in terms of storage per dollar, but SLOOOOOW.  Conditionally recommended.","MicroSD cards are a little odd in how versatile they are.  You can use them with adapters in DSLRs or as secondary storage in a laptop with an SD slot.  You can use them in phones, game systems, and other devices (dashcams, action cameras, security cameras).  The versatility means that you can have dramatically different requirements from use case to use case, and that a specific MicroSD product may be good for one, but not another.  What about the SanDisk Ultra 200GB microSDXC UHS-I card?"
4.0,Consider what you are gonna use this card for before buying,"Bought this with a dash cam (It showed the two items were ""frequently bought together"") on Amazon. This card is not for dashcam use, infact, if you use it for dashcams or video monitoring devices(security cameras),  Sandisk will void the warranty of the SD card. I did not know this and will have no choice but to return this product. It would be nice for Sandisk to put in the description ""NOT FOR USE FOR DASH CAM OR VIDEO MONITORING DEVICES"" and direct the consumer to their ""Sandisk High Endurance"" card, specifically made for dash cams/security cameras. I had to do the research myself and learn that this cards will die faster if used with dash cams because they require continuous writing and rewriting on the card (Loop recording, ect) I'm sure the product is beneficial for other devices, but don't use this for dash cams!!"
1.0,Great but very BAD,"Just only 3-1/2 months, this fantastic card just died. :(("
5.0,Hello Old Friend!,"Two years ago, I replaced all my micro SD cards with Samsung EVO cards, because they were half the cost of the Sandisk cards, and Samsung is a reliable brand, right? Well, no. Of the 6 Samsung cards I purchased in 2016, 4 failed within a year. I contacted Samsung to replace 2 of those cards: one failed within 2 months, and the other lasted 27 DAYS before failing. I ended up throwing all the Samsung cards away, even the brand new unopened one I hadn't gotten around to putting into a little-used tablet."
1.0,DO NOT BUY!! After a few months SD card doesn't work!!,"***I should have PASSED on this card. All was good at first. Not even 6 months after owning card stopped registering in our kindle fire. I've tried everything. What a waste of money and of course it's out of the return timeframe, and It will not let me contact anyone for support!*** My original review was below I would HIGHLY advise purchasing a completley different card! Do not take a chance on this!"
5.0,"Super Fast & Cheap Card, 95MB/s Reads, 56MB/s Writes","Got this 200GB drive for $43 on prime day, however I added $100 in credit to my account and got $10 for free so really this drive only cost me $33! Its surprisingly fast for an Ultra series and UHS-I class Micro SD and I think it will perform very well in my phone to expand its storage to a whopping 247GB(183GB of actual storage on the card + 64GB Stock.) Im getting reads of 95MB/s and writes of 56MB/s which is darn close to my Sandisk Extreme which is a UHS-III V30 Card and only gets slightly higher Writes at 71MB/s. Also tested the card with FakeFlashTest and h2testw and they both came back legit."
5.0,Speed up your Raspberry Pi or phone,"These new ""A1"" class cards are very noticeably faster when used as the OS drive in single board computers like the Raspberry Pi3B. Normal SD cards are highly optimized for sequential read/write, which is what is done in cameras, but a computer OS does a lot of non-sequential I/O, and most SD cards are terrible at that. And I mean really terrible! Like hundreds of times slower than ""A1"" class cards!"
3.0,Misleading Size,"400 GB is really 367 GB. While, technically, the card does contain 400 gigabytes of storage (as in 400 billion bytes), this is misleading since operating systems have never reported the actual number of bytes this way. Rather, they use the binary system where one GB is 1024 to the third power or 1,073,741,824 bytes. Mount this card on any operating system and the amount of storage is shown as 367 MB. This is what we are all used to since computing devices were invented and these cards are used in these computing devices that report their capacity in the binary form. So why continue the deception? More sales equals more money. Or, put another way, one company started doing it and now they all do it and no one company will do it correctly for fear that they will lose their competitiveness."
5.0,Works great in our Nintendo Switch,"I bought this to go with my kids new Nintendo Switch, which they received for Christmas.  I didn't even think to read the reviews because it's a SanDisk and it was on sale for the Holidays (I believe I paid $39.99 vice $49.99 for the 256GB version).  So far, we have had no problems with it being a fake.  However, I did not test it as other reviewers did because I wasn't even aware that fake memory cards sold on Amazon was even a possibility.  I can say though that for us - so far - we have had no issues whatsoever, and I'm quite pleased with the purchase. So far we have downloaded two games to the memory card and they have worked flawlessly.  For now, I give it 5/5 stars after 3 weeks of use.  As is my custom, I will update this review if anything changes and adjust my rating appropriately."
1.0,I don't quite understand how this seems to work fine OTHER than on my Switch,"Well I can't tell if I got a fake because it looks quite real. It works in my Mac. After following the instructions by Nintendo on formatting and copying my data over, the Switch will NOT recognize the card. I don't quite understand how this seems to work fine OTHER than on my Switch. So I'd avoid buying it for that purpose until we can figure out what's up."
1.0,I was really hoping this was a real San disk ...,I was really hoping this was a real San disk card. It was not. Font on chip did not match official SanDisk and the website on the package was not sandisk.com. Transfer speeds are slow. Thanks for returning the item. Tried to use for raspberry pi images. Transfer took 5 days for 215 Gb image.
1.0,Skip this one...,I've used ScanDisk products for many years and most have been great.
1.0,FOR ME WILL NOT FORMAT OVER 25GB,"Difficulty in getting 200 Gb card to format. Used SD Card Formatter that SanDisk refers you to and it finally formatted, but only to 25Gb. Tried 3 PCs and one mac, none can format 200GB micro SD card beyond 25Gb. Defective!!! Want a refund or replacement. SanDisk please contact me."
2.0,Worked fine until it abruptly and completely died.,"I bought two of these. The first one works fine and has continued to work fine so far, knock wood, fingers crossed, no whammies. Great price for the amount of storage, pretty fast, works with Windows and Mac computers, nothing to complain about."
1.0,NOT FOR USE IN DASH CAMS WILL VOID THE WARRANTY!,"I ordered three of these to go in three Dash Cams I purchased as gifts.  I found theses after doing a search on Amazon for cards that work in Dash Cams, search was “Dash Camera compatible SD Cards”. Naturally this item came up and after reading some reviews and checking out the Warranty available on Amazon it did not indicate what I discovered after receiving the item and going to ScanDisk’s website where you find the real complete Warranty that clearly says not suitable for Dash Cams and usage will VOID the warranty.  This is somewhat deceitful andcertainly misleading! The description should clearly say NOT FOR USE IN DASH CAMS AND DOING SO WILL VOID THE WARRANTY!  I ended up buying the correct card from ScanDisk. Naturally the correct one is almost twice the price so not being Related to Bill Gates, I had to choose a 32GB instead of the 64GB which is preferable in my book.  Why do reputable companies insist on leaving out important info such as voiding warranty.  Oh well, caveat emptor!"
5.0,Great deal,LOVE IT especially for the price i got it at
4.0,considered slow if formatted as internal storage for android,"I prefer SanDisk SD cards as opposed to other brands as they are reliable and have high longevity, so I chose to buy this one (64GB Ultra microSDXC UHS-I Memory Card with Adapter). It works fine as an extra storage device. However, when formatting it with a brand new smartphone on Android 8.0, the system informed me that any apps/etc. run from this card would run slow if formatted to be used in this way. Long story short, I am not mounting this as internal storage but simply keeping it in the bay to move media on/off my phone. I guess this isn't a big deal to me, but it might be for you."
5.0,SanDisk 400GB Ultra microSDXC - EXCELLENT Product !,Just purchased a
4.0,Slow Card Message on DJI Drone,"I bought this to use with my DJI Mavic Air, but I put it in the drone and got a message saying ""Slow Card"".  The drone/software thinks the card isn't suitable for 4K video capture from the drone.  I did one test flight with it and did record in 4K/24fps.  The file looked fine when I played it back so I doubt there would've been any trouble recording to it.  I also have a "
5.0,I use these in my Surface Pro & Surface Go - 128GB,"I have two of these microSDXC cards.  Both are 128gb.  I actually have more (that I've used in cameras and such in the past), but, for this review I will focus on two of them.  I've been using them in my Microsoft Surface Pro 2017 Edition and my Microsoft Surface Go.  Both my Microsoft Surface's have 128gb of internal memory.  I got them these micro SD cards to basically double their memory.  It gives me a place to unload camera files, save my rendered video files, and more.  I can unload them anytime needed to an external had drive at home.  But, when on the go, they provide me with a lot of extra space.  Also, they spare the internal computer memory from excessive and extra writes and deletes, since I put files on here that may not stay on for very long.  I do keep some files on here for extended periods, but, I like to keep them free enough, especially when traveling, to unload my cameras files.  All in all, I've had many of these cards over the years.  Never had one fail.  Never a single error or issue.  Honestly looking at my Amazon orders, I've ordered at least 10 of these over the past 7ish years.  Their price isn't bad either!  Prices fluctuate, so, just watch for a day or two and see if you aren't in a hurry.  Don't buy off brand memory for important files, stick to name brand!"
3.0,I had to replace it with a cheapie from local store.,"I bought this for use in a Raspberry Pi 3 and it quit working or became corrupted in 5 weeks. I properly formatted it for it's extended size, and reinstalled the OS's and it never worked in the Pi again. But it is still usable in my laptop, just not in the RPi 3. I don't know if I could use it in another device in the future. No wonder it was so cheap on sale Thanksgiving day."
1.0,Very Disappointed!!,5-Star for Easy to Install
1.0,Not all apps can be transferred to external storage and after few months phone stops recognizing sd card,"I initially gave it a four star.  Installing was easy and was able to use as external storage for the few android apps that can be installed in either internal or external storage.  Unfortunately, after using it for approximately seven months it stopped working.  I read quite a few blogs about this issue “sd card missing, please reinsert the card”, it seems that the problem cannot be fixed - tried all possible solutions with no luck.  Issues with android phones and the use of micro sandisks are a fact and until Motorola/Lenovo fix this problem there is no solution."
4.0,Setup easy but not a slam dunk,"I bought 3 of these based on the great reviews.  My feeling, so far, the camera is pretty good and may be worth the accolades.  My review is based only on having just set the cameras up, not a long-term review.  The setup instructions are provided on a 3-fold document the size of a tissue.  The text has some English grammar flaws.  Still, the setup went fine with only one glitch:  The instructions say to download the app and connect the phone.  No problem there.  The camera and app sync'ed just fine and provided video immediately.  Great!  Then instructions then say to format the memory card in the camera while guided by the downloaded phone app.  But I kept getting an error saying there was NO CARD DETECTED.  The website doesn't make contacting the company for help easy.  However, I discovered that unplugging the power to the camera, then replugging saved the day.  The camera took a few moments to reconnect with my wifi.  THEN I retried formatting the card, and was successful.  Caution, the instructions say the formatting will take 2 to 4 minutes -- and it's true.  So be patient while waiting for the formatting.  The camera will go offline temporarily and the app will note that the camera is offline.  After the wait, however, the camera will return online and the app will again show that.  So here are my final comments:  1) Downloading the app and initially connecting the camera worked perfectly, including getting video on the app.  2) If the app says NO CARD DETECTED when trying to format the card, try unplugging the camera for a few seconds, then replugging.  Allow the camera time to reconnect to your wifi (a minute or so), then try reformatting the card per the instructions.  3)  The camera will go offline about 4 minutes during the formatting.  I still have a question, however:  Is there a way to view the camera video from a computer, or only on the phone?"
5.0,Works fine for my fire 10.....," So far so good it arrived in an un-opened package it was  128 gig microcard after inserting in my fire 10 it immediately recognized it and found 119 usable space on it, its about the norm my fire has 32 gigs and recognizes about 28 gigs of usable space....so far it works, if things changes I'll update this review....."
2.0,Died after three months of light use.,"Buy the HP F510. I have used it in my work vehicle for 8+ hours a day with no problems. This one, the F330, died after only three months in my personal car with light use. Customer service is crap.  They don't listen to the fact that the camera will not power up at all. The original complaint was that the camera powered up one morning with a ""card reader error"" on the screen and then shut down.  No swapping of cards or power cords would remedy the problem. I told them this and they responded with questioning weather the card was formatted and told me that the card needed to be formatted regularly, or that maybe the card was the wrong card. I told them the card was the recommended card and the I had swapped out the card with a known good card but the problem was that the camera would not power up at all. This garnered another round of ""it might be the card. It needs to be a class 10 32g card"" along with ""it might be the power switch, can you send a detailed video of the power switch?"" Really? We need a detailed video of the power switch because I'm too much of a moron to tell if it's broken or not? I sent the effing video and a photo of the class 10 23g SD card and then got no response. I'm understandably pissed. A lifestraw bottle of almost the same value was replaced without question as soon as I asked about a problem. This is what I would have expected from HP and why I chose to purchase an HP product rather than one of the many choices from companies I have never heard of.  Guess I would have been better off rolling the dice on FuYoungSunnyLuck Enterprises, because right now that sounds like a more reliable option."
2.0,Extremely slow card for Galaxy s8,"Works ok with my Galaxy s8,. Write speed is really slow. Can barely support recording 1080p at 60fps, It constantly freezes while recording. It takes forever to process and store the video to the card. With 4k is even worse. For that reason had to change my camera storage to the phone and than once my memory is full transfer the tiles to the card.  Would not buy this card again for the cell phone use. I was better off with my 32gb card I had."
3.0,"Great design, specs, and customer service but I had a problem connecting to WiFi","This appears to be a very nice, well thought-out design and I really wanted it to work for us. I was unable to get it to connect to our wireless router, however.  In this process, I reached out to both Chris and Jack, and they did an outstanding job of quickly responding to my situation with advice.  But ultimately we concluded there was some unknown compatibility problem and the immediately refunded my through Amazon.  Can't ask for more than that.  The instructions are a bit hard to follow so I'll share what I learned step by step.  Before starting, check your wireless router via IP address browser connect to make sure you will only be accessing 2.4GHz (if you have a dual band router) by either assigning different SSID's to 2.4 and 5GHz or disabling 5GHz. Make sure your router is set for Dynamic Protocol.  Save and exit.  Then  (1) download Littlelf app from Google Playstore, install, and set up account with name and password (requires e-mail for verification and code). (2)  Set your cell phone location to ""device only, GPS"" for purposes of the installation.  (3) Select the ""wireless"" installation option on the Littlelf app.and select the correct SSID and Password for your 2.4GHz WiFi radio line (4) Turn up the volume on your cell phone all the way. (5) turn on the camera and wait a minute for it to power up and for the red LED to flash, then press and hold the reset button for 2 seconds with a bent paperclip or other thin wire until you hear two ""beeps"". (6) A timer will start running when you proceed and the cell phone will send SSID and password information via a chirping sound to the camera, so hold the camera mic close to your cell phone speaker. (7) When the information is successfully received by the camera, it will make a ""ding-dong"" sound and the red LED will turn green. (8) Hit ""next"" on the phone app when prompted based on hearing the ding-dong sound.  (8) Another timer will then count down from 120S as the camera tries to connect to your router.  This is where mine failed.  Hopefully yours will connect successfully.  If not, Chris and Jack will be ready to help you."
5.0,Great for Nintendo switch,Capacity was exactly as advertised although I would recommend before you buy any card to check who the seller is.  In this case make sure its being sold by Sandisk the company and that it is PRIME approved because there has been a rash of foreign copycat sellers that are relabeling lower capacity cards then underselling the same product.
5.0,Misleading product description,"There is not such thing as writing speed mixed up with transfer rates. The description says: ""Transfer speeds of up to 98MB/s**"" and later on, it says : Read Speed: up to 80MB/s."
3.0,Don't use in Security Cameras !!,"I have always loved Sandisk products.  I choose to populate my 9 security cameras with the 128GB Ultra Micro SD cards.  Well I made a mistake.  Six of the nine Micro SD cards failed last week.  Weird !!  Well, it turns out that Sandisk does not warranty this retail card in security cameras.  I purchased from Amazon I read everything included in the product description and I don't remember seeing not to use in security cameras.  Sure enough it does say that on the warranty page on their website now.  Anyway the cards are 8 months old and are bricked due to a limited number of writes."
3.0,"Not impressed, thus far","I purchased this camera as an addition to my existing monitoring system...which consisted of a single Nest cam in my kitchen. The Nest cam had been used to monitor my senior dog, who died two months ago. But after bringing home a new puppy almost three weeks ago, I found that there was a blind spot in the system, and my puppy seems to have gravitated to it. (He's a genius.)"
5.0,Works with Kindle Fire 7 & 8 for such a great price!,"I installed this the other day into my new 2018 Kindle Fire 8.  It was easy to install, guided me through the reformat, and now it's working perfectly!  I so excited that I was able to get 128 gb micro SD card for such a great price!  Thanks Amazon!"
1.0,Horrible tech support,"My friend has 4 Reolink cameras and really likes them so he told me I should give them a try.  So I bought one of their cameras, the Argus2with a solar panel to monitor part of the outside.  I installed it and had a few issues, but not bad.  Camera worked fine so I bought the C1 Pro for inside the house.  It gave me an error message when I tried to set it up.  Couldn't get it on the network even when connected directly to the router.  And it gave me and error message that wouldn't allow me to access the camera.  By default the user name is admin and the password is blank.  I even pushed the reset button to make sure it was on factory default settings.  Nothing worked.  So I tried to contact their tech support.  They only work through emails since their office is in China.  After a week of exchanges with them ending in them asking me to do a video of me trying to set it up so they could see what I was doing.  When I told them I was done and going to give them a negative review and that my original request to replace the camera was now going to be a refund, they asked me not to write the review and that the would handle a refund directly.  I am returning the camera through Amazon."
5.0,No Issues to Report Here,I started using these micro SD more often now than previously.  I have action cam and dslr it just works period.  64gb is the perfect size for both video and photos if plan to mix it up a bit.  There is absolutely no delay when shooting back to back photos with this card.  I recommend this card for everyday use.  Probably not suitable for professional use but pictures of the kids and pets you can’t go wrong here!
3.0,Capacity is correct but read/write speeds are slow,"Some buyers seemed to have issues with these SD cards, so I tested my 400GB sdxc card using the open source tool 'F3' in OSX. (Based on hs2testw algorithm.)"
5.0,Easiest set-up I've ever had... Very good image quality and color.,"Just downloaded the app on to my Android, plugged in the camera, and -- viola!-- was using the camera!  Image quality and color are amazing for the price point.  I bought this mainly to check my cleaning job on and condition of gun barrels.  Does a reasonably nice job imaging a bore.  The camera fits into a 22 cal. bore, but the accessories/attachments don't.  The image of the 22 is certainly useful without the attachments though."
5.0,"Super fast card, great investment.","Arrived quickly, was authentic. (183 GB Total), wrote quickly, very quickly. I was kind of shocked how quickly, but it was a real sandisk chip, was close to around 30 most of the time if i remember right, but it has been a couple weeks since i have done it, but it was FAST, i do remember that well."
3.0,Think I got a Chinese knockoff,"I got this to use on my PSP, it works as intended but the transfer rate is slow, slower than what is advertised on the box."
1.0,"Bought 2 in June 2018, 1 died today","My wife bought 2 new phones and I added 2 microSD cards (64) to each phone. Today, she complained that something was wrong with her phone. I checked the storage and received a message that the microSD card was corrupt. I had the phone try to reform it and it reformatted to 12 mb. I checked the return date on Amazon and my window closed July 20th. This is the 1st time I have experienced one of these cards failing & I cannot determine how to communicate with the maker for replacement . . . I my just look at another company for a replacement . . ."
1.0,not user friendly,"I tried to make this work. Multiple times I searched for instructions to get it to work but in the end, I returned it after 3 weeks."
1.0,It doesn't work,"I had intended on using this card with my new Amazon tablet however the card does not work. I tried it in two  other Amazon tablets, my phone, and my computer and it's just not being recognized by any of the devices I have used many cards by this manufacture but this is the first time I ever had one that was bad. Fortunately Amazon is issuing a full refund so I will be purchasing another card in a few days.  I guess I was just one of the unlucky ones to get a bad card."
3.0,SanDisk Ultra 128GB microSDXC UHS-I card with Adapter,"It's an awesome card, but what they don't tell you is that it, by default, is formatted as exFAT when it needs to be formatted as FAT32. Native Windows 10 won't allow you to do that. I purchased a copy of EaseUS Partition Manager to do it, but the free download, according to a YouTube video, will work as well. Once it has been formatted as FAT32 with a good partition manager, be sure to run a surface test on the MicroSD card. It's a lengthy process, but after doing both, I no longer get ""Memory Card Errors"" or Format errors from my DashCam DVR and the video and pictures record flawlessly at all resolutions."
1.0,Better off purchasing from a store,"I bought this thinking that I would be able to just activate a couple of days before the trip, and just change out SIM cards upon landing for use.  That was far from the case here.  I received a text message upon activation, and thought that this would successfully set up service.  When I landed at my destination and changed SIM cards, nothing worked.  No phone.  No internet.  No text messages."
1.0,BUYER BEWARE - AMAZON SHIPPING FAKE CARDS,"Decided to purchase this 400 GB microSDXC card for an upcoming trip out of the county. Just like you I read some of the recent reviews warning of cheap knockoff cards being delivered. Seeing that its a ""SanDisk"" fulfilled by Amazon and at a huge discount, I decided to roll the dice and hope for best. This was a mistake."
5.0,Works as you would expect,"My wife and I were getting ready for a trip and realized the 16MB micro SD cards we had in our phones were getting low on space.  I decided that we would buy new ones and figured at 64MB, this was 4 times what we had and it took two years to fill our original 16GB ones.  I ordered two and received them quickly.  I plugged these 64GB cards into my computer (has a port to directly plug them in) and Win10 identified it quickly and I was ready to use it.  I plugged my Android phone into the computer via USB cable and put it in data share mode.  I copied the folders from my 16GB card to the 64GB one and once finished, powered off my phone and removed my old card.  New one popped in and powered the phone back up.  My phone saw the card and all of my files where there and access through my normal apps (gallery, music, etc.).  Then a few weeks later we bought new phones and was able to swap these in from the old phone.  Everything was there and they are working great.  This is why I save all of my pics, videos and music on an external card.  If the phone dies or needs to be replaced, I don't lose all of my data.  Definitely would buy again."
5.0,Works fine in a Nintendo Switch,"I won the counterfeit ""lottery"" and actually got a genuine card! (Yes, this is a known issue with SD cards at Amazon). Anyway..."
2.0,Worked great for about 4 months but now all my videos are choppy and freeze,"Worked great for about 4 months but now all my videos are choppy and freeze.  This was the best reviewed one I could find but I knew it wouldn't last based on all the other negative reviews.  Why is it so difficult to make a quality SD card?  I don't understand the physics of it and probably never will, but good ones that last don't seem to exist."
1.0,Make sure to double-check your seller,"This card works about 60% of the time with my Switch. But whenever a game installed on the SD card needs an update, or currently when I try to download a new game onto it, I get nothing but the most vague and irritating errors preventing play. I've had to reformat the card several times (Meaning I've had to redownload all my games over and over again) but still get issues weeks apart."
1.0,DOES NOT WORK,"I recieved my sd card and put it in my tablet right away, it does not work, keeps saying it has been removed, and then says it is blank. So, thinking something was wrong with my tablet i tried it in my phones, guess what?, same thing!! i am so upset my son was so excited to get more room in his tablet and PLUS amazon will not refund or replace saying this item is non returnable HA! THANKS GUYS!"
5.0,Used for my Switch,"I bought this to store games on my Nintendo Switch. 128GB capacity will probably be more than enough for most people, as the average AA-AAA Switch game is around 8GB, ranging anywhere from <1GB to 32GB. If you plan on only buying virtual copies of games, and never physical versions, I'd recommend the 256GB card."
5.0,"At these prices, get the 128!","- I have tried so many different SD cards from various manufacturers, at various price points, in the name of trying to save a few bucks. It was really important to me back when a 128GB card cost $50 or more. They all do the same thing, so what’s the difference, really?"
1.0,Was unhappy that when I purchased this for a product ...,Was unhappy that when I purchased this for a product when I returned that private I was unable to return this now I have a scan disk and have no idea what I'm going to do with it.  Return policy sucks
1.0,I got a fake,Be aware as some of these are defective. At first I thought it was a formatting issue but after going through other comments and using the suggested program H2testw to verify the true capacity of the card I confirmed it was way below what was advertised (only 23Gb).
3.0,Corrupt does not mean reformat,I bought this to add more memory to my tablet first of all when I inserted the card into my tablet it said it was corrupted so then my daughter formatted  the card and it was fine it was not full to capacity and yet it started stating when I would move files or whatever over there was no space well time is passed and I can't return it so I'm stuck with it I just have what I have on it I bought another tablet so I'm going to try this again I hope this time that I don't get a defective products but I do know now that if it says corrupt put it back in the package and send it back. I love Amazon I buy everything that I can from Amazon and since I'm a agoraphobic I do a lot of online shopping and Amazon is by go to but sometimes even Amazon can be a miss thank you
5.0,Great for Kindle Fire HD 10,"Bought this for my Kindle Fire 10 HD as I ran out of room for all of my downloads with the 128GB card. It works perfectly! I inserted it and right away I could download all of my Audible Books, Kindle books, TV shows, movies and music. I have plenty of room for more purchases. If you need a lot of room on your kindle, this is well worth the price!"
5.0,"Easy installation, unbeatable quality, speed and storage capacity at this price point",Bought this for my daughter's kindle that was quickly filling up with random apps and showing the device down. This product allowed me to increase the available storage space from 16gb to 200gb. Installation took about 30 seconds because it's as simple as inserting it into the SD slot in your device. No download or apps required to complete installation. Now she is back to downloading every app in the play store and will have available space for years! Great product that makes any older and compatible device function better by freeing up memory and giving you the extra storage space.
5.0,Switch compatible,I was kicking myself for downloading Smash Bros instead of buying the physical copy.  It quickly ate up all the space in my 16gb microSD card.  I literally could not play the game because it needed to update and didn't have the space to do it.  I knew it was time to upgrade my storage.
1.0,Very (VERY) slow write speeds,"We have been using this card in one of our IP cameras and it has worked ok with no problems.  However, I wanted to switch this card to a different camera where I needed more storage and swap the two cards.  So, I copied the files from the other camera's card which was a 64GB to the computer, which took only minutes to do.  That card is a Sandisk Extreme UHS speed Class 3 (U3), video speed Class 30 (V30) and Class 10 for 4K UHD and full HD video that claims read speeds up to 90mb/sec and write at 60mb/sec.  While it may not have been quite that high, it was still very fast."
5.0,This SanDisk 256GB Ultra Micro SD Card Works Just Fine in Kindle Fire HD 10,"Just got this today and immediately inserted it into my Kindle Fire HD 10. I was a little nervous because other reviewers said that it didn't work on their kindles, but it works well in mine! My Kindle Fire HD 10 recognized the full size of the micro SD card. It is actually 238GB and not the 256GB because it needs some space for itself."
1.0,FRAUDULENT PRODUCT! Do Not Purchase from this Seller!,"I had this card put away for six months until needed. Upon using it the past few days it was acknowledged as a 200GB high-speed card (according to Windows), but was not preforming as such. I tested it on my Nintendo Switch and it did not recognize it as an SDXC card or allow downloads above 32GB. On my PC, it took extremely long to upload data onto the card (even when recognized as an SDXC) against a standard 128GB card by SanDisk I already own. After putting in data past 57 GB, the system did not show any data in the specific test folders. After attempting to add more into the same folder, it recognized that the data already existed, but could not be seen by Windows. Man, it feels bad losing $50 and never knowing until past the return period. Please check your products upon reception."
3.0,Genuine card as confirmed by SanDisk,"Product was faulty on arrival as others have experienced. I was concerned it was no a genuine card as it has a lot of issues but I was able to use the serial number to receive a replacement from the manufacturer, which confirms its authenticity. The replacement card is functioning much better and have had no issues using it in the Nintendo Switch - I just wish there wasn't such a high rate of failure making a replacement necessary."
5.0,No more 10X Speed Cards For Me,This card has around double the read write speeds as the 10X cards making it ideal for the Raspberry Pi. I can really notice a big performance difference between these cards and the SanDisk 10X cards I had been using in my Pi 3 and Pi Zero W.
5.0,First time received Fake SD cards and amazon replaced them for me,I wished I open and test them early. I have another two cards to test to see if they are fake and they probably are since they are coming from the same source. Good thing is I still have other sd cards I purchased in the past. I will update the review later.
5.0,Works as it should...  just like what it replaced used to... so far...,"Used a Samsung Evo SD card for few years in Galaxy S5 and it worked great.  Towards the end-of-life, however, the SamsAng began intermittently freezing videos recorded in 8x slow motion. I reformatted it a couple times; but, ultimately, this began to occur more frequently, and I had to trash it.  So, after purchasing the Sandisk Ultra 64GM Micro SDXC UHS-l, I've experienced no problems.  This has been my typical experience with most Flash, SSD, and SD cards--Even when they start out flawless, they ultimately have been engineered/manufactured with planned obsolescence if not a limited useful life.  As I wrote about the Samsung when it was new...  No problems thus far..."
3.0,"Write speed is SLOW , Read speed is FAST","Dont be deceived by the 100MB/s speed, tested it using app on my android phone and the Read speed was 85MB/s which is GREAT, BUT the write speed is really slow at only 14.25 MB/s."
1.0,Don't waste your coin,"I used to hold SanDisk at the highest regard when it came to memory cards. However after having to replace 2 memory cards in a short amount of time (5 months) I don't feel the same. I ordered this back in May 18, it is now September. The memory card was for my phone and became completely unresponsive. The device not able to read it. I was able to recover files but unable to format it for further use. This is the second time I have had this issue with a SanDisk memory card. I am highly disappointed"
1.0,Junk card sold by Amazon,"Bought from Amazon and it is total junk. I cannot say it is a fake but I have always used Sandisk and never had these problems before. Write speed struggles to stay at 5 mb/s even though it advertised 100 mb/s. It also errors out when files are transferred to it. I thought it was my hardware but I now know it is not. I tested a Samsung and another older Sandisk and I get 70 mb/s and 18 mb/s respectively. And no errors. This is a crap card, I have reformatted, used different brand readers and 2 different computers. Why does Amazon sell what appears to be a fake. And I am not the only complaint. Read. There are hundreds."
1.0,DO NOT USE IN NINTENDO SWITCH,"This p.o.s. murdered my Nintendo switch.  My switch tried to format it, and then I get the blue screen of death.  Cost me 300 dollars and hundreds of hours of game data and saves.  I am so angry at this tiny piece of plastic!"
5.0,Easy addition to my 7th generation kindle fire,"I purchased this item to plug into my new 7th gen Kindle Fire.  I was expecting to have to manually move all the installed apps to the SDCard like I had to do with my cell phone.  I was quite surprised when, as soon as the Kindle Fire detected the new card, it immediately began moving all of the apps that I had installed onto it.  This only took a few minutes and I'm quite happy with the result.  I have no problem accessing the SDCard using ES File Explorer app, as well as the fire's internal storage."
5.0,Who knew!!!,I have little use for today’s high dollar mobile phones. I do my web surfing on a tablet or a laptop and I use my phone mostly for texting and holding music files. Given that my biggest complaint was that my 5 year old Android phone running version 4.4 of KitKat was limited to a 32GB SD card. At least that was the accepted wisdom. Turns out there is a work around. The 32 GB was ok for MP3’s but sucked for hi-res flac’s which my phone will play. Turns out that if you use a third party formatting software (I used Rufus 3.1) and format your card as a FAT32 as opposed to the Windows default exFAT you can load up a couple thousand 16 or 24bit flac’s on a 128GB card and it works just fine. So my old dinosaur phone has lots of life left in it.
5.0,64gb for gopro,I use my gopro everytime I go riding on my motorcycle and I never leave without it. With that being said a 64gb micro sd is definitely very nice to go with it. If you use your gopro a lot invest in the 64gb instead of the 32gb
4.0,"Great video quality, decent picture quality","The pros: Takes good action video quality. I wanted a good action cam but wasn't willing to spend higher GoPro prices. The colors are really vivid during daytime shots. Just so so quality at night, but action cameras aren't known for good night time video shots. So far I've used it as a dash cam and a fishing cam. The motion stabilization keeps me from getting that ""Blair Witch Project"" nausea. Planning on attaching it to my surfboard and my mountain bike. The still picture quality during the day are pretty good too. Audio is pretty good too and sound does record through the waterproof case."
4.0,A Lot of Storgage,Was needing a new memory card for my Samsung Note 9 and wanted to go up from my 256gb memory card. I saw that this 400gb card price had gone down so I jumped on it.
5.0,Great storage capacity at a very reasonable price,"A much more cost effective option than the much more expensive 256GB cards. I don't really need the extra 56GB and this is 1/2 the cost. I've been using these in my GoPro 3 silver (1080p), my Phantom3 Pro (4K) and my Gear360 camera (2017 version) (4K), all without any problems or data loss. Seems to handle recording at 4K on the DJI just fine, so speed is good enough on writes. I'm sure if you need the actual numbers for read/write there are other reviews that give you burst and sustained write and read speeds. For me, if it does the job without any problems, then the specific speed isn't important if this is slightly faster or slower than a different card from a different brand."
5.0,"90 MB/s read, 63 MB/s write = Pretty Good Performance","Pretty good performance, for the money.  Not stellar.  Better than a hard drive, and good enough for my video needs."
5.0,Genuine SanDisk Card Sold by Amazon,"Since almost every review I read from the past year stated that people had received a counterfeit SD card from a third party seller, I would just like to let people know that at the present moment, Amazon is fulfilling the SD card orders and the 64 GB microSDXC card I ordered is genuine and works just fine, reporting 59.4 GB capacity (since SanDisk uses the industry standard funny math where they count a GB as the same as a billion bytes which is not true)."
5.0,defective card perhaps?,"I don't know what happened, I normally have excellent experiences with SanDisk, all my sd cards are the same brand, but this one sucks (128 GB). Everytime time I try to transfer files into the card, the loading times are extremely slow and they always seem to freeze around 15-17%. And I'm talking about a 1Gb transfer, something that I can do with my 8Gb card in less than 8 minutes. I would return this product but I dont think its eligible anymore, so I'm stuck with a  useless card. Again this is not my general experience with SanDisk, just this purchase in particular"
