ratings,rev_head,revs
1.0,It's Not 32GB!,"Even after deleting the preinstalled software and only 64.0KB is in use, only 29.1 GB is available. So if you need more than 29GB (I needed 30GB), get the 64GB flash drive. Don't understand why over 3 Gig is used somewhere hidden or ScanDisk just shorts you on advertised amount you pay for and expect to get. Good thing it's a two pack, but now I must use two 32GB drives to just be able to copy 30GB of data. THAT'S JUST STUPID!!"
5.0,soft blue light flashes,actual capacity available shows as 29.1 GB ...soft blue light will flash when in use.
4.0,great USB,great usb value for dollars wonderful...  wish they had 2 straps and not one. Like to hang usb when not in use on inside of desk door. Nothing a home made strap cant fix but it would be nice for 2 straps..
5.0,Does what it should do,"It's a jump drive that does what it's supposed to do, hasn't broken, good size for the price."
5.0,Excellent SanDisk 32GB Glide 3.0 CZ600,"The SanDisk 32GB Glide 3.0 CZ600 flash memory drives are really good.  They are sturdy, easy to handle and rapidly transfer data to and from the drive.  The only negative item is the wrist strap, which is not large enough and does not have enough elasticity to go over my male hand."
5.0,Perfect!,Both worked use very often. Never like the bloatware that comes with the sticks. Either way it can be deleted.
5.0,Great deal.,Plug-n-play. Works great! Great price. No complaints.
4.0,Cant do better,These are totally great. I have not had an issue with delivery or operation of the items. Love and would by far order again
5.0,Good value - good product,Perfect for my needs!
4.0,Four Stars,Haven’t used yet but I’ve never had a problem with SanDisk product
