ratings,rev_head,revs
5.0,Works great.,"It works great but my portable devices aren't up to speed yet, they only accept the 32GB scan disks. It still works great for my desktop though, holds a ton of data."
4.0,Works in Hand Held Game Systems,We purchased a used game system for my phone. It needed a card such as this but did not have one included. I choose this one due to the size of the cards memory and the price.
5.0,Needed more memory for my Nintendo 3DS,Perfect amount of space for my Nintendo 3DS. The default 4 GB card was not enough memory to hold my games and themes. Have lots more memory to last for a while!
5.0,Bought this for my Nikon during vacation to have all ...,"Bought this for my Nikon during vacation to have all of those pictures in one place. Didn't notice the difference between how it stored photos compared to my regular SanDisk, but had all the storage I needed and then some."
4.0,works great,"works great, but, has a limited storage capacity that does not seem to be able to be erased. at least i don't know how."
5.0,Works great in my camera,I bought a few of these for my new (to me) camera and they've worked great for it. I have come to trust SanDisk and will more than likely stick with them.
4.0,"Good seller, very fast shipping","I did not see any noticeably difference in speed between the Ultra and Ultra plus class 10 card. I used this card in my Sony A5000 camera. Good seller, very fast shipping."
5.0,Don’t forget to format it first!!!,Great product
4.0,Works Well,Works fine and cost less than retail stores in my area.
5.0,great,no problems
1.0,doesn't work on Canon 700D,I bought this card but when I put it into my camera and tried to format it didn't work. Now I have a card that is absolutely useless because it can't be read by my camera.
2.0,Two Stars,"Did not work in my camera,  Reason unk"
5.0,Five Stars,works great for my hd video
5.0,even great for taking videos,This holds a LOT of memory...even great for taking videos...I always carry this in my camera case!
5.0,Movie camera heaven,Works perfectly to record movies. No more running out of internal disk space!
5.0,Five Stars,works as intended
5.0,Five Stars,Excellent product. Recommended A+++
5.0,Does it's job well,SD card is working great with my 5 year old point and shoot. I am able to keep a few days worth of vacation photos on the card before I need to download them. The card well out lasts the 3 batteries I have for the camera.
5.0,Perfect!,"As always, never disappointed by sandisk products. Reliable as always!!!"
4.0,Four Stars,Does the jobs it's supposed to at good speed.
5.0,Five Stars,"A good, all around memory card that holds enough memory for a few days."
5.0,Five Stars,Outstanding
5.0,Great!,This works great with my Nikon D3100!
5.0,Five Stars,Very good Card at a reasonable prince
5.0,Great Product!!,Excellent Storage Space!!
5.0,Great Price,Exactly as advertised at a great price.
5.0,Quality,Cant beat the quality and reliability SanDisk
5.0,Five Stars,it ok
5.0,Five Stars,My husband loves the price he paid and the speedy shipping.
5.0,Five Stars,It works as it should and arrived timely.
5.0,Five Stars,It worked as advertised.
5.0,It works fine.,Just what we ordered. It works fine.
5.0,Great item,"Item arrived promptly in perfect condition, also works as expected. Would buy again  :)"
4.0,Four Stars,Just what we wanted
5.0,Five Stars,Thanks
5.0,Great product at a great price,Exactly as described.  Fast shipping.  Great product at a great price!
5.0,Five Stars,awesome
5.0,AWESOME!!,AWESOME! 18-20MB speed on a USB 2.0 bus and appears to be legit.
5.0,Five Stars,"Excellent, fast shipping. Product worked."
5.0,Five Stars,I really like the item
