ratings,rev_head,revs
5.0,Good buy,I'll be purchasing more of these.
5.0,SD,Quick deliver.  No problems
5.0,Wonderful,Great product and they work fantastically in my Trail Cam.
4.0,Four Stars,check
5.0,Five Stars,Works perfectly
5.0,Five Stars,whats not to like
5.0,Five Stars,Good price
5.0,Five Stars,Good price fast shipping
1.0,junk,"these were cheap junk, never buy from them again"
5.0,Awesome price just one sd card cost 29,Awesome price just one sd card cost 29.00 at academy got two 32s for under 20 picture quality is great Amazon is awesome
