ratings,rev_head,revs
5.0,Genuine Class 4 SanDisk 32 GB microSDHC card from Everything But Stromboli,"I purchased two of these memory cards from seller ""Everything But Stromboli"" via Amazon.com. Both were genuine SanDisk cards and appeared to be new as promised. Some sellers are selling fake SanDisk cards so be cautious to make sure that the seller you choose is not cheating you with a cheaper substitute."
1.0,Caution when buying for  use with Samsung galaxy 8 Note tablet,"Didn't work for my SANSUMG GALAXY 8 note. The tablet will not let me save anything to the sd card, nor does it recognize its existence either before attempting to go through settings and selecting the application we want to store in the card. Very disappointing, as there was no indication of any potential conflicts with add-on hardware accessories in owner's info when I was shopping for a tablet. Would possibly work fine for an older camera or laptop. This is a class 4, and evidently a class 10 was necessary. I didn't learn about the class 4 vs. Class 10 info until my return time had expired. You could contact the mfg of your device for more information."
3.0,great customer service aligned with AMERICAN STANDARDs!,10/28/2018
4.0,SanDisk 32GB microSD Card,"Standard, good-quality SanDisk microSD card. I received a genuine card, in a retail package. Always check to make sure you are getting a retail package, to minimize the chance of getting a counterfeit card (counterfeits are usually bulk-packaged.)"
5.0,Worked perfectly and as advertised.,"Worked perfectly and as advertised. Once on Amazon I got a fake ad card. But Amazon jumped right on it and I immediately got a refund. I was nervous of course to try to buy one again but this time it was clear sailing. I think Amazon works hard on making sure stuff like that doesnt happen. The reason I know the card is working just right is because I also bought a new bluetooth speaker that you can attach to your bicycle handlebars. The speaker can broadcast music from local FM stations, from bluetooth (like google play, iTunes, pandora or whatever on your phone) and it also has a slot for a micro sd card.  The very first thing I did was transfer all my purchased music onto the micro sd card and then put it unto the micro sd card slot on my new speaker  and voila! It worked perfectly. I cant wait to try everything on the road!"
5.0,Works as it should,"I bought this for my GPS.  It works fine.  Just know you do have to format it to what you need.  SD cards are fussy and if you move them around too much they become corrupt.  However, I had to move this one 3 times.  Once to the device to realize it wasn't formatted to what I needed it to be, like someone in the reviews mentioned. Then I had to put it into a card reader to format it on a computer, then back to the device.  It still worked just fine!"
5.0,Formatted FAT 32 and used without problem.,"Used Windows 7 to FAT 32 format this new memory card and used it between multiple devices with no problems.  My main reason for purchase was to update my dash mounted Kenwood/Garmin GPS.  Once the new maps are downloaded onto this Micro SD card, the card remains installed in the GPS for daily use, at least until the next update.  It appears to be reliable in this very mobile and bouncy installation."
4.0,Good quality and decent speeds,"I bought this to upgrade the space on my cell phone. It works great and the available space matches what you would expect. The transfer speeds are average based on the fact that its a Class 4. Now here is the reason that I dinged a star. The adapter had issues with the little lock button sliding down into the ""Locked"" position when I would insert it into my laptop. At first I thought the MicroSD card had died on me. I figured out that the adapter slide lock had become very loose over time. I fixed this by applying a small piece of tape to the hold the slide lock in place."
5.0,Works with older mp3 player,"I have an older mp3 player (SanDisk Clip Sport) that is known to have problems with faster cards; I actually had a Class 10 in it that worked for a while but stopped, though the card was good. So I got this Class 4 as recommended, and it works fine. So if you need this class for a legacy device, this one will do the job."
5.0,SanDisk 32 GB Micro SD Set is the PERFECT CHOICE. Full details...,This SanDisk 32GB SD card I found to be very reliable and the data from my PC to the card transferred quickly. And it came with a micro SD Adapter. So I just plug in the SD card into the Adapter and into my laptop and copy away!
5.0,Works in SanDisk clip MP3 player,"I have an 8gb SanDisk mp3 player, with a microSD port, this adds a lot of storage capacity to it. If you have the need for a (relatively slow by modern standards) Class 4 microSD card to work with something, this is just fine. Like I said, it works in a SanDisk MP3 player, for all you old school folks who still use one. (like me)"
3.0,"Card is 5 star, adapter is 1 star.",There are two parts - Card and Adapter.
5.0,SanDisk for digital Camera,"This card works best in a digital cameral, I was told I could use it to upgrade my tablet it doesn't work unless I just don't know what I am doing."
5.0,SanDisk 32GB MicroSD HC Card+MicroSD to SD Adapter! > Nice! Fast! Affordable! Helpful! Reliable! Yup!,The SanDisk 32GB MicroSDHC High Speed Class 4 Card with MicroSD to SD Adapter is an excellent memory card choice!
1.0,Computer won't even recognize it's in the drive!,"Purchased this item at Christmas and it has already stopped working.  I had it in my Samsung Galaxy Player and when the 32 Gig card crashed I lost all of my music and other important files.  Never had a SanDisk item fail, very unhappy with this product.  I did contact SanDisk warranty but there hasn't been any response from them yet.  I will be using Samsung or Kingston in the future."
5.0,"Love the card, lost it twice.","I use this card daily in my dash cam in my car but the only bad thing about technology now is that its so small that its easy to lose. I've lost it twice within a couple weeks. I bring it in daily to pull the clips off I want to keep for my Youtube channel and I lost it while doing some chores before going inside. Then today I lost it again, I went to pop it out of the camera and instead of it just popping out to where I could grab it, the camera shot it out and it fell into one of the vents."
5.0,Purchased over 100,Shipping was fantastic! They all came in a big box in individual packages ready to be labeled and shipped again. We had to send these all over to our customers to install into a device we sell. They all worked/work great!
5.0,Good card; works fine,"This card worked fine for my Kindle Fire HD8.  Put it in the slot, and the Kindle Fire recognized it immediately.  Installed with zero hassle and works fine.  I did end up replacing it with a 128 GB card.  No matter; I'll use it in my Garmin GPS which can only accept a card up to 32GB.  This is a good card for its capacity.  RJB."
4.0,Doesnt work to save apps and games or even movies/tv shows,"Wow was I surprised when i inserted this 32GB micro SD card and proceeded to install apps and games only to get the same message i would get before: Insufficient memory space. So i look on my storage and it said my games were on my SD card but the memory had lowered from 29.7 to just 29.67 which is weird considering the games size was about 60 MB. I look online and discover you cant save apps, games, movies or tv shows on to your sd card. I felt like a complete idiot. Now i had a 32 GB sd card to fill up with music and photos. I recommend to get a lower gb sd card maybe a 16 or 8. If you are one of those people who has a thousand songs on their computers, it should come im handy to have them on your phone. But just because i didnt do enough research, i wont give this product a lousy review, it still does its job."
5.0,Solid Media with and Adapter!!!,"I needed a micro SanDisk for a Tascam DR-05 Stereo Portable Recorder.  It came with a 4gb which would have been adequate I wanted a 32gb so that i could install some music files on it to listen to and to have the room to record any possible new songs as I am a musician.  This disk came with the much needed adapter to standard size.  I trust SanDisk I have been using this media for years in a Tascam 8 Track Digital Recording Unit,  2 Nikon Cameras and a bunch of other digital products.  When I find something that works I don't tend to deviate."
5.0,perfect for the dash cam and the phone,"I originally bought one of these for my Black Box G1W-C Capacitor Model Dashboard Dash Cam, and it works great. I also tested the card in one of our Windows phones that was previously having problems not recognizing a SanDisk 32GB Class 10 MicroSDHC card. It worked! The phone is a Windows 8.1 Lumia 635. Bam! It works!"
5.0,"Great card, too bad google ruined android with 4.4.2 by not allowing apps to write to sd card.","Very budget friendly storage expansion for tablets and phones alike. Writing speed was actually around 5MB/s which is pretty nice considering it is only rated for class 4 speeds. Have not had any problems with it - android 4.4.2 refuses to write app data to it but that is not a problem from the memory card itself. As always google has to ruin great features of android and make rooting harder, whatever. I will always look up to sandisk for storage expansion."
5.0,"Perfect performance, even in desert heat","I purchased this SD card to use in a dash camera. The car camera I have tends to run pretty hot due to the chipset it has, tack on record high Vegas heat of 117 degrees with the car interior hitting over 130 degrees, and you have a nice torture test for any electronic device. This SD card has operated perfectly since I bought it. I have my car cam set to record at the max resolution so it fills up the SD card pretty quickly even with 32 GB of space. Overwrites have not been an issue, the card just works. And I was pleased with the price, overall this card is a good value and I will be buying another one."
3.0,"They work, but price goes up every few weeks","They are SanDisk, so they work as designed.  I've bought 3 so far and will need a few more, but the only problem i have is they went up 15% in price in just a couple of months.  purchased first 2 at $10.30, this one is 11.95 and they are now over $14.  40% in 2 months."
5.0,SanDisk 32GB MicroSDHC High Speed Class 4 Card with MicroSD to SD Adapter Execellet !,"Why buy the SanDisk 32GB MicroSDHC High Speed Class 4 Card with MicroSD to SD Adapter ? I bought this as an upgrade for the memory in my cell phone .It adds a huge time saver for my text phone, As i am not ready to pay out the money for a smart phone just yet . Photos as well as apps on games seem to  load quicker and play without  glitches ,response time for the phone as a whole is improved .Very happy that I can store my favorite songs on my phone  as a bonus ,My MP 3 player is getting old  so replacing an aging device with something I can make better use of is a very nice savings"
5.0,Perfection for Purpose,"Purchased this little Darling for my Blackberry Curve 8530. All i use the device for is internet, music, video and GPS/APPS so i needed some serous storage space. The biggest part was for storing all of my Map files to make the GPS actually useful. Then music and finally documentaries for when i have alot of time to kill. It has performed beyond my expectations, the SD adapter allows me to move files from my PC twice as fast as using the USB cable. Worked right out of the package and has kept on trucking! I cannot believe i waited so long to get a 32GB, now all i need is some awesome bluetooth headphones!"
3.0,"Slow Class 2 MicroSD Card... Low Price If You Do Not Need ""Speed""","This is a Class 2 MicroSD card.  I would not have ordered the slower memory card, even at a lower price, had I known this was a slower card.  I actually purchased three Class 4 cards from Target at a higher price for my dash cam.  Target has an online eStore that you can use to order memory cards from and then you can pick them up at a store if you want."
5.0,So far so good!,"This memory card is most definitely as it shows online here and the price just cannot be beat. I called my tech here in town to see if he could beat/match this price, but he couldn't. When he asked me how much it was and for how many gb's it was, he told me to jump on it as long as it was a ""true"" memory card and not an off brand or ""fake"" one.  It's definitely a true memory card and doing quite well in my new windows phone."
5.0,Serving our purposes!,These seem to be working great in our home security surveillance system. Pictures and video are clear and fluid unless of course the weather outside is bad and affecting the quality i.e. raining or windy. We have 8 cameras outside of our home and these hold about a month or two's information before deleting and recording over. We are happy with them.
5.0,Works just perfect,I like this very much. Quick transfer and accurate storage. The adapter moves items quickly to hard drive and onto other devices. I love this product.
5.0,Great for an old Droid 2.,I bought this for an old Droid 2 to turn the unused phone into a strictly music player. It's great and I was able to put all the music from my computer onto this tiny little memory card. It's amazing how the smallest things can hold a lot of information. Really great card with faster than normal transfer speed. The price was pretty good considering these particular cards used to be extremely expensive when they first came out. I've had no problems with this card and I'm glad I bought it.
5.0,Liking it so far!,"I've only had it for a bit, but it's definitely an affordable way to expand the memory on your phone! I wanted to use my phone as an mp3 player as well and this did the trick. Now I have 48g space for music, photos, HD video, etc. That's the same amount I had on my first laptop! ;) Class 4 really isn't a problem either. I've heard people going to great lengths to get up to a Class 10 card...and I don't actually think it's worth it to seek a Class 10 out when this is available...especially since most of the phones aren't built to handle ~Class 10 cards."
5.0,It stores my stuff,"When I bought this I wondered if I was just buying another chip to add to my necklace that I keep other electronic pieces on.  I mean, it is really pretty and I figured it was a win-win scenario here.  Imagine my satisfaction when I get it and it actually held the full 32GB that it advertized!!  I was so happy that I ran out to my papa who was herding the goats around and I told him about it.  Now, he has no idea what a GB is but he knows a good deal when he sees one so he was just as ecstatic as I was!"
5.0,best money I ever spent,I've had this memory card for about 5 years and it has held up pretty good since I have submerged it in dozens of mud puddles with my many damaged smartphones over the years.  It has worked excellent and I've never had a problem with it forgetting old photos on my damaged devices either.
1.0,useless piece of plastic,"people have commented on this product in the past, saying that some cards stopped working after a short time, or were counterfeit altogether. i really dont understand why the seller would not test this product before each sell with these reviews."
5.0,Great Customer Service,"This SD card worked well in my phone.  After about two years, I took it out of the phone and tried to erase it to use it in a different product.  At that point, it would only recognize 2GB for the whole card.  I thought maybe I'd done something wrong.  Finally, I contacted the company to have it replaced under warranty.  They were great, and I had my new card in about a week or so."
5.0,Perfect!,"This is a little solid piece of storage. Though this review is belated, I must say I'm impressed with this TF card. It's been working perfectly all this while. Would definitely buy again sometime soon"
5.0,Lots of Space for the Money!,No problems at all. I basically keep the sd card in the adapter all the time-only bring it out when I have to. It boots up  just fine and it's very cool having just under 30 gigs of storage space to use for my video files! (that in turn frees up space on some of my lower-capacity storage
3.0,Card no longer works/ error,I own several SanDisk products and they've always worked reliably. The only complaint I have is the package. It's like Fort Knox in miniature. I ended up destroying it to get to the card. when will manufactures wise up that customers hate blister packs?
3.0,Works but...,This memory card works well. It's a class 4 and I'm using it in a product that recommends class 4 on Amazon description but class 6 in the product brochure (SpyGear Gadgets Motion-Activated Night Vision Camera) and it works fine. My only complaint is that I own many similar micro SD cards and this is the only one I've physically had trouble getting the micro card out of the adapter. The small edge that you grab to pull it out of the adapter seems shallower than on my other cards. I never had that problem before this card. I had to use a small pocket knife a few times.
5.0,No Problems With This Quality Card,"No problems here. Using in a dash cam., which likes the 4 Class better than a class 10. Works very good under continuous use and multiple file modes. The video and sound quality are very good, no skips in the video or hiss noise in the audio. Write-over a file has been clean and  fragments have not been a problem. Overall, a good quality, completive priced card, that works better in the lower priced dash cams."
1.0,Too expensive for a 4 class (SLOW),"It sort of stays there, right? Its not an easy review. It hasnt broke and is allways fastly recognized by my phone. The price is very good. And it also comes with an adapter wich means I can put it in my camera that I just bought and take it to the caribbeans and take pictures with it and the phone and have them all in one card."
5.0,I loved it. Used for my phone and media player.,Great Service.
5.0,Good memory card,"I always buy micro w/ adapter because I never know where I might want to use the SD card. It is a class 4, so I don't recommend it for photos or videos, but it fine for documents or minor saves/transfers. Fair price, established good brand. I recommend it for average use."
5.0,Great phone memory for a good price,This MicroSD card is ideal for my Blackberry Torch 9810.  32GB is a useful level of memory in this Blackberry model.  I rarely take video so it will hold all the photos and music I will need.  In fact it can be hard to find a photo since it holds so many and I can rarely remember the date or title of each photo to search for it.
5.0,Amazing Gadget!,"I have had my cell phone for 2 years now and couldn't manage to copy music from laptop to my phone using the USB cord or the bluetooth.  Then I saw this gadget online and it wasn't much money, so I thought I'd give it a try.  What a great little gadget!  It is so easy to use - just slide your microSD into the slot and put into your SD card slot!  Amazing!  Now I can transfer all my music easily with the 32gb card that came along with it!  It is a must have!  And fast delivery, too!"
4.0,Addtional capacity is always nice.,"SanDisk makes good products, so I'm happy with this. It's fast when being accessed, and of course, the capacity improvement is great. I use it for my GoPro Hero 3 camera, and I'm able to record lots of video, so it does what I need it for."
5.0,Works great with my tablet,"I purchased my 32GB microSDHC card from CalvinNHobbs. It works great with my nextbook 7 tablet. I've loaded it with movies and music and it works without flaw. It's fun to have so much storage for pics, music and movies, or whatever you choose to use it for. I'm very pleased with my purchase. This is NOT one of those fake cards. I suggest paying attention the the reviews and the company you choose to order from. Very happy here."
5.0,Works perfectly for my purpose,"Bought a Google-enabled Nook (HD+) but it didn't have some of the capabilities that a Jelly Bean OS would have. So, I bought the Nook to Android program and VOILA! The program requires this Class 4 version of micro SD card, rather than the faster Class 10. Most of the local stores around here don't carry the Class 4 so ordered it from Amazon. Got it lickety-split and loaded the Android for Nook program and away I went! Now there are more apps available for my Nook."
1.0,Wont work,"Wont work, tried it in multiple computers and phones - junk."
5.0,Great Price to Capacity ratio,Good cheep 32 MicroSD card.  The adapter woks as intended.  Got it to put in a sansa clip+ mp3 player.  It's amazing to me that so much information can fit in such a small space.  I could easily fit my whole DVD collection on a few these and they would probably take up less physical space than one DVD.  Anyway not the fastest transfer rates but more than good enough for my intended purposes.
1.0,Need help!,Have not been able to use this because the disk does not fit into my kindles. It does not click into place like it is supposed to and am looking for any help. Got it to store pictures and print them.
5.0,Micro SD card for action camera.,"Regular MicroSD card being used in a SJ4000 action camera. Works well and no problems to speak of. This is not the super fast edition, but the camera doesn't care. I needed the adapter, so I paid the little extra to get it. If you don't need the adapter, get the OEM version. This version (that I'm reviewing) didn't come in retail packaging and showed up in a little envelope. Still worked."
5.0,Works great!,Does exactly what I hoped it would do. I'm using it in my android head unit installed in my car to capture video. Works great!
5.0,memer? you memer!,My wife doesn't believe in only taking one picture.  She also doesn't believe in deleting.  But she does believe in downloading images.  Since all efforts to reform her have failed we bought this card a year ago. There's still a gig or 2 left on it so we should make it through the holidays.  Get this card and shoot all your family .... with the camera of course.
5.0,San Disk 32 GB MicroSDHC High Speed Class 4 Card with MicroSD to SD Adapter,"The San Disk 32 GB MicroSDHC High Speed Class 4 Card with MicroSD to SD Adapter is an excellent buy for anyone who wishes to increase the storage space on a tablet.  I have purchase this product twice in one month because I needed to add increase the memory on a new tablet from 8GB to 32GB.  The SanDisk is a dependable product and I highly recommend it because it was easy to insert into my new Samsung Galaxy Tab 2 7"" tablet.  Great buy and purchase price."
5.0,Be worried about buying from Amazon,"Amazon has taken 2,300 by locking out my account even though I have given them cash receipts as proof of the gift cards I bought at Walgreens to use on my account are legitament. I have fought Amazon for 3 months. I suggest finding a different place than Amazon to purchase this item"
5.0,Brand name from a different Seller,"So far I can tell it works. Used it in a Dash Camcorder. No problem. Don't know exactly what Class it is. I bought it as class 4. It does not say Cass 4 on it like all the other ones, but it is a HC I that is comparable to a Class 10 what I found out. Always be careful what retailer you buy a card from... They advertise Class 6 or 10 and send you a Class 2. When you directly order from SanDisk you can be sure."
5.0,Very fast shipping,IT'S JUST AS THEY SAID AND THEY HAVE VERY FAST SHIPPING
2.0,It didn't last very long for $22,"I had mine for about eight months before it read SD card is damaged. If you look at the state of my phone, there is not a single dent, scratch, or blemish; I was very careful at handling. It could not be repaired through CHKDSK as it was unable to be read. I lost many irreplaceable photos, files, and videos."
5.0,"Reliable Brand, Always Use These!",I use these in outdoor cameras and they have worked in 100+ and 10 degrees. Very reliable product.
5.0,This memory card is perfect for me,This memory card is perfect for me.  I use it in the portable handheld scanner I recently purchased and it provides me with all the memory that I need when scanning pictures or documents. This is a very economical choice as well.  I recommend it to anyone who needs a memory card for a handheld scanner.
3.0,An accessory without a use...It takes two to tango!,"I ordered this in conjunction with a Excelvan 32GB Wi-Fi car black box/car DVR Recorder, as suggested by Amazon and customers..  The dash cam broke just days after the return policy time expired.  Now I have no use for this product either. The disk operated as expected, was hard to reinsert but still was able to be used.  The camera was the problem, leaving me with a disk for which I have no use. Of course that was the attraction, being able to record while driving and then download if needed."
5.0,Reliability.,I used the memory card in my Kindle Fire reader. Books from older card transferred easily and new card had no problem being used. Very happy with purchase.
1.0,this thing doesnt work,i bought i thinking that it was gonna fix all of my phones but no it didnt fix my zte or my note3 and my f7 i doesnt work at all the devices dont even detect it i think it was made in china becouse i will just not work and it was cheap so thats what im thinking so please i recomand rethinking you opinion on this please stay away this product is a waste of money.
5.0,This was the Max Size That Fit My Smart Phone,"The specs for my smartphone as well as various forums said that a 64 GB SDHC card would work in my phone.  After numerous attempts to format the 64GB card it wasn't recognized by my phone.  So I asked SanDisk support.  They said I had to get a 32GB card.  So I returned the 64GB, ordered the 32GB and all is good.  I wish the 64GB worked but I doubt that I will fill up the 32GB card before I get a new smartphone."
5.0,Great Product,"If you're looking for a great memory card, look no farther.  I recommend staying with a name brand card from a reputable supplier.  There are some ""no name"" or ""bulk"" memory cards being sold out there that don't actually have the specified capacity, and others that don't work at all, so keep reading the reviews.  I recommend genuine SanDisk cards."
5.0,awesome card for the price!,At the time of purchase this was very useful to extend my phones internal memory.  I used this to make an emulation device/media center out of my old galaxy s3.  It worked great.  I didnt see any problems with loading roms or anything like that.
3.0,Not Certain Products Are New,"So far, the cards (I ordered three) seem to work fine.  I am a bit concerned as they were not shipped in manufacturer's packaging.  The cards were installed in a ziplock baggie with a 3""X5"" index card to reduce flex of the baggie.  The item was marked with an aftermarket label applied.  Again, they work, but I'm not convinced the items are new."
1.0,Bad Quality,"The card completely failed after 3 months. I tried placing it in my phone, tablet, and computer and none of them can see the card.  I lost everything I had stored on the card."
5.0,Genuine product that really has 32GB capacity,"After two attempts at buying a similar card on an auction site that begins with a vowel and ends in a ""Y"", both of which were fake and did not really have the advertised capacity (thank goodness for the H2testw utility that checks the real capacity), finally bought this one from Amazon.  Works great, no problems.  Would have bought from Amazon first if it wasn't for the shipping cost."
5.0,GREAT STORAGE DEVICE,Fit right into my wife's phone. Provides lots of storage on board the phone. Very cost effective.
5.0,SanDisk is a great reliable brand,I have always used this brand for storage my needs and and they have never disappointed me. Very reliable quality and on-time delivery as promised.
5.0,Using with PSP sd card adapter,Works like a charm and saved me money compared to pro stick duo cards
4.0,in good condition and is performing as expected,"This item arrived when stated, in good condition and is performing as expected.  I recommend this product."
5.0,Great Product!,"Well packaged, in great condition and shipped fast but due to the holiday season I didn't get it until Jan. 17, 2013. The order was placed on the 22nd of Dec. 2012 and shipped the 24th of Dec. 2012. However the delay in receiving my product was no fault of the seller. It was the fault of the postal service. The product works well with my HTC Sensation 4g. If I need a larger card in the future, I will use this seller again."
5.0,"Card works as expected, recommended.","I needed a largeish micro SD card for a video camera, so I picked up this SanDisk 32GB.  There isn't much to say... the card works exactly as it is supposed to and I have been very happy with it.  The micro-SD to SD adapter is a nice feature in case you have any devices that take SD only (as I do)."
5.0,Just what I needed,Works great in my phone. no issues
5.0,They are great for putting in the SD card slot in android ...,It's exactly what I needed. I have already purchased a second one. They are great for putting in the SD card slot in android phones for extra storage!
4.0,Decent as far as I can tell,"Since I don't know if it is the card or my device that is causing error messages of low space on the card I'm giving it 4 stars. It went in fine and it does work to store most of my content. I never tried the computer extension yet, so I don't know how well that part works. If you just want to free up space on your device go with this."
5.0,... SDHC card for an older camera that I really like a lot,I needed a lower class SDHC card for an older camera that I really like a lot. This card meets my needs perfectly.
5.0,Love having more space,"Bought this for my Samsung Galaxy S2 E4GT.  I haven't had any problems so far.  Both the card and the adapter work well.  The adapter isn't the same as what is in the picture, but it's still an adapter, SanDisk brand, so who cares?  I am so glad that I decided to look online for a card instead of buying walmart's overpriced card.  Very happy that I got this."
4.0,Great,"Great little product. Only problem I had was the packaging, which was a tiny plastic zip-lock bag. Came with another product I ordered (in a GIANT box), and this was at the bottom. The baggy was sealed, but this was not in it. I feared it had fallen out of slits in the box during shipping, but I found it inside the box of the other product. Disappointed in the packaging."
5.0,I bought two!,"I purchased my first micro card before a trip to Europe.  Needless to say I filled the entire thing.  Rather than putting the pictures and videos on my computer and deleting them off the micro card I chose to just purchase another micro card.  This way if my computer ever crashes (actually they're on an external hard drive) I will have a small, portable copy.  I highly recommend this item."
5.0,Whats not to love!?,"32 GB! I mean come on. I love taking pictures and videos of what ever i can. Why wouldnt you want to remember what happened last night when no one else can?? i had an 8G before this and i filled that up faster then i knew what happened. Now i have 3,000 songs on my phone, like 15 videos and who knows how many pictures and i still have more space then i know what to do with! This is really one of the best things i have ever bought for myself."
5.0,finally big enough,"You need an SD card that is big enough to hold all your docs, songs, and even a few DVD movies? Slide it into your android tablet, pretend like you have a real hard drive? This is the SD card for you. Much cheaper than the same size card at Best Buy. It is either an authentic SanDisk brand, or it is a perfect counterfeit with great performance over the past few months (fast copying, no data loss problems)."
5.0,Better memory than mine :-),Using in my GPS and works fine.
5.0,Micro SanDisk for my phone.,"using this as extra storage for my phone. works quite well, but it is a SanDisk so I expected it to be high quality."
5.0,Good value,"Works on my android phone to save my phone contacts. My only complaint is the packaging, which makes removing the items difficult"
5.0,GREAT,Great!
5.0,Just what I needed,"This SD card is exactly what I needed and expected. The adapter works great with my computer and the SD card is being used in my tablet. There is plenty of storage space. From my experience with this card, video recording and storage works fine. I am using this SD card in my tablet - not a camera, so that may or may not make a difference. For me, this works perfectly."
5.0,Perfect!,I was looking for something to use with my kids tablets that I could put their purchased movies on so they could watch them on the go during a very long trip. This was perfect. It held about 18 full length Disney movies. I may decide to buy a larger one next time but only because we have a lot more movies to add. This was a real life saver on a really long trip!
3.0,... into did not work and therefor the card was useless to me,The device that this card was to go into did not work and therefor the card was useless to me. Be careful when ordering items such as the mini Sky camera/radio and you will never get to figure out how it works and as with mine it did not work  for sometimes turning on and then off.
5.0,no problems so far,Bought to use on a 
5.0,Good deal,Bought this for my childs tablet and seems to be working perfectly fine. At first I got a little worried that it wasn't a real sandisk product due to the packaging but I was able to verify with sandisk that it was so I'm happy.
3.0,Three Stars,"did its job ,delivered on time no problems"
4.0,It works for me...,"This worked for me... I wanted a 32GB card that would work in both my original Raspberry Pi Computer and in the new model as well. The micro card fits into the new model and if you insert it into the included adapter, it can be plugged into the older computer which takes a standard SSD Card."
4.0,I would recommend,SanDisk is the trusted brand I use for these useful expanders. I've never had a problem with them and expect the same with this one.
5.0,excelente producto muy satisfecho 100 % recomendado,excelente producto muy satisfecho 100 % recomendado
1.0,POS,"I had this thing for 3 months. 3 months of pictures of my daughter, my summer vacation, my birthday. All gone. And it wouldn't mount to my phone anymore. I thought it was my phone, but no. The new one I bought works just fine. And I tried it in my computer, doesn't even recognize anything is there. POS. I'd rate it lower but you can't."
5.0,Awesome,Awesome
1.0,MicroSDHC Card COMPLETELY FAILED within MONTHS,"My 3 friends and I purchase several SanDisk SD Memory cards (including this SanDisk 32GB MicroSDHC) from several vendors (Online and LOCAL). All 4 of us had the SanDisk Memory cards completely FAIL TO BE RECOGNISED at about 6 months of use. TOTAL DATA LOSS!!! It is like you didn`t even insert the card in the device. One of my friends is a professional computer systems engineer and managed to get a replacement card from SanDisk. That was after over a week of going online to the manufacturer and resubmitting to many duplicate automated email questions from SanDisk. as he put it, ""Hardly worth all that effort."" I personally plan NOT to buy any more SanDisk Memory Products. For that much money IT SHOULD SIMPLY WORK FOR YEARS NOT MONTHS."
5.0,Great!,"Good quality, work fine"
5.0,Works as advertised,I used this for my Garmin Nuvi 55 GPS and downloaded European maps on it. I traveled all over Germany a few weeks ago and it never let me down.
5.0,Works as advertised,"I didn't need the adapter.  Card is working perfectly in my wife's HTC Inspire and  is holding a huge amount of music, pictures and files"
5.0,SD cards are great,Like everything about it
5.0,Lots of storage.,AWESOME! Works perfectly
5.0,Love it,"I adore these little microSD cards. I originally used it to send pictures and movies of our daughter to my husband while he was stationed overseas without us. They were so convenient and cheap to ship, and they could hold TONS of information. I love the versatility of it as well. Once we were reunited, I used it in our camera so we wouldn't miss any moments. Of course, they're really easy to lose if you don't keep track of them, but that just takes some organization to counter. I've never had a problem with either of the two that I purchased. They work in any device I've put them into."
5.0,Great product willing to recommend,Might like to recommend this product
4.0,Good,Good
5.0,Great,works as advertised
5.0,Tiny is great when your young and coordinated,"Works as advertised. I'm scared I'll lose it though. I bought this for a go camera because you have to. I think I'll avoid such purchases in future. Tiny is great when your young and coordinated, but now I have some miles on my clock tiny makes things tougher."
5.0,Happy,nice buy
4.0,Four Stars,worked
5.0,Nice micro card,The card worked and is still working.
5.0,Nice little card pack,"I bought this card to go with my Sandisk Clip Zip, and it works flawlessly. I had a class 10 card of another brand that wasn't working, but my old class 2 4gb card worked so I figured the transfer speed was an issue for the media files(.flac)."
5.0,"Fast Delivery, works great",This is a bulk package card and doesn't have the class marking on it but it works great in my Nook Tablet as a dual boot KitKat N2A KitKat card.  According to the N2A web site the Nook Tablet needs a Class 4 SanDisk to work properly and this one has worked flawlessly.  The supplier mailed it USPS the day I ordered it and it arrived two days later.  I would buy from them agaiin.
5.0,True SD Card!,GENERIC IS ALL FAKE - FLASHED OVER CARDS
4.0,Good product,"I'm sure its a good product. I put it in my phone and it shows that its working, but for some reason i'm still not able to download any new apps. Maybe its just my phone. Its an Alcatel 4015T brand name. I'm with At&t, but the phone was bought at walmart by my daughter for mother's day. I needed a replacement."
5.0,I recommend this product.,I ordered this for my phone and it's been great.  SanDisk has always put out great stuff.
5.0,Good for old electronics that can't handle new faster cards,Bought a few of these to use in the Black Box G1W dashcam which does not work well with new faster cards. Cards worked with no issues until I accidentally vacuumed them up with the big commercial vacuum at the car wash. :(
1.0,I bought 2 of these.... I ...,I bought 2 of these....I plugged it in my phone and it didn't work.... Then I plugged it into my tablet and my tablet said warning this is a class 2 memory card.... So now I'm stuck with 2 memory cards that don't work for me...smh
5.0,The right card for the right Dash Cam,"The perfect card type to use with my dashboard cam. Fast, inexpensive and dependable. Delivered by Amazon Prime to my overseas APO quickly, duty free and inexpensively."
5.0,Great Value,Great value that worked great in my camera!
5.0,Can't beat it!,"This card does not come with unwanted items already on it. Unable to tell if it is refurbished or not because of packaging. Completely satisfied. You will not find a 32GB in any store for this price. Prompt delivery. Would recommend to anyone looking for external storage. Use this one in my Nook. Currently have approx 6,000 ebooks stored on it. Love it!"
4.0,Four Stars,Very good deal!
5.0,"Low price, and works perfectly","I'm not much of a techie--to me it seems magical that they can fit 32 gigs on something this size--but I knew I needed more storage on my cell phone, and this cost a fraction of what I would have paid for an equivalent card from my service provider, so I tried it and it works perfectly."
3.0,Works well but too slow for smart phones,"I tried this out in a Kyocera Rise smartphone and it failed miserably.  I didn't realize that Android really needed a Class 10 card and had a tendency to crash and corrupt data without one.  I repurposed this card in my netbook as an Ubuntu partition and it is quite happy there.  So it functions well, but it gets 3 stars because I had to buy another SDHC for my phone."
5.0,IT DOES WHAT I NEED IT TO DO,"EXPANDED THE MEMORY OF MY TABLET CAUSE I  LOVE TO READ AND DO OTHER THINGS ON THE TABLET. THIS MEMORY CARD IS FOR YOU, CAUSE YOU WILL ALWAYS NEEDD EXPANDED MEMORY THAT WORKS FOR YOU AND YOUR DEVICE. I LEARNED THIS LESSON WHEN I BOUGHT MY FIRST TABLET AND DIDN'T EXPAND THE MEMORY, BROUGHT THE CARD FOR IT TOO."
1.0,Great product for the price!!,Received in good condition. Works properly!!
1.0,Half of a Shipment,"The product itself is good, however, whats the point when you order this product for both the adapter and the micrSD.  My adapter never came.  The shipment itself took over a month and now I can't use it in my car.  Only use I have is that I can put the MicroSD in my phone.  I really wanted to put it into my car."
3.0,It's Good.,"I rated three stars for the confusion I had behind this. Also because there is no such thing as a Class 4 Card. Obviously there is a problem with sd cards and whether or not they are real cards, whatever the case, I checked in with Sandisk support and the Card I received seems to be legit. The card I obtained is pretty slow but though I am complaining, I'm not complaining because i needed it for the 8gb of music I owned and all the pictures I take. All in all I'm happy. Maybe not my favorite purchase but I can live with it. We'll see what happens after the three month mark."
4.0,bought for a later use,"I bought this just in case in future I end up loading lots of apps on my device, but I want to be able to transfer stuff between devices.  I have a Samsung Galaxy S, S2, and S3.  So this would make it more efficient, instead of having the same data on all three, just plug this in."
5.0,Perfect!!,
5.0,REAL DEAL,I had order another product for the memory and it was a fake. I order this one to replace it and my phone runs better then every and I have tons of space. Perfect for a music lover who takes lots of photos with their phone.
5.0,Simple storage expansion,I inserted this card into my Sandisk Sansa Clip MP3 player and began to copy files onto it immediately. Couldn't have been easier!
5.0,Great SD card,"Inexpensive and holds a lot of pics, videos."
4.0,"Probably not genuine, but does function.","The read write lock on the side of the adaptor was so loose that I had to place scotch tape over it because every time is insert it, the write protection would engage. I haven't tested the capacity, but the card does function."
1.0,DO NOT BUY IF YOU VALUE WHAT YOU STORE ON IT,If you are buying this for extra storage on your phone DO NOT DO IT!
3.0,chiang,"the disks are good, but one of the two adapters does not work.  the seller asked me to contact amazon."
