ratings,rev_head,revs
5.0,Fast and very reliable,I used 20 of these for a 32+ gb project for my extended family.  There were long videos as well as photos and documents and the copying took about 1/3 the time of a couple of other brands tried.  All in the batch worked well so quality control is great.  Highly recommend.
5.0,"Works as advertised, good value","Going to give it 5 stars.  I just needed the USB sticks, didn't really need anything fancy and didn't really need the silly retractable casing or bandoleer, but the devices themselves work very nicely and unlike some other retractable usb sticks, this one doesn't get in the way and retract while I'm trying to plug it in."
2.0,slow transfer rate,it may have blue plastic on the connector but they were slow. about 3x slower than another brand of 3.0 memory sticks. and yes I plugged them into my usb 3.0 port.
5.0,used hundreds of these without fail.,Top performers that never let me down.
5.0,Kinda wish I had a better way to label them,I use them to boot and install different versions of OS X and Windows operating systems. Kinda wish I had a better way to label them. There is a small area but too small for me. I just put a small sticker on them.
5.0,Fast and have a nice strip on the bottom for a label,"Bought these to build boot disks of various tools (Acronis True Image, Rescue Disk, Linux Distro etc). I really only needed 8 GB USB drives but for $3 more (for the set) got 16 GB. Trust the SanDisk brand and like that the plug is retractable. When it is out it is solid and when in it is safe from harm. Nice strip on the bottom for a label."
2.0,SanDisk does not have a published write speed for this product.,Be forewarned I thought this item was slow. After a couple of gig byte of transfer its write speed dropped to under 14MB/sec. I called San Disk customer support and was told that this product does not have a published write speed for this product. So you get what you pay for.
5.0,Great Transfer Speed for HD Video Clips,These USB-3 Drives are Awesome. I use the for moving short HD Video clips to clients. They are Very Fast. An Hours worth of HD (1920x1080 H.264@5Mbs) video clips will transfer in just a few minutes on a Mac using USB-3. I'll be buying these again.
5.0,Great Product,I use these to transfer financial information between family members and they are perfect for anyone with a USB port on their computer.
5.0,Can’t beat 3.0...,Don’t buy 2.0
