ratings,rev_head,revs
2.0,I shoot RAW with a Canon 5D Mark III and I can only get like 7 shots in (on burst or otherwise) before I ...,Not at all a fan of these cards. The write speed on them is not accurate — they are very slow. I shoot RAW with a Canon 5D Mark III and I can only get like 7 shots in (on burst or otherwise) before I have to WAIT for the camera to write to the card. I've missed a lot of shots because of it. I ended up reselling them for friends who do slower work and buying the Sandisk Extreme cards.
5.0,"Great Bargain, Quality Product!","Our local stores charge the same amount for one disk, as this 4-pack. Do not hesitate to take advantage of this 4-pack offer. The quality is there, as well as the quantity AND the discount price. I have 4-trail cams on my property and I swap out the 4-disks often in order to manage who is accessing my land."
4.0,Great for trail cam,Nice price on these sd cards for my trail cams. Satisfied with my purchase and would recommend to anyone looking for memory cards for their trail cams.
5.0,They work fine. I'm using them in critter cams where a ...,They work fine.  I'm using them in critter cams where a lot of jpgs are collected.
5.0,Excellent quality.,Great memory cards.  Wouldn’t use anything less.
3.0,Excelente pack,Excelente producto y precio muy acorde
5.0,Best brand,Great cards & delivered when promised
5.0,Five Stars,as expected.
5.0,good deal,a real bargain and quickly delivered.
5.0,GREAT product,it a good product.
