ratings,rev_head,revs
5.0,Finally an MP3 player that works!!,"An MP3 player has one basic job, that is to play MP3's. By default it should do it in proper track order (unless you pick shuffle). I tried 4 or 5 of the cheap knock off brand MP3 players and not a single one of them would play songs in the correct order. Some would play albums alphabetized. WTF? Who listens to an album in alphabetical order. WTF?"
5.0,I think this is the best small MP3 out there...,"There are a a lot of options in the MP3 player market. I personally prefer ones with  actual buttons over touchscreens. A touch screen drives me crazy because just the slightest brush of the screen changes the song or starts it over or some problem over and over and over again. Press able buttons do not experience these errors. Additionally, for the extra $20 or so over the $35 players 16GB which are abundant you get double the storage drive for more music. The UI is good but (not perfect) The screen is so small you have to have on your reading glasses or squint to see the screen print especially outdoors in the sun - in addition to the small screen I personally would have made this player about twice the size as it's SO small it can easily get lost. Since it's so light it wouldn't matter if it were significantly bigger. The last issue with many of the small MP3 players is no case, they don't bother at these price levels to offer protection for your device...too bad, that's not good. Overall though, it's a simple, effective, and very functional player. It does exactly what it's supposed to do. Great quality - good sound, user friendly UI and doesn't skip or change songs on you!! A++ Go SANDISK."
3.0,Not exactly what I was looking for,"I bought this as a replacement. I am a fan of SanDisk products, but this device didn't have what I needed. It does have an FM radio and voice recording, but you can't record from the radio, so as to avoid background noise during private events with radio broadcasting, so I can catch up on what I miss. Unfortunately, the product description doesn't address this directly, perhaps because not many people want it. SanDisk PLEASE help me. I love your products."
1.0,"Unit ""Locks Up"" and fails to function","Sound is great and unit is easy to use. The problem is mine repeatedly ""locks up"" where none of the buttons work and I cannot turn it off or play a song. I must simply wait for the battery to deplete completely and then recharge the unit. Very frustrating."
2.0,Didn't play in the right order,"I wanted a new MP3 player that would hold all of my media. 32G was the ticket for my 20G of media. Sadly, this player won't play the tracks in track order. I bought some music her on Amazon. My several year old Clip Zip plays the music in the proper track sequence, while this new one plays them in some odd order. I do NOT use shuffle. I tried to get the MP3 tags very simple (tracks changed from 1/15 to simply 01, disk changed from 1/1 to 1). I don't know what it uses to determine sequence, and SanDisk players used to get this right. This one does not. I even updated to the latest firmware (1.04). I have always liked my previous SanDisk players. This one disappoints due to it playing tracks in the wrong sequence. I will hold out for a firmware update that addresses the problem. SanDisk->Use the MP3 tags to build the sequence list. I would rate as 5 stars if the track list was correct. This is VERY important to me that a player plays in the right sequence."
3.0,"Won't play single tracks, and doesn't allow creation of playlists","I bought this for the kids' taekwondo tournaments.  I need a device that can play one track and then stop.  I cannot accept looping play of a single track, and cannot have the player autoplay the next track.  Unfortunately, this device doesn't have that capability -- it can only reloop or autoplay the next track.  I figured one klugey way to trick the device into playing a single track would be to create single-track playlists, one for each song.  Although I'm quite skilled in generating M3U files, through text editors, Rhythmbox, Windows Media Player, Kid3-QT, and many others, and although I created valid M3U files using each approach, with valid relative filepaths, and loaded them onto the player, the player always showed the playlists as ""[Empty]"".  On a whim, I tried multiple-song playlists and found the device couldn't find the files in those playlists either.  I tried changing the permissions on all the playlists (to universal read, write, and execute), but that didn't help.  I contacted SanDisk support, and unfortunately, they're trained to direct users to an unhelpful page of the user's manual that directs people to use an outdated version of Windows Media Player to generate M3U files.  They seemed puzzled why that didn't work. SanDisk support wouldn't share the syntax for absolute file addressing in the MP3 player's native OS, and the device has no way through onboard software to create playlists, so I was pretty much stuck.  It's a compact, light device with a nice screen and decent quality of output.  It's a shame the software isn't functional.  If all you want to do is load up the player with piles of files and not organize the play of them, I suppose it'd be pretty good.  But it's just not what I'm looking for."
4.0,Worth it - just get it,"Don't waste time or money on the knockoffs, this one is worth the higher price. The high quality construction is apparent as soon as its in your hand. Slight delay when buttons are pressed but their action is solid and the functionality is intuitive enough to not require studying a poorly translated manual. Battery life is quite good and obviously there's plenty of storage."
5.0,The only mp3 I can find that is compatible with audible,While they work I love them but they don't last long. Need a new one every every 6 months on average
2.0,Don't look for other option,"I can't think of anything good to say, sorry."
1.0,It's Time For Amazon/Audible to Move On From SanDisk Players,"I'm a long time SanDisk customer and I've been looking forward to the new generation of their Clip player for a couple of years now. A price increase is expected but the release of this player makes the 2nd consecutive product that is, in my opinion, an inferior product."
