ratings,rev_head,revs
1.0,"Runs hot, writes slowly - not recommended","This drive runs unusually hot for a plastic flash drive. Even sitting without reading or writing while plugged into a USB extension cable, the USB connector gets uncomfortably hot. No other flash drive I've tried has this issue, although I understand that some metal cased ones also exhibit this behavior."
1.0,but all it takes is one bad experience to ruin a brand for you,"I normally don't write reviews, but all it takes is one bad experience to ruin a brand for you. I've bought several SanDisk products in the past and I think this is the first time I've had one brick on me, but after some research, this has been going on for a long time. SanDisk drives are prone to going into ""Write Protected"" mode where you can no longer add or remove any files to it. In other words, it becomes ""Read Only"" so you're stuck with with what's on there. I tried several methods of removing the write protection on my drive, but as listed on SanDisk's site, there's no way to remove it or reformat the drive. There is a flaw/bug in this specific drive itself. SanDisk knows about this and continues to sell them to uninformed customers."
4.0,Great Drive But Issue With Included Software,"This SanDisk Ultra USB 3.0 Flash Drive works exactly as you would expect it to. Transfers to and from the card seem to work quite quickly. The drive is about standard size, and like many others, has a slide button to slide the USB connector in and out. It also has a blue light that indicates readyness, and transfer activity. The drive is labeled in a way that makes it clear which side needs to be turned up for it to be inserted properly. (I hate drives that you have to try one way, and then the other, because you can't tell simply by looking at them which side should be turned up.) Finally, there is a molded, hole, in the curve at one end, to allow the drive to be carried on a key chain."
1.0,"Disappointing reliability/durability, 2 out of 2 drives failed.","Ordered two of these drives on 5/24/2018, tried to use them on 5/30/2018 and both stopped working after a few minutes of use."
2.0,Not Optimized for Write Speed,Good read speed USB 3.0 over 100 [MB/s] But performed poorly on the write speed 27.76 [MB/s] SanDisk says the Ultra isn't optimized for write speed and you should get the extreme version but I didn't see that anywhere on the package.
1.0,This is the last Sandisk flash drive I will ever purchase.,"Bought a set of two drives, one failed and went into write protected mode. According Sandisk customer support: ""Write protection errors occur when a flash drive detects a potential fault within itself. The drive will go into write-protected mode to prevent data loss. There is no method to fix this. To verify the issue is related to the flash drive and not your computer we recommend that you try plugging the USB drive into another port on your computer. You should also try the drive on another computer if possible."" Of the many flash drives that I've used over the years, this is the second drive that failed on me and also happened to be Sandisk. The first one had some corrupted memory sectors so my linux boot disk will not install. Ironically, I bought these drives to replace the one that was bad. I give it two stars for the one drive that is still working and will RMA the bad one."
4.0,Get the extreme,"Should've done a little research, but I thought the write speeds would be more than 10MB/sec. it reached 14MB/sec for a little bit that was maxed out. This was transferring music files to the drive."
5.0,Love the upgrade in transfer speeds from 2.0,I transfer tons of movies from my computer to my flash drive in order to play them on my NeoTv player.  For a few years I have been using the standard USB 2.0 flash drives.  I would find myself being annoyed by how long it was taking to transfer the movies on the 2.0.
1.0,Miserable write speed,"Anyone that actually pays attention to the speed at which this drive writes to itself will tell you it’s terrible. Now let me tell you, if you think it’s terrible on usb 3.0, I’m using it on an old usb 2.0 laptop."
1.0,NVIDIA SHIELD TV USERS BEWARE...,TL;DR: This drive is 'teh s uck' / see bottom for alternative.
5.0,Quick and simple,"This is a sleek, quality flash drive with a decent write speed. I've been averaging around 21 mb/sec using a usb 3 port.  My other usb 2 SanDisk flash drives often only write at roughly 8 to 10 mb/s.  This is a retractable flash drive."
5.0,Great for Windows installs and media transfer,"We cut the cord awhile back so I use an external drive for watching some shows and movies occasionally.  I had been using a USB 2.0 hard drive which is dying on me and now I'm unable to access the drive when it's plugged into the TV.  I also needed to do a clean installation of Windows 10 on a new PC build so this USB 3.0 drive was perfect for my needs.  I can't tell you how much faster this drive is than my USB 2.0 one.  I get speeds averaging 125MB/sec when transferring from my M.2 SSD.  The Windows 10 Pro installation was also incredibly fast, the whole process only took about 10 minutes.  Super, super happy with this flash drive.  Highly recommended."
5.0,Read/write speeds significantly faster than most USB flash drives.,"Different USB flash drives have significantly different read/write speeds. This SanDisk Ultra is several times faster than cheaper flash drives. The SanDisk Ultra Pro is even faster, but a lot more expensive. This one seems to be the sweet spot in terms of performance vs. price. If you use a flash drive for transferring large files between your work computer and your home computer like I do, it's worth buying a ""better"" flash drive that has read/write speeds like this one. I'm attaching a Crystal DiskMark test that shows the read/write speeds of this flash drive."
1.0,Sadly Inadequate,"I bought the 128 gig model to replace my Transcend 32 gig USB flash drive. SanDisk boasts fast read speeds but doesn't mention that it's write speeds are very poor. In comparison, my 32 gig Transcend can write a 500mb test file 166% faster than this 128 gig SanDisk. That's quite a difference! SanDisk warns that size may affect speed so I have no way of knowing how a 128 gig Transcend will perform vs the 128 SanDisk but, to be sure, this SanDisk model is sadly inadequate."
1.0,Inconsistent; massive lag times or zero transfer.,"Horribly inconsistent. File transfer rates hop from absolute zero (nothing transferred or empty folders) to great performance. I am dealing with family photos, videos, my kids' drawings, etc. 15 years worth of stuff, plus pre-digital camera pictures that I scanned and saved from decades before that. All extraordinarily important stuff and I'm now worried I'll lose data. Returning it asap. I bought it based on reviews that this one was good and others had the problems I am now experiencing."
4.0,I have never liked USB Flash Drives which had moving components because it ...,"First off, I have never liked USB Flash Drives which had moving components because it typically meant wires moving internally which would eventually break. With this device, however, it doesn't appear to be the case.. The outside plastic component appears to act as a sleeve with the internal component being the drive itself which slides in the sleeve. The sleeve captures the drive itself, and the button locks it into the open / closed state..."
5.0,Good for Most Purposes,"So I see a bunch of people grousing about the read/write speed (just like they do for every other flash drive). I take a more relaxed approach. My only criteria is that a flash drive actually works fast enough to load and/or transfer files within a few minutes, and that it be physically solid. This one meets my criteria and provides a lot of storage for the money. If I was concerned about microseconds and nanoseconds, I would buy a $200 flash drive."
2.0,Mixed experience with SanDisk - seeking the right model,"I am seeking a USB thumb drive product that a) mounts reliably, b) has good build quality, and c) performs well."
1.0,Horrible!  Have Had Two Go Bad Shortly After Buying.,"I have bought two of these drives and both went bad within a few months.  I have other flash drives that I've had for years with no problems so it's not anything I'm doing.  Waste of money and you also lose your data.  Can it be any worse?  Never, ever trust these drives with anything important unless you have it backed up.  Just disposable trash."
2.0,This is NOT the Sandisk USB 3.0 thumb drive you are looking for...move along.,"I always loved Sandisk USB thumb drives because they did not skimp on quality. I said "" love 'ed' "" as in past tense. I bought the CZ48 32GB USB 3.0 drive expecting that the reviews were accurate, well sorry to say the products from 2015 are not the same as 2016. Sandisk did a switch-O-change-O. If you bought a CZ48 in 2015, most likely it had a blue LED activity light. Now in 2016, it no longer has an activity light and gets really hot to the touch only after copying a 5MB file. What gives? I always trusted Sandisk MicroSDs and USB thumb drives to better a ""cut above"" the fray of competitors. Well, fool me once."
2.0,"It works, it is moderately fast, a bit flimsy, and has NO LED feedback.","It works, it is moderately fast, a bit flimsy, and has NO LED feedback."
5.0,Great product,For the price this is excellent;  for some reason on my machine it starts off at 130 MB/s  then eventually drop to 10 MB/s;
5.0,One of the best names out there,"I recently had to get a 32 gig thumb drive to do a map update on the GPS in my car.  I don't normally need a thumb drive that large so had to get one new.  I found a different brand at first that wasn't a name brand, but was a little bit cheaper.  Well, I learned my lesson, once again.  You get what you pay for sometimes.  The other thumb drive lasted a few hours then decided it no longer wanted to work.  I tried to reformat it and it seemed like it was working, but failed halfway thru copying the map update to it.  So, I decided to cut my losses and get a brand I knew I could trust instead.  Enter the SanDisk brand.  I've always had great luck with their products, and still have a couple of SanDisk thumb drives several years old that still work perfectly.  Got this one, and was able to get my map updates on it and get the car updated within an hour of opening the package.  Should have gotten it the first time around.  Now my maps are up to date, so I'm using it to store music.  My car has a USB port so I can put my music collection on the thumb drive, plug it in, and have it with me when I drive.  Works perfectly.  Stick with a name you can trust.  It's not work saving $3 or $4 to get something that may not work at all."
3.0,Good when it works,Good when it works. Sometimes doesn’t get recognized in my PC and my MacBook Pro Retina and needs to be reinserted. The plastic also feel a bit cheap.
5.0,Perfect Fast Flash Drive,"This little device is a big time saver--- copy times are excellent!  Most flash drives are USB 2.0.  This one is not, it's USB 3.0, and paired with a computer that offers USB 3.0 connections, is much faster than the more common USB 2.0 flash drives."
4.0,"Decent speed, perfect for size, good drive","Not as fast as the cz80 or whatever the extreme model of this one is, the 64gb model, but pretty decent read speeds at 130-140. Write speeds were lower at like 50-70, but still OK given the 16gb size of the drive. You won't run into that big of a problem with write speed on a drive this small. I use these for windows 7 and 10 installations, and seem to work pretty well, definitely faster than installing on USB 2.0 drives. I have a few other sandisk flash drives along with a few Ssds (one of which is almost 10 years old and still working strong) and they're all working well so I'm confident these will last too."
1.0,Don't get this if you have a Mac,"Don't get this if you have a Mac. You can't simply format it to create an encrypted drive. You need to open an app each and every time you want to use this drive, and have to move files to and from this special app to keep them encrypted. I have a smaller SanDisk USB drive which does allow me to format it as an encrypted drive on my Mac, so I don't know why this one won't allow it. Anyway, having to use this app is annoying and a lot slower than moving files around with the Finder. I regret this purchase."
4.0,There is No Use Indicator,"First, this is nicely shaped, seems fast, though it is all plastic for those who are bothered by such things.  It's not the sort of thing I usualy review, but I bought it because I thought it had a lighted indicator light for when in use.  In the questions section, there are four reviewers who indicated it had an indicator, but mine does not have an indicator.  To be fair, it doesn't suggest it has one in the write-up.  I went by the answer section.  I prefer mine to have an indicator.  Wish manufacturers would be consistent because sometimes they say nothing and there is an indicator so I check the question and answer section, but in this case they said nothing and there is no indicator."
4.0,Why you should pay attention to the seller's name,"I purchased two flash drives, one for 32GB and another for 64GB on the same day from Amazon."
5.0,Worth the money. Just format to EXFAT to support all your files.,This product is great. I had to reformat the original to allow large files to be stored. The factory format will not allow large files. Use the optional exfat in the windows options and this drive will be great to store all the information you can throw to it. The reviews about usb 3.0 and 2.0 are right but 2.0 is fast enough to run a virtual machine with simple tasks.
1.0,Not for Keychain,Okay I usually buy a different brand so I took a chance on this first the keychain part is worthless I have two others on my keychain and this one is bulky and opens all the time on its own the lock does not keep it closed at all very weak and easy to open once open it locks tight so in time it will break.
1.0,A terrible product.,"Loaded music files on the drive but it wouldn't play in my car - where I already have a Sandisk flash drive playing the same files which works fine. Following comments and suggestions online I tried formatting the drive to Exfat and then to Fat32 but still got the voice comment from my car system ""System found too many invalid multimedia files. Check the multimedia content.""  I called Sandisk and they were useless. Amazon's site says ""no returns"" so I called Amazon and they refunded my money. Total time spent on this about 3 hours. Amazon should not sell Sandisk!"
1.0,Unreliable USB,"I bought this 128GB USB since I needed to move large files. I was able to copy some files about 3-4 times, and then suddenly my laptop is unable to even recognize that the USB is attached. I am not talking about the USB being slow, the problem is that it does NOT even show up on my laptop."
1.0,Corrupted Files - can no longer use or save any documents,"I ordered this product 9 months ago for the storage size as well as the key ring slot that I needed to keep on my lanyard for work. For the 6/9 months that I was working in the classroom, it did its job well. However. with the new year starting up, I had used it for a few weeks when the other day I was trying to save a file and got an error message. Apparently, after doing research on it, one of the files that the Flash Drive had was corrupted, which does not allow ANY new documents to be saved to it. The message I receive is ""You can't save here. Please choose another location."" So after 6 months of use, the usb no longer is working to save new documents. Not worth the money, do not buy this one."
3.0,If you are used to Read speeds Up To 245MB/s; and Write speeds Up To 190MB/s then this product is NOT for you.,If you are use to Read speeds Up To 245MB/s; and Write speeds Up To 190MB/s then this product is not for you.
1.0,this has been my only bad review ever,"This gets a normal top speed of around 16 mgb per second i contacted sandisk and they said they never mentioned the speed you would get on this usb. They said i should look for their higher end products instead, this has been my only bad review ever, i am very dissatisfied with this product and the customer service of sandisk."
1.0,Great Thumb Drive --- Update (Many Dead Drives),******Update
1.0,flimsy,i havent even used it yet. it doesnt stay in its casing. it keeps popping out...and im worries its going to get dirty or broken...i need this for work when im reviewing files and audio. But doesnt matter where i keep it it keepa coming out of the case. I dont want to buy a cover...shouldnt have to... im going to return it and buy something more durable..sorry scandisk
5.0,Excellent and Super Fast Drives,"I have been using SanDisk thumb drives for years and have always been pleased with them. They are super fast, reliable, and work well with both PC and Mac platforms. I have tried slightly cheaper competitors but was disappointed by their slow upload speeds and poor build quality. The SanDisk drives are sleek and easy to handle. Even their 8 year old drives work better than other contemporary brands. The only downside I have encountered is their very tight packaging which is a challenge to open. I can understand the tight packaging to reduce their theft from retail stores, but don’t see why they have to come so tightly packaged from Amazon. In any case, I highly recommend SanDisk drives."
4.0,"Go-to drive, but gets SMOKIN' hot","Great form factor; simple, usable design - my ""go-to"" USB drive in design and form factor. Have several from 32GB up to 128 GB. A couple of things to be aware of, though: if using the lanyard hole, be sure to use a SMALL metal ring (~10mm) or a string lanyard - the plastic closing the loop at the top will not put up with much stress before breaking from the drive. And these drives get DISTURBINGLY hot in use. Haven't had one ""burn out"" or ""burn up""; however, due to the amount of heat they generate, I tend to not leave them plugged in when not in use. These would get all five stars, if not for these two concerns."
5.0,"SANDISK are ROCK SOLID, Steady, SECURE your Data - you wont lose it.",UPDATE 2016 - still achieving 5 stars - used this dive for backup and recovery for a year now - still strong as day one and extremely fast on my new gigabyte P34 laptop usb 3 ports.
5.0,Tiny power! Great device at a great cost.,All speeds on this model seem exactly on par with what they should be. Most high quality movies can even be played directly off of it. Tested this with 4k video as well and minimal issues.
5.0,Really lightweight usb with a great password protected vault feature!,"This is such a great flash drive! I know when I first thought of flash drives, I assumed they were all about equal, with regard to others of the same capacity. But this little guy comes with a lot of great features I never realized they could have."
5.0,Downloads full-length movies within seconds!!,"The SanDisk Ultra USB 3.0 Flash Drive,16GB was able to download and transfer my videos, photos and files faster than standard USB 2.0 drives. There was hardly any wait time while moving, sharing or backing up big files, I was able to download and copy full-length movies within seconds, and was able to watch/stream the movies I downloaded to the Ultra flash drive on my television via the PS4 console. The Secure Access software (4) that is included, provides 128-bit AES encryption and password protection to keep your private files private from prying eyes.I also love the fact that there is a writable space on the backside of the flash drive to make labeling easy and neat. I have never been able to transfer and download files and movies so this quickly, or felt more secure in the case that anything is deleted I know where to recover it from. Worked perfectly on my 3 laptops, chromebook, and PS4 console."
1.0,NOT AS ADVERTISED,"I purchased a 128gb USB 3.0 flash drive and received, 'sealed' a 114gb flash drive.  I have purchased several Sandisk flash drives ""ALL USB 2.0'S up to 128gb and never had a problem being shorted on space.  I am returning this for a replacement.  If the same issue persists I recommend strongly staying with the USB 2.0 if you don't want to be shorted on storage.  FOR CHRISTS SAKE 14 GB  ""RIDICULOUS""."
1.0,"Chinese knockoff, NO RETURNS WHATSOEVER, COMPLETE RIPOFF!","These flash drives are Chinese knockoffs, completely worthless, I would not plug them into my computer, who knows what kind of viruses they have preloaded. Unable to return. Look at the pictures. The writing is mine, bought them for work, therefore it says, ""Personal Property of ...."" etc. I can't even get my money back."
5.0,Not the best USB thumb drive for PS4!,I originally bought this USB drive because it has 3.0 which is mostly required for the PS4 as well being affordable with a limited budget.
5.0,A few ways to use this device.,"The 32 GB size is large enough to hold small backups, or to transfer data from one location to another where network speeds are too slow.  It can be formatted to act as a boot disk when a system rescue is needed.  Another useful task is to load the device with MP3 files to be played back while commuting to work.  About two hundred hours of music can be loaded on the device.  No more lugging around a box full of CDs."
1.0,Not as advertised,Not as advertised. This is what is on the technical details (Item Dimensions L x W x H
5.0,Fantastic flashdrive is fantastic.,"Large capacity, decent read and write speeds, highly portable, and doesn't seem overheat much while under stress. It's robust, clearly doesn't feel like it'll break anytime soon so long as you don't abuse it. If you're into encryption, it takes software well and doesn't seem to slow down at all while encrypting and de-crypting files. This little guy is absolutely perfect for large media files, I store movies, shows and music on it, which it plays directly from the flash drive without any problems at all. I'm not quite sure what else you could want from a flash-drive."
5.0,Nice to keep around,"So I have a lot of small files that aren't too important, so I feel comfortable keeping them on a flashdrive. My computer itself has a small amount of storage, so those little files add up pretty quick. I also needed something that if I needed a quick transfer, I don't need to carry anything like a regular external hard drive. This is the perfect middle ground, and SanDisk has always made great storage options. This is pretty light, so if you drop it, or it falls out of a bag, you won't notice it at all. So keep it secure, and there should be no issues."
1.0,Secure Access Does Not Work,"Secure access does NOT work. I set it up and put files in it, logged out, tried to log back in and it made me set it up all over again, lost the files I had put in there. Luckily I had a backup of them. Chatted with tech support, they had me delete the program from the flash drive and reinstall from a link they sent me. It worked once then a few days later it sent me back to the screen where you set up the password and everything. Lost those files again. Needless to say, I’m done trying that, I’ll never be able to trust that I’ll be able to access the files I put in the “secure access vault” so there is no point in trying to use it. If secure storage is what you are looking for, look elsewhere!"
1.0,do not buy this. it will damage your USB/ stops working in less than 12 months,"I bought this item and as soon as I started using  it, it died on me on a week, overheating the USB port where it was to the point that i feared it would burst in flames and burn my computer. After contacting Sandisk they said to REMOVE it and not use it any further; they sent me a replacement. Surprise surprise, after about 6 or so more uses (i only use these drives may be 6 times a year) it started overheating again, and stopped accepting any more data transfers to copy TO the drive. Do not buy this POS. there are far better drives from other brands that will not fail after just a few uses. i will NEVER buy sandisk ever again, crappy quality and poor reliability, causing you a myriad troubles when you need help the most. Why did i ever try this brand? god. DO NOT BUY."
5.0,Lots of Storage!!,"This USB drive is perfect for everything! My wife and I put over 3,000 pictures on this from our wedding day and honeymoon. The pictures barely took up 25% of the storage. We also put other files on this USB drive, and still have an enormous amount of space left. This is something everyone should have, as you can backup a lot of files on this, in case if your computer dies unexpectedly, or gets fried during a thunderstorm. If I ever do fill this USB drive up, I am definitely going to buy another one. I strongly recommend this product to everyone."
1.0,Overheats and fails,"The drive comes formatted for FAT32, so if you want to transfer large files you'll need to reformat it for NTFS or otherwise. Unfortunately, this drive can only transfer data for about 90 seconds before it fails. The drive immediately gets burning hot during file transfers and I'm guessing this is what causes these failures. If you have files that are large (roughly 3 gigs or more) that require longer than 90 seconds to copy, you won't be able to get them on this drive. If you have large quantities of data you want to copy to this drive (it is 64GB, after all), you'll have to copy it in 2GB sections, let the drive cool down, copy the next 2GB section, etc."
1.0,MISLEADING ADVERTISING,It does yield read speeds in the 100MB/s range but the write speed is not 10x faster than the standard 2.0 flash drive.
4.0,Actual Space 118GB,"This drive works great, the actual usable space is 118GB and the max any one file can be is 4gb. This becomes troublesome when you're loading high resolution long videos. I had to change the format of the drive to allow files larger than 4gb but now if you ever just pull out the thumb drive without properly ejecting it, you'll definitely lose everything on it. As long as you ""safely remove"" the drive you're fine. From my research this seems to be the norm for most flash drives, just thought I'd share that incase anyone else out there is like me and had no idea. Still a good drive."
5.0,Functionality is the Key to Success,"I purchased two of these to back up my photo folders on my computer.  I let things get away from me and had to get things under control and these really did the job.  So far both are working properly with no issues and hold a huge amount of data.  The end that you insert into your computer locks out for ease of use and slides back for safety readily so no problem with mechanics.  (I have purchased other flash drives that have gotten stuck 'out' after two uses, so that is something, and others that you had to hold out to get them into your computer because the catch wouldn't hold.)  I have had good luck with Sandisk memory cards for my camera and this flash drive is equally as impressive.  No fails here."
5.0,Great backup for photos,"This is the only USB stick I use to store all my precious personal and client images! I've had several other brands go it on me and have lost photos (good thing I multiple backups!) but I've never had a problem with these!!!! I currently have 2 and have been storing photos on them for years now. Finally upgraded to the 128gb when I filled up the last one... I still keep a second set of copies on my computer at all times, as a backup though.... just in case 😉"
2.0,Don't buy this for your keychain,"To start with, as a flash drive. It works as advertised, Gets 3.0 transfer speeds, holds as close to 128 as you can expect to get out of memory. This review isn't about that. My problem is design. I've had this a week on my keys, in the time I've noticed that it likes to extend on it's own, It has a lock to keep it in or out, but the lock to keep it in is really weak and it will come out without to much force. Like sitting in your pocket force. The plastic ring on the back for it to go onto your keys is flimsy. After only 1 week, it's broken off and fallen off my keys. So out of the 2 jobs..being a flash drive, and being on my keys. It failed at half"
2.0,"Slow write speeds, died in less than 6 months","I got this flash drive thinking it would be a great way to watch video on my TV.  I sought a USB 3.0 one for obvious reasons.  Sure, it will read at SS speeds, but the write speed is pathetic, not even saturating what a USB 2.0 device would.  Worse yet, I received this drive in April 2016.  It has failed in September.  I have tried it in multiple devices.  It is toast.  Very disappointed.  It should be under warranty but it looks like registration may have been required so I doubt I'll get a replacement.  I'll spend a few bucks more on a device with good reviews this time.  It's a shame too, as my 32GB USB 3.0 Sandisk is a champ, amazing speeds for both read/write."
5.0,Sansdisk is my preference for storage.,I was checking my flashdrive needs. The 32G could almost do the trick. I have this model in 64G so I thought that I would get the 128G for this particular need. I saw that I could have purchased 256G. It used to be my response to just get the largest but I knew the 128G would be about four times what I needed now. So I made an economical decision. The first thing I did was reformat to NTFS. I wasn't going to use this for playing music on a non-Windows device. I was going to use it to connect to Windows devices only.
5.0,Just what I was looking for!,"I am pleased with my purchase of this Sandisk flash drive. I read the reviews & saw some complaints about it running slow & overheating. I wanted a storage disc to backup documents, pictures, & music. Because it was only going to be a backup disc I wasn’t concerned about the writing speed. I won’t be writing files to it every day."
1.0,Gave out of 3 months ... Not a solid product in my opinion,"Purchased this on Dec 20th 2017 .... stopped working properly on March 18th, 2018. Use this product constantly for my MacPro backups. Never seen weirdness like this with a flash drive before and I do like the brand. The writes on the USB went down to speeds I haven't seen in decades. It does not seem that this product is built for every day wear and tear. Will try to contact the manufacturer, since its out of Amazon return window, but a definite headache."
1.0,Does'nt seem an USB 3.0,"Awfully slow. Don't know why, it is just a slowing device, specially with big transfers, it seems is getting worse every day. Can't return the unit cause I'm not from the USA. It's like something common I've seen in bigger drives. Terribly slow speeds no matter the brand you get or model. If you connect it to a usb 3.1 port it kind moves somewhat faster sometimes, but i've seen usb 2.0 drives move the files faster. No way to tell if I got a lemon, but propably is just as every brand I've tried. It's just poor quality products I think. I can't recommend it."
3.0,"Read speed 100, great, Write speed <30 :/","1st of all, I have no clue how fast a USB Flash Drive should be! But my USB 3.0 Hard Drive (which is not an SSD) goes upto 90Mb/s and I was expecting the same."
5.0,Reliable; great value; LOTS of storage.,"Very reliable brand. Using for media storage on my brother's TV for when the internet goes down in the nursing home. He can't get up to load DVDs, so we keep this USB plugged in all the time. Holding up great! Stores 800+ movies & shows. My brother is ecstatic! I'm very pleased. Would purchase again. Highly recommend!"
3.0,Does not fit well in PS4 Slim,This is a fast fantastic USB stick with plenty of memory. My review is for anyone who searches in the product answers for its use with a PS4 (Playstation 4) Slim.
1.0,Could this thing be any slower?,Did I read correctly this will transfer a full length movie in 40 seconds? I started a transfer of a 4Gb .mp4 movie file about three minutes ago and it's still transferring. At transfer rate or between 5 and 20 Mb/s. It's plugged into a USB 3.0 port on my Windows 8.1 computer which has 16Gb of memory and an Intel i7 CPU so it's not a slow computer. What's up with this thing?  I have over 100 Gb to transfer and send to my kids but I'm not going to do it if this thing is no good. I've used Sandisk products for years with never a problem.
5.0,My neighbor loves them...,My neighbor won't shop online..... he's paranoid ( and rightly so) about using credit cards for online purchases.  He knows I shop on Amazon and asks me to order him things.  This is one he specifically requests.  I think I've purchased a dozen or more of this particular flash drive. He's downloading Family photos and video's for his Children and Grandchildren.  He's 80 yrs old and can use these successfully and is very happy with it's performance.  He rates it a 10
4.0,Fast but packaging is a pain,"Solidly built drive, super fast transfer. It would be a 5-star if not for the impenetrable packaging! I tore off the card to find a sealed plastic ""capsule"" encasing the drive. It appeared to have a scored corner, so one could peel off a side, but it didn't work that way. I ended up grabbing scissors and cutting the capsule. Then, there was a film affixed to the back of the drive which grabbed on to my fingers, resisting efforts to dispose of it."
5.0,Always Dependable,"I love SanDisk products - I've been using them ever since they used to sell zip drives! No matter the product, this flash drive is good for storing whatever you need. I do a lot of photography and was able to easily store my photos on this drive with no issues. I work off of a Mac, not sure if there have been any issues with compatibility with other formats like Chromebooks as I've read in some other people's reviews . I also use this type of drive a lot when giving photos to friends/family I've booked sessions with and no one has had any issues pulling up the images. My 11-year-old likes this type of drive too for school use. He can easily upload files he wants to use while at school for products."
3.0,Problem,"My Nvidia Shield stopped recognizing this. To be fair, it might be a problem with the shield, but it's too late to send it back. Not sure if I need a 256 GB thumb drive for anything else. It might  come in handy one day."
1.0,Sketchy At Best! Got Ripped Off!,We bought and paid for a 64GB USB drive and received a 32GB version! The packaging stated 64 and when we went to use it we formatted the drive & its only showing up as a 32GB drive! This was formatted on both Mac OS and Windows 10 OS an no its not operator error. They clearly mixed things up when these were packaged and because I opened it and tried to use it after the return period I only received 1/2 of what I paid for! Wont be buying SanDisk anything in the future which is a shame as I have been pleased with their products in the past.
4.0,seems fine maybe great except...,"this seems like a great price for a large amount of storage in a small device...i have no complaints about its abilities as a flash drive and i like the trustworthiness of sandisk. however, i find it very awkward to plug this into my laptop usb type A port or into my usb hub! am i missing something? i push the metal connector out with the thumb slide...then go to plug that into the usb port...then at least half the time that process pushes the metal connector on the flash drive back into its housing! i have to put enough pressure on the slide button to prevent that. a silly hassle."
3.0,Great Flash Drive but watch the plastic...,"This flash drive does exactly what it's supposed to do.  I bought the 32GB version which turns out to be more than enough for my needs.  The encryption takes some getting used to though.  One has to find the right file to click to get to the encrypted area which can be a bit confusing.  It is the ""application"" file type in the list that will give access into the encrypted area.  The only problem I had with it was that the plastic around the hole where it attaches to a key chain broke.  (picture attached)  I would have lost it when it fell off my key ring when I grabbed my keys out of my pocket.  A kind soul behind me picked it up and gave it back to me or all those files would have been lost.  If SanDisk can fix the plastic cracking problem, I would buy it again."
1.0,Useless SanDisk USB Drives Automatically Initiate Read-Only Status,I don't recommend that you purchase this or any other SanDisk drives because the device automatically initiates a read-only lock when it thinks there may be a problem with the device. There is no problem with my device at all but it is now in a read-only state and I cannot save files to it or delete files from it. The only saving grace is that I am able to copy the existing files to another location before I toss this in the trash.
2.0,Hard to pick up off from desk. Feels very fragile also.,"It works. But, had I known how flimsy it feels I would not have bought it! I would buy one with a solid metal case instead. When I try to pick it up from my desk it's hard to get a grip on it because of the tapered ""slick"" sides and it is as light as a feather and the whole unit slides across my desk. (Makes a good toy!) Also, if you don't have the metal USB connection ""locked' in place it slides back into the case, not into the computer USB connection! I have a couple older Kingston thumb drives. One is all metal cover, the other a plastic case."
1.0,Write-protected/faulty,"So I received this a few days ago I tried to load a few things into the flash drive just to check it (glad I did) the drive is now write protected and cannot be used.  I've tried formatting which it wont a low. I've even been touch with sandisk customer support and they even said there appears to be a fault with the product.  Now. Granted, sandisk is great and this is probably just one bad drive in a batch of 500,000 but it's still very disappointing. I think I will be staying away from the ultra product line"
3.0,Don't believe the 3.0 speed claims! It's transfers files slower than a 2.0 hard drive!,"I bought the 256gb version of this drive. I usually have great results with sandisk products but this usb 3.0's file transfer speed is slower than my slowest 2.0 usb hard drive. It is slower than my 128gb micro sd card (also made by sandisk by the way) when used via 2 adapters(by this I mean it is inserted into an sd card adapter and then into a usb adapter to connect to a computer) to transfer files from my 2.0 hard drives. Once the files are on the drive, they play fine but getting them on there is a time consuming endeavor. I have a 3.0 usb slot on my laptop and moved this drive around to multiple usb ports to see if using the 2.0 usb ports was the problem but it didn't seem to be. If not for the fact that the files perform as expected once on the drive, I probably would have returned it."
5.0,Good quality flash drive,"It's a good quality flash drive. Read speeds are about 100 mb/s as they advertise, but write speeds are considerably slower at around 25-35 mb/s."
2.0,Does not fit. Cannot even plug it in!,"Several years ago had a good experience with the model SDCZ43-016G-G46 Ultra Fit, so i figured these SDCZ48-016G-UAM46 drives would be as good. Nope. I could not even plug it in to my Mid-2012 Non-Retina MacBook Pro: ****This drive is TOO WIDE TO FIT THE USB PORT when there is another connector in the adjacent port.**** I have not personally seen this before: all other USB flash drives i have fit fine, as do standard USB cables."
5.0,Very Good Except the carry hole is too fragile.  Needs beefing up.,I works on Win XP and Win7 + so I can move files between PCs.
1.0,Not sure what product I received.,"I needed a brand new drive to store some files and recently when I went to use the drive, it no longer displays having a capacity of 32GBs, and all of the data is missing. It claims a 1GB capacity and cannot be formatted nor can the format type be changed. It's essentially a 1GB drive, as far as Windows knows, and I have my doubts it would store 1GB of data. It seems there's a common counterfeit issue with data storage and micro SD chips, and this particular item being sold from ""SanDisc"" has left me suspicious of all SandDisk products going forward. I will never buy another product of theirs, nor will I ever buy memory or data storage devices, including anything containing memory or data storage components, from Amazon in the future. This is a serious security concern."
3.0,All good with one key fault (for macbook pro users),I bought this to store lossless music on and it does the job fast. So far no data loss or issues to speak of. I got it on Amazon daily deals and for 128gb I paid $30 which is $8 less than I'm seeing right now so it was good deal. It'll probably be half that in a year but that's the reality of buying memory.
5.0,"Fast, dependable, secure and convenient...","SanDisk is difficult to fault. I used mine for ReadyBoost in Windows 10. When I replaced my HDD with an SSD, the SSD continued to recognize it as a viable resource--and performed great with it--but Windows 10 Updated and decided that I no longer needed ReadyBoost (I am looking for a way to get around that). No problem though. I erased the temporary contents of my SanDisk and use it for an encrypted and password-protected storage device. I have not benchmarked the actual speed; but I transferred thousands of photos to it in a couple of minutes. It costs so little, and it is always fast, dependable, secure and convenient. Just make certain that you use a USB 3 port if you want maximum speed."
5.0,10 out of 10! Instant Transfers,"The transfer speed is crazy fast! The transfer bar I’m accustomed to seeing doesn’t even appear anymore, it’s instant. I love the sleek and modern design of this product. I’m absolutely enamored that it changes shape when in use verse not in use. Another aspect of this San disk that I like is the discreet blue light, unlike the glaring obnoxious red light I had to endure before.My last San Disk flask drive, I had for three years! I absolutely love the brand and have been happy with their products for a long time. However, this product has deepened the love! For me, this flash drive is a 10 out of 10."
1.0,Piece of Garbage!!!,"This is the worst USB flash drive I have ever bought! I saved my files onto this thing, but somehow it became read only. Then I tried to format it to erase it off of the flash drive to start over, but it won't even let me do that! I brought it to a tech guy and it's not really working either! This is a waste of my money!!!! I regret buying this! I would give this a NO star if I could....so frustrating!!!"
3.0,Snail-like write speed,"Believe the other reviewers when they complain about write speed.  This drive reads pretty quickly but the writing of files is really slow, like USB 2.0 slow, or even worse.  Sandisk claims write speed of 20 MB/sec, which is pretty bad for USB 3.0, but the truth is even worse. The drive will do 20MB/sec for maybe the first 1 or 2 GB but try to write any more and the speed drops drastically.  I copied a large folder (111 GB) of mostly large files to it.  It took about 8 hours. Wow."
5.0,Don't think Twice...... BACK UP YOUR STUFF.,"I've always used SanDisk product for their reliability. This is no exception.  Simple to use. Great way to store all those photos on your computer or phone and free up space on your hard drive..........and have as a back up should something happen.  I also use them to back up PDF files like Owners Manuals, Insurance Policies or Important doctuments you've scanned  into your computer.  You can never have too many of these."
3.0,The slide mechanism on USB drive doesn't lock in place,"While I love the fact the part of the USB drive that plugs into the USB slot is retractable, I don't like the fact that it doesn't lock in place.  I've seen other USB Drives from ScanDisk that have a retractable mechanism that locks."
2.0,While they worked they were great! Within two months both had stopped mounting on ...,"I bought two of these to replace a pair of USB 2.0 ""Cruzer"" drives that had served me well for 5+ years. While they worked they were great! Within two months both had stopped mounting on all of the computers I plugged them into. Reformatting is not an option if the system does not recognize them."
5.0,"Nice design, and fast","I like the capless design, hole for a lanyard or keyring clip, and the shape of the case is a little more stylish than the block-shaped competitors."
5.0,Solid choice for a large,"Doesn't get too hot, decent speeds, fast read speed which is what matters the most for my application."
4.0,What NOT USB 4 Yet?,"The only way you can go wrong with these guys is if you buy and then they drop the price or they go to USB 4. You just cannot keep up with the commodity pricing for Flash memory so just take the poke and buy it. I use these guys for scanning pictures. It is more dense that DVDs and cheap enough that you can send the ""Photo Album"" to relatives you only kind of like. Windows 10 does not even have a DVD player any more, so those CDs and DVDs are going the way of the Sony 3.5 inch Floppy."
5.0,Worked great for my purposes.,"I bought this drive to replace a 500mb dinosaur I found in my drawer. So, you can imagine this works just fine for me. I use it for my music files since my car doesn't have a CD player. Works just fine. Oh, I did delete all the programs, security, cloud caller and loader, updater, etc. Before I loaded anything.  Therefore I experienced no problems like the other people here.  Also the car had no problem accessing drive. Car software is a pain."
3.0,Appear to be slow,I bought 5 of these Sandisk USB thumb drives of various sizes. I found them to be terribly slow.  I wanted to use the 128gb one to save info from my old PC to just one stick for future needs. It took 4 hours of waiting for my PC it to transfer 74gb of data to it. This was twice the time of it took 2 smaller sticks to copy the same data to them.
2.0,"I won't be buying this product again, The write speed killed it for me","I won't be buying this product again. The write speed kills it for me. They claim ""Write speeds of up to 10X faster than standard USB 2.0 drives"" I did a test side by side and it's not nearly 10x faster than a 2.0. Either I have a faulty 3.0 here or the 2.0 is actually faster than a normal 2.0 because they were almost neck to neck. At times the 3.0 may have been slightly faster but surely it's not too much of a noticeable difference to brag about."
1.0,"Don't Put a Lanyard On It; Heck, Don't Buy It","Issues:  [1] the through hole intended for attaching lanyards is brittle and weak. Mine broke, and I was lucky to not lose the thumb drive. [2] After several months, the mechanism to retract the plug no longer locks open, so often I think I've plugged it in, but it's not fully in. [3] Runs very hot. [4] The activity light isn't really an activity light. Instead of lighting when data is being written or read, it just pulses all the time. Dumb."
1.0,Beware of knockoffs / bad product,"I received two ""SanDisk"" products and both were knockoffs or just so grossly defective they were unusable.  They were packaged and labeled properly but when you put it in the computer,  you get USB 1 -> USB 2 speeds  (1 - 8 MB/sec) and not what you should be getting."
5.0,Best Flash Drive Ever,"This has been the most surprising and best performing flash drive I have ever owned.  It has everything you could possibly need in a portable storage solution.  USB 3 support makes it lightening fast, coupled with the included encryption software and you can rest easy knowing that your data if lost will not be easily accessed.  I was not sure of the design at first but it has proven to be reliable and not an issue at all.  It even includes the option to add a key ring but I have not carried it that way so I can not speak to it's performance in the open due to there being no cover to the usb connection just recessed into the body.  I am satisfied with the drive to the point of ordering another in the very near future.  I do recommend it."
5.0,"Out of all my flash drives, ScanDisk rocks","These work and are detected in every system I have put them in. I only use Linux and they are awesome for distro hoppers. I have a couple Samsungs that suck, wish I had just bought the trusty ScanDisk. I don't really care all that much about transfer speeds. I haven't timed it, but I am pretty sure a Linux distro installs in less than 5 minutes to SSD."
5.0,Great price and speeeedy transfer rate!,128Gb at a great price! Moves files/photos/videos quickly and can be accessed via your usb on most smart TV’s.
4.0,Does the Job,"This flash card transferred approximately 80 GB worth of files with no problem – I used it to hold my music collection for playback in my car.  Transfer of the files was fast, but I didn’t time it as I set it up to copy over before going to bed, and reading of the music files has had no issues.  I’m impressed with the amount of storage they are able to put in these compact devices as it gets better and better each year."
5.0,Works Great.,Works great on my computer and in my embroidery machine.  I create embroidery designs on my computer and then save them on the USB flash drive.  The USB flash drive then goes into my embroidery machine and allows the embroidery machine to do it's thing.  It works for me ......
5.0,Worked Flawlessly for Watching RiffTrax DLs on PS4,Purchased solely to binge watch RiffTrax and MST3000 digital downloads.  It did not disappoint.
1.0,Scam. See my video for proof!!!," The packaging says 64gb, the usb itself says 64gb but its actually 32gb. I lost my trust with sandisk. Never buy sandisk product again. My pc recognized my 64gb usb and 500gb external ssd so its not my pc."
4.0,Connector Does Not Stay Retracted,"I like that this USB drive has enough space to hold my entire music library. I have it attached to my car key, and I can play anything I want while in my car. The drawback is that although the USB connector is retractable, it has a flaw. The connector pops out by itself. It's too easy to push it back out of its sheath, and there's no locking mechanism. For that, I knocked out one star."
5.0,No hesitation necessary. Buy it now.,"Large capacity, high speed 3.0 transfer speed, backwards compatible. SanDisk is a name you can trust. No complaints."
1.0,HORRIBLE,"This Product worked for 1 day, now it want work again.  Can't even file a claim to return it.  No option to return for a new non-defective one. So I wasted $70. NOT HAPPY"
3.0,"It works, just slower and feels cheap",The Drive shipped out and arrived late with Amazon super fast shipping.
4.0,Flimsy Shell...but...,"It works. I am surprised how flimsy the shell is being a SanDisk product .  I could break the case if I squeezed it hard enough between my fingers. Then again, it only cost around $13.00. The slide function does work smoothly.  I have not and probably never will check the read/write speeds. Just as long as it's faster then 2.0. am good."
4.0,Reliable Flash drive. Speeds could be better.,"No complaints about reliabilty. Used it every day for close to 6 months without any issues. Speed transfer from PC to flash drive could be faster, but I’ll sacrifice speed if it continues to remain reliable."
5.0,Fast and durable,Use this USB drive to store my game capture videos from my xbox one. Does exactly what I need it to do and storing videos and moving them back and forth daily to and from this drive and it has held up for a month or so. Will update if this changes.
1.0,Failed after less than 5 months,"I was using my 128Gb flash memory and suddenly everything started going very slow. After rebooting the computer and trying the flash drive in another computer, I realized the flash drive was failing so I started to copy everything off the drive so I wouldn't loose any data. It took 2 full days running 24/7 at 704 KB/sec to copy 83GB off the flash drive. Fortunately I did get everything off the drive. I am done using flash drives because of the limited number of write cycles. Until there is a replacement for the flash memory that doesn't have a write cycle limit I will use external hard drives. They are not as convenient and can also fail but I feel they will be better than a flash drive."
5.0,Works wonderfully,"Just what I need to backup important files when my computer had a conniption and I had to start back over - lot programs that i had installed after upgrading to Windows 10, and though I had saved multiple files to turn the clock back to, my computer could only find the major update to Win 10 instead of the latest backup file. I kept two - one on a RWDVD and the other in the backup drive on my computer."
5.0,Solid Flash Drive Choice,Bought this since from my research this came to be the fastest (at the time) flash drive available. I wanted a new flash drive to keep my windows install on.
2.0,"If you need to to bounce back and forth between 2.0 and 3.0 ports, find another solution.","Works fast with a USB 3.0 connection but use with a 2.0 connection then be prepared to grab a cup of coffee, take a nap, binge watch Game of Thrones, what ever.  2.0 performance (reading and writing) is considerably and significantly slower than what the 2.0 spec says is possible.  If all you have are 3.0 ports then you will be satisfied but if you need to to bounce back and forth between 2.0 and 3.0 ports, find another solution."
5.0,"SUPER-FAST SHIPMENT, Good Product, As Described","SUPER-FAST SHIPPING:  Good product which appears to be work as intended, as described.  Family members who uses such adds that only time will tell regarding durability.  Have purchased this brand (SanDisk) before with no problems to date. The shipping time was excellent:  recall ordered one evening and received the next day."
5.0,"Fast, retractable, high quality","Best flash drive I’ve ever had. I’ve been using it for professional reasons, it’s extremely fast, and has a retractable feature that I love! Light in weight and easier to see around your home compared to other brands."
4.0,Fast drive and good replacement service,"Giving this a 4 * due to my customer service experience.  I had this drive fail after only a few months, so this is why 4 * and not 5 *.  SanDisk customer service was great though.  I just had to take a picture of the device and the serial # and model # and email it in.  I had to send my old one back.  No issues and was replaced quickly."
5.0,Speedy,"After fooling around with several bargain bin thumb drives I bought for next to nothing, then using this SanDisk Ultradrive as a means to transfer a lot of files for a project, I realized how much time I'd wasted with the cheap drives. With the SanDisk drive I simply got the project done. The first time. If your time is valuable to you, spend a little more for the SanDisk."
5.0,"Transfers video files fast, and access to them is quick!","This SanDisk Ultra USB 3.0 Flash Drive works like a charm and is fast!  I was able to download and transfer videos which were stored on my laptop faster than then I transferred videos to my standard USB 2.0 drives. There was hardly any wait time while for a folder with 30 videos. No is no delay when I access and play a video from the drive.  There is a space on the back of the drive where I can label the video.  So, it performs was i hoped, appears to be of good quality and I would purchase this again."
2.0,exceeding by far the best speed of the CZ48,I used this SanDisk CZ$* 128GB USB 3.0 Flash Memory Drive to backup a Image file of 1.3GB and it started with a writing speed of 11.X MB/s and ended up around 15MB/s with an average around the 12MB/s.
5.0,"- it tends to slide out a little too easily, allowing it to pop out sometimes when you ...",Likes:
5.0,Rest assured that this is a fast and sturdy USB for daily use,"I've been stuck with USB 2.0 flash drives that write so slowly it makes me want to punch a wall or USB 3.0 drives that read really really fast but are incredibly slow to write. Rest assured that this is a fast and sturdy USB for daily use. Write rate is about 2.5 GB every minute for large files, meaning you can fill the entire drive in under 30 minutes. Take that USB 2.0!"
5.0,It didn't work at 100MB/s but that's okay. It ...,"It didn't work at 100MB/s but that's okay. It was an arduous task that I wanted it to do. It did that and verified that it completed the task of ""archiving"" 85GB of information in very little time in the scheme of things.. One drive, one task. Think I'll but another, only 256GB, to do the choir of daily backups. Oh, and if it matters this is my first experience with a flash drive. Impressive."
4.0,Pretty good; You get what you paid for.,Overview-
3.0,and that one had a much better mechanism. Too bad I cannot use it as ...,"I think the locking mechanism that is supposed to keep the drive retracted is broken, so the ring of the keychain keeps pushing the drive out. I used to have a 4 GB SanDisk keychain, and that one had a much better mechanism. Too bad I cannot use it as a keychain, and I have to dig into my backpack, then into my pencil case every time I have to submit an assignment or transfer some documents :/"
5.0,Best in class for this price range,"I did not do a speed test on this drive since so many others have already done so, but it was very fast in comparison to previous USB generations and slightly faster than the silicone power 3.0 drive.I purchased this item and the silicone power because I needed a couple 3.0 drives, and I would say that I like this one better. This one is twice as thick, about 30% wider, and about 15% longer than the silicone power, but it just works on every device I plug it into without any hiccups. I can even plug it directly into my LG plasma TV with no issues, whereas I never could get the silicone power to work at all in the TV. Five stars since I have not been able to find a single flaw in build quality, operation, or use after several months of continued usage."
3.0,ONLY 32 GB ON THUMBDRIVES,"I bought two of these.  Both on the outside of the thumb drive say they are 128gb, however I just recently noticed while trying to save movies that both of these thumb drives are only 32GB...  I am pretty irritated."
5.0,A decent SD card,Just finally is a Micro SD card that works. I like just asked d card. It works it doesn't bog out on you. I like the fact that it comes with a adapter so I can plug it in with to the regular SD card slot. It's easy to unwrap. I can just tear the wrapping open and get the card and adapter out. And it's affordable and I like this brand.
1.0,"Worked for a year, now needs frequent reinsertion to function (several times a week)","Worked for a year, then needed frequent reinsertion to function (several times a week)  As can be seen from other reviews, this seems to occur with this device very frequently, sometimes soon after purchase.  I have several SanDisk thumb drives and this has occurred with only this drive.  Nevertheless I am unhappy about having to replace the drive at a little over a year."
2.0,"DOESN'T WORK IN A 3.0 HUB - GETS VERY HOT WITHIN SECONDS OF BEING INSERTED, NOT EVEN WORKING!","Doesn't work in a 3.0 USB hub. Gets VERY HOT just being inserted in, not even working at reading or writing. NO RETURNS on this item! TOTALLY DISSAPPOINTED WITH SanDisk...will never buy SanDisk thumb drives again."
3.0,It works but gets hot for no reason.,"I formatted the drive and that was it. I went to pull it out and damn that badboy was hot. only thing I noticed that I didn't like. I could careless about the speed as long as it works for a long time. being that it heats up like that, im sure it will die fast. I have a sandisk from the begging of thumb drives, 1gb. this is still running strong,no lie."
2.0,Write speed stinks,"I wanted a few cheap, reliable USB drives to keep around the house. Sometimes grandma and grandpa come to visit and I want to be able to send them home with pictures and videos of the kids.  I was disappointed in the write speed using a USB 3.0 port.  My write speed topped out around 11 MB/sec, which is about what I expect from USB 2.0.  This was true transferring smaller photo (2-3 MB) files and also larger video files (>1GB)."
3.0,Faster than the SDCZ73-016G-G46,"I bought this and the ""faster"" SanDisk Ultra Flair USB 3.0 16GB (SDCZ73-016G-G46). This one actually outperforms the other consistently but not as advertised. I get about 27-30 MB/s write, the ""faster"" one averaging about 20-23 MB/s for the same files and at twice the price. I tested multiple different USB ports with the same results."
5.0,Great Product!,"It supports very fast data transfer and has tremendous capacity.  I was disappointed, however, that none of my Windows computers will permit writing an image system backup to this kind of drive.  I thought I might find a workaround but I never did.  The drive I received works flawlessly, however!"
1.0,With all my testing the BEST I got was 31MB reads and 16 to 18MB ...,"Yes it works, BUT it does not work as advertised. I am thinking of getting a refund. This product does NOT get any of the the results as advertised on any test. My system will copy from SATA drives at a speed of 400MB per seconds or faster. My USB's 4TB drives get a speed of about 65MB per second writes. This Flash drive is as slow as it price. With all my testing the BEST I got was 31MB reads and 16 to 18MB write on the first GIGAbyte then drop off to 6.5 and down as slow as 4.5MB per second. This is a POOR ULTRA SLOW device, it is not worth the $61.00  I payed for it as after typing this I do believe I am going to request a refund to get a real ULTRA FAST device."
5.0,"Fast, roomy, and extra security. Bought a second one!","This is a great flash drive. Very fast as advertised. Doesn't have a light indicator like some others do, but really not missing that. Ordered one for home a month after getting one for work and using it daily. The on board ""vault"" feature is an added bonus to lock up your private files with a password, in case it is ever lost or misplaced or just borrowed by someone to transfer files. Highly recommended."
