ratings,rev_head,revs
1.0,DO NOT REFORMAT - SUBJECT TO GRIDLOCK,"These may work fine for run of the mill laptop work, but they are a piece of junk for any other use."
4.0,SanDisk still know how to make a quality product,"80G in a ten pack of 8G thumbdrives and SanDisk knows what they are doing when it comes to this product. Been using them for years (yeah, back when they were measured in megabytes and not many of those) and these are light, compact and work extremely well, BUT... why in the world would they ever think that TEN disks only require FIVE lanyards. You guys need to headbutt your marketing people... or get someone with a math background in that department. This product could be 5-Star if someone could figure out that TEN goes into TEN evenly and better than FIVE goes into it."
5.0,Good little flash drives!,These little flash drives were purchased to use as stocking stuffers for my older grandchildren and I was not disappointed. ( the kids were happy as well). The flash drives work well and the little straps are very useful to help the kids keep up with the flash drive. I just wish there had been a strap for each one.
4.0,I backed up Powerpoint lectures and Videos,"I read a lot of bad reviews, but I need cheap flash drives 8-16 GB to give out copies of research materials, Powerpoint lectures, and microscopy videos. Yes these seem cheaply made  (Isn't plastic cheap? Why would any manufacturer skimp on the plastic shell? But they did.)"
5.0,"solid, good design, reliable",8G thumbstick.  I've ordered around 40 of these (4/8/16GB) and haven't had any issues.
5.0,They work great. I use them for live Linux operating systems,"They work great.  I use them for live Linux operating systems, recovery images and general use, among other things."
1.0,Avoide due to cheap build quality,"Sandisk is generally a name you can trust but these drives are pure plastic and paper thin. I have no confidence in these thumb drives holding up for typical use. The life of a thumb drive can be a brutal one. They wind up at the bottom of bags, stacked under books and paper, dropped and plugged/unplugged hundreds of times. The USB connection port on these isn't metal. It's paper thin plastic. AVOID. Sandisk should be ashamed of themselves for using such cheap thin plastic."
5.0,"Solid and reliable, bulk pack is great.","10 out of 10 of these perform exceptionally well.  For me they're used primarily to give my wife's customers a ""hard copy"" of their photos.  I haven't stress-tested these, but I am confident that they are solid.  We will keep buying these in the future!"
5.0,Happy with the Ten Pack!,I was happy to find a 10-pack of individually packaged SanDisk thumb drives for teen gifts. Reliable quality and large capacity is important. Great price.
5.0,Hard to beat the price/capacity,Noticeable faster than a lot of other drives at the same price range; still relatively slow.  Great value for the price/capacity.  The plastic cowling is a bit more forgiving [maintains shape] than the metal ones for regular use (in and out of pants pocket all day).
5.0,"solid, good design, reliable",16G thumbstick.  I've ordered around 40 of these (4/8/16GB) and haven't had any issues.
5.0,"We actually needed the smaller size, great buy in bulk!","While most people are searching out the biggest capacity drives for the lowest price, we actually need the smaller size (due to constraints of older electronic devices). Nice to find them at a good price - and in bulk. Good buy on a bulk set of thumb drives, but they could keep the hokey little lanyards..."
5.0,Work great but they are small,"Work great but they are small! I thought these were going to be a little bigger in size (physically) but they are quite small. I would say an inch, or inch and half in length. Nonetheless, they work great!"
5.0,Great value for the money,"If you need a cheap dependable USB drives for boot disks or just some misc files, these are what you want. I created boot disks with these to replace most of my DVDs I had built up. I know the 128gb drives are out and reasonably priced now, but did not want to spend and waste money for something I did not need. Also gave the kids a couple to take to school to use for file transfers, and if they lose them, no a major deal, they are a great price."
5.0,Inexpensive but good,"We purchased 20 of these to help us with a rollout of Chromebooks. Small, lightweight, plastic, best price we could find for a good name brand flash drive. All functioned perfectly. They are very small, which is what we wanted. After the rollout we re-imaged them and are using them now for other purposes. Recommended."
5.0,Zero failures.  I had many cheaper one fail but none were sandisk.,My work requires to send data by these usb thumb drives.  They are not fast but very reliable.  I had many usb drive failures and none of these have failed me yet.
5.0,Great purchase for the price!,Always a great purchase.  I've been buying these usb drives for years (I'm a mac user) and always happy with them.
5.0,"Great value for the capacity, great quality (no defective units)","I haven't had any issues with this brand of USB thumb drives. My previous order was a pack of 10 4GB, which cost me more! As I load files on this to give to clients, I thought I would give my clients the benefit of more space for them to use. Note the the size and shape of these thumb drives requires a good grip to insert and pull out of USB slots. Regardless, I would recommend for assured quality and value price (as prices have dropped since I started buying this brand a year ago)."
5.0,The best thing for me is that,"The best thing for me is that, even this is advertice like a pack of 10, each one comes in its own package. I wasn't expecting that and I actually like it more because I'll not be using them all at once. Quality as expected."
5.0,Really happy with these thumb drives.,"Really happy with these thumb drives.  Like the small foot print, but big capacity.  ScanDisk is a dependable brand.  Glad to have lanyards with them."
5.0,Excellent product,"As a photographer, I am always needing good deals on thumb drives for my clients pictures! This is a great product and is easy to use, for me and my client!"
5.0,Wonderful price!,"I got these for Christmas ""stocking stuffers"" for adults and they were a big hit!"
5.0,Just what I needed,"I'm forever hunting for a flash drive. With this ten-pack, I'll be good for a while."
5.0,Review: macOS Compatible USB Installer,One of the USB drives recommended at GixxerPC is this SanDisk drive so I picked it up to install macOS on a PC and it works great.
5.0,These were economical and good for my purpose since the drives won't be used ...,"I scanned a lot of old family photographs, and I wanted to share the scans with my six siblings.  I was able to give each sibling a USB drive with the scans.  These were economical and good for my purpose since the drives won't be used every day, but will be stored for occasional use.  I bought one ten pack and wound up buying another ten pack for more relatives!"
5.0,Can't go wrong with these.,Kind of a commodity these days but these work great!
5.0,They all work,"They all work.  Interesting that 16gb is now cheaper than 8gb.  I like the slim form factor, suitable for snail mail."
5.0,Work well for storing digital magazines,These all worked great for storing magazine editions for long term archiving. Wanted all those BIG files off the computers and these drives were good for that project.
5.0,Good Product and a great price!,These work perfectly. I appreciate having the little straps to hook on them. These have helped by keeping projects on separate drives so I can share with others if there is a need. These are less likely to be damaged as the microSD cards I had been using. SanDisk products have always served me well.
2.0,"Worked OK for a couple of days, then multiple failures (updated)","It's hard to go wrong with SanDisk products.  Yet with their reputation, these have some issues.  I wasn't quite able to figure out a pattern, but they didn't work in every system I plugged them into yet other USB sticks worked in 100% of the systems I tried."
5.0,Perfect for limited-use data transfers,"These were exactly what I was looking for. My colleague and I were giving a workshop and wanted to provide our attendees with jump drives with workshop materials on them. In the past, we have had trouble finding jump drives within our budget. These are very basic and not particularly sturdy, but ideal for transferring documents from one person to another. Furthermore, they were shipped immediately and we received the order within a few days. I hope to find such a deal for our next workshop."
5.0,great,We use these all the time. The last and the free sandisk encryption software is great. Although the little tiny lanyards they com with are fairly useless.
5.0,Perfect,"They work great (all of them), and they're smaller than most that you find at the store. Big flashdrives get in the way. These are great!"
5.0,Happy with purchase,"I find it very convenient to have many spare thumb drives lying around.  Sorta like the dark ages when we had stacks of floppies.  These have been reliable for me.  I've used them to transfer files between computers, install live media for installation (in lieu of using CDs) and to boot and run one system from as a flash drive."
5.0,Worked great for video files,Purchased these for distributing a series of video files for a work project.  Space was plenty big for the files and all of them worked correctly.  Why they do at all come with the strap is kind of silly.  Had to buy extra straps separately.
5.0,Great Buy!,Perfect!
5.0,Perfect,"These are great little USB's that I use to keep portable software and files on. Each one comes with a ""secure locking file"" that prevents someone from viewing stuff you want to hide."
5.0,"Fast, reliable and durable! Lots of space.","Super slim, little lanyards and 8 gigs of space. I wish they didn't come with Sandisk's software on them, but and easy FORMAT and they are all mine!"
5.0,Good value for a good product,"Good product, good price. All 10 worked as expected."
4.0,great drives,"the connectors are all plastic instead of a standard metal usb connector, so they are not as robust, but as long as you're not shoving things in willy-nilly, they work great"
4.0,Works well,Worked as expected
4.0,They work as promised,"Each one comes on a little card that you must carefully peel it out of. They are quite tiny with no cover for the plug end. I put two on each lanyard since there are only enough lanyards for half of them. They work well for backup storage, but seem a little fragile to carry with other things in your pocket."
5.0,I would buy these again,Great design. Reliable and affordable thumb drives.
4.0,Why only 5 when there are 10 USB sticks!,I love this package deal which includes USB stick and lanyards. Need to have some Linux distros on some USB sticks this fit the bill. The only issue I have is that they only packaged 5 lanyards when 10 would have pushed a perfect score.
5.0,These have worked good. I will continue with this brand.,I've written here before about these devices.
5.0,A little bit of memory.....,"I use these to deliver pictures to clients.  So far, they have worked perfectly."
5.0,Value,Excellent value for name brand memory.
5.0,Best product for the price,Best product for the price! Searched for bulk items like this at Walmart and Best Buy and couldn't find a better deal.
5.0,Five Stars,Everything as describe by the seller.
5.0,"These are super compact, but do come with a lanyard that ...","These are super compact, but do come with a lanyard that says something about stromboli (the seller)...not my top choice. Works well otherwise."
4.0,Work fine.,"Great little thumb drives.  I've bought a few packs and give the drives out with instructional videos on them.  (I don't use the Stromboli lanyards, though.)  No complaints from students yet."
5.0,Five Stars,ok
5.0,Good Value,"Purchased 20 of them, went through a pack of 10 so far without issue. Seem to write as quickly as my other more expensive drives."
5.0,Five Stars,These are great! They load up fast and work great!
4.0,I would buy these again.,Great price for functional flash drives. Only criticism (small) is that there is no activity LED to show when it is active. I would buy these again. Sharp looking and lanyard is a bonus.
5.0,USB Thumbdrives are the new floppy drives of computer world ...,"USB Thumbdrives are the new floppy drives of computer world, if you work with computers you can never have enough of these things."
5.0,Did not have an issue with any of the flash ...,Did not have an issue with any of the flash drives. All of them worked as described and looked as pictured. The lanyards were handy too.
5.0,Five Stars,Nice price good product
5.0,Five Stars,as expected at a good price
5.0,They work great,Waited for a while to give these review.  Never used them before and am well pleased.
4.0,Every flash drive worked and was receptive to 6GB of ...,"Every flash drive worked and was receptive to 6GB of data I needed to upload.  Was able to play/access content from other computers with no trouble.  The 5 bands were kind of pointless to have....unless there were 5 more for a total of 10.  1 to each flash, but no matter.  Still skeptical about the openness/no cover of the drive (hopefully they will still work over time)."
5.0,Five Stars,GREAT FOR LOADING JUST ONE CD ALBUM
5.0,Getting expensive...,They work great but every time I order they get more expensive! I used to pay $40 for this pack
5.0,We use these at work - our field staff record ...,We use these at work - our field staff record maps of farm fields to transfer to our office system. The Cruzer blades are their favorites due to their compact size and secure connection. Some larger ones work their way out of the computers.
3.0,"Okay, but you get what you pay for",Great deal for a 10 pack.  Only two compliants - 1) it only comes with 5 cords instead of 10 and 2) you really do get what you pay for.  These feel very cheaply made.  They do what they were intended to do but feel like they could break very easily.
5.0,Five Stars,ok
5.0,Just Right for Windows Recovery Drives,"These are large enough to use for Windows 10 recovery drives, and cheap enough to throw in the fire safe on a regular basis."
5.0,Use a lot of these.,Order these a lot. Always arrives when promised and no complaints otherwise.
5.0,Five Stars,good
4.0,They work well.,"Small, but they work well. Had no problems. Used them to send tons of photos to relatives. The wrist straps are too small, but not needed by us they that is really a non-issue."
5.0,"oops, my bad",I wrote a previous review for this product which was incorrect;  the 8 GB flash drives work as advertised;  the issue was with my system;
4.0,"Great price, all worked great","Great deal. A little bit flimsy. But, none have broken yet. So maybe its not really an issue."
5.0,Five Stars,Works very well.
5.0,Good and Inexpensive,These arrived quick and work as expected
5.0,Good quality,never had a problem with these.  Use a couple hundred a year.
5.0,Five Stars,Worked well
5.0,Five Stars,Received as expected.
5.0,... worked perfectly and the added wrist strap was a great bonus. They are very light weight and perfect ...,All of them worked perfectly and the added wrist strap was a great bonus. They are very light weight and perfect to throw on your key chain or backpack.
5.0,Just what I needed,Not a bad one in the pack. They meet my expectations and I would purchse them again.
5.0,Five Stars,excellent product at great price.
4.0,Four Stars,"The feel of these is thin plastic, hard to plug into computer."
5.0,"As a photographer, love them!","these are great for giving photos to friends, fsmily, clients"
5.0,Five Stars,"These are the best, Use them all the time."
3.0,I don't like the fact that the lanyards are an advertisement for ...,"I don't like the fact that the lanyards are an advertisement for someone else's business, so I threw them away. The jump drives are fine, but they are a very cheap plastic. They work well, and I have had no problems with them, but they are not what I expected from the SanDisk brand. I'll definitely be spending more for nicer jump drives next time."
5.0,Sandisk Cruzer Flash drives.,Sandisk.  The only brand name that I buy.  I am a professional photographer and use tons of these for my clients. . . they always work .. . period.
4.0,Four Stars,Ok
5.0,Excellent value,Great product and an excellent value.
5.0,outstanding thumb drives,"i use these as install drives and as simple ""sneaker-net"" data transfer drives. the are simply affordable and perform magnificently."
5.0,Jump Drive,Product appears to be a good quality product that is well made.  I would recommend this product to others who have need for this type of equipment.
5.0,Five Stars,Everything was handled well and the product was as advertised.
4.0,great purchase,"these thumb drives work really well for our people to download videos from their in car cameras. We then store them as potential ""evidence"" should they be needed in the future."
5.0,Tiny but does its job!,I am a photographer and I use these to give the digital files to my clients...its small and does its job!
5.0,Five Stars,This product meets our business needs.
5.0,Five Stars,This product meets our business needs.
5.0,Of course the product is great.,What can you say? It's Scandisk. Of course the product is great.
5.0,usbs,"These are great little usbs, especially with the lanyards so you don't loose them. The only thing I may be worried about is that they are open and do not close at all."
5.0,decent value,Good price
5.0,Does the job,"Small, no led light. Works fine."
5.0,good thumb drives,they worked very well
4.0,Four Stars,"Great price, fast shipping.  Easily lost."
5.0,great product,"product was as advertized, on time, and in excellent condition.  hav been given these to grandchildren which being in college has been a great help."
5.0,Great deal. Pls note write speed is slow,"Great deal.  Pls note write speed is slow, but best deal I found."
4.0,Very Nice,work great
5.0,Five Stars,High quality with the ability to secure files In the event that your drive is misplaced.
5.0,Good choice,"I wanted a package of several thumb drives.  4GB drives wouldn've sufficed, but I have used these before and like the shape and size of them."
4.0,Four Stars,It service our purpose.
4.0,"capacity is great, compact size","Pluses:  capacity is great, compact size.  Minuses:  No protection of exposed end."
5.0,Five Stars,Great Product Will Shop Again
5.0,Five Stars,Love!
5.0,Works Great!!,I bought these to put music on to listen to in my truck. Works Great !!!
4.0,Good,Good
5.0,Great value with super fast delivery,Great multiple set if you have multiple file categories that aren't too large.
4.0,Four Stars,There are not enough lanyards for the number of flash drives.  Come on!
5.0,Great bundle deal!,Great bundle deal if you need a bunch of thumb drives!
5.0,Five Stars,These are great and a great price
5.0,Five Stars,used for recent family gathering to mail out to specific members.
5.0,good product,I've used all 10 and so far they work as described.
5.0,Best Thumb Drive,Best overall price for thumb drives and lanyards. Hard to beat this value.
5.0,Supper product!,Would have like Stromboli as well.
5.0,Works as advertised!,Have ordered several times with no problems.
5.0,Perfect,Just what I wanted!
5.0,When I run across a good deal I get it,"When I run across a good deal I get it, and this qualifies.  The devices work wonderfully and are the right size for many of my needs."
5.0,Nice and good price if you just want to hand ...,Nice and good price if you just want to hand out the USB knowing that they will not return it!!! Or for school kids that lose them like a candy.
5.0,flashdrives,works good best for price good for giveaways
5.0,Five Stars,All memory sticks worked fine and are a t a good price.
5.0,great price,worked as described at a great price
5.0,They work.,"So far, these are working just fine. Quick transfer and few complaints."
5.0,Five Stars,Got them for my brother for christmas he loves them.
5.0,Five Stars,Perfect! Used these for a family reunion presentation to give the video and pictures to family members.
5.0,Great Drives,Great drives.  Came on time and work well.
5.0,Great to give as gifts!,"I bought these to give to my coworkers as grab gifts, they were a big hit!"
5.0,Excellent,"These really work nicely, have had no problems with them and they are really a bargain!!  Will buy more in the future."
5.0,Five Stars,Great product
5.0,Five Stars,excellent
5.0,Five Stars,received and left good
5.0,Five Stars,Quality product
5.0,Five Stars,Excellent!
5.0,Five Stars,works well
5.0,8GB Flash Drive,8 GB Flash Drive on blister pack - very good quality with affordable prices.  Cheapest in market to sell in retail business.
5.0,Five Stars,It's very good
