ratings,rev_head,revs
5.0,SanDisk 32G Type 10 Memory works great.,"I use these 32G Micro SD cards with SD adapters all the time with my cameras, phones, 3D printers.  I also have used SanDisk SD and micro SD cards all the way up to 400G.  I've never had a single failure from SanDisk.  They are exceptional memory modules.  The worst brand I've tried is PNY which almost always fail before a year has gone by.  So yes you will pay a little more for these than you will for the cheaper brands.  But I can tell you that these will last you longer and have less errors than the cheap brands.  These modules are type 10 speed and are well suited to cameras, cell phones, extra PC or laptop or tablet storage.  While the actual cards here are micro SD cards, having the adapters that come with these allows you to  use them in slots that accept either standard SD or micro SD.  The SanDisk brand is one of the better memory brands currently being made.  So spend a little more for these and you'll likely be using them years from now."
5.0,SanDisk high quality product,"We bought the two pack because my husband and I wanted one for each phone.  I will note that it came as two single packs wrapped together in a white plastic envelope and then shipped in another bubble wrap envelope.  Each one has it's own adapter.  These are great for putting your photos and videos on to save room on your phone and then you can use the adapter to put them on your laptop, PC or printer.  I was hoping they would come with a hard storage case like some do, but these don't.  After putting mine in my phone and turning my phone back on, it showed that I have the micro SD card to use.  On the package it says there is an app you can use and it is called SanDisk Memory Zone App.  These are made in China.  The package states they are water proof, temperature proof, shock proof and x-ray proof.  They have a 10 year warranty."
5.0,"Great product, Even Better Customer Support",This item arrived with one of the two “adapters” NOT working.  The two micro SD memory cards worked perfectly.  It was just the one adapter that was defective.  This surprised me.  I have had always had great luck with the many  “SanDisk” products I am now using.
1.0,counterfeit cards,"When I tried to use the cards they would get errors, I ran h2testw, and the card got errors, it kept saying card 57 GB and would not format in 32 GB. Could be the seller didn't know this. These cards are not in the original blister packaging. when ordering sd cards, run the test to verify they are not counterfeit"
5.0,The two Sandisk MicroSd ultras came in excellent shape and on time,"The two Sandisk MicroSd ultras came in excellent shape and on time.  The packaging was appropriate for the product.  I have placed the MicroSDs in two tablets and they are working perfectly.  Thus far, I would have to say this is an excellent product and works very well."
1.0,Defective,"Bought this micro-SD for our security cameras but unfortunately the other one is working and the other one was not, we tried to reformat it many times in the computer before inserting it in the security camera but it just kept on saying formatting not completed, and if you remove it from the computer with the adapter, it felt kinda hot to touch. The other one is defective and it just cost me more than save for a piece of a 32 GB micro-SD. Not really happy with it"
4.0,Best short term storage device for the $,"Arrived as expected. Fresh format, long, rename, etc. No viruses or failures. I used to like thumb drives, but I have moved towards the micro sd cards as of late (6-8 years now). I was 4 when the Apple IIGS hit the market and my parents bought two. One issue... They are so cheaply made that the gold is like atoms thin and the plastic seems spongey like semi porous 3D printed material. Don't get me wrong... I rely on these quite a bit, all devices said. I like the brand. They haven't failed me to this day in six years, but I still have my 64 mb Dell thumb drive that cost me $79.99 in 2004. It hasn't failed yet. Other thumb  drives have failed me in more than  one way in the following years since. All I'm saying is nothing is infallible and unless we make a leap forward in nano printing graphene film, this is the best product today for size, available space, value for dollar, etc... Just keep a backup of your backup on an ssd in a faraday cage if you want your data safe, or print it or burn it so you have a physical copy of it if it is that important to you!"
5.0,Reliable Memory at a Reasonable Price,"Stock up on microSDHC cards with adapters.  They are VERY Small. Some fit within the Adapter but others use the miniature card.  However, don't lose the Adapter. You'll need it if for whatever reason you may need to review it on a laptop or MAC.  Most ROKU's and other Streamers all take them to store the the initialization of Netflix or Hulu etc. and it loads much faster on whatever Streaming device you choose."
5.0,For the price it is worth and it is a reliable witness  for any event.,I use 32 GB Micro SD cards in my Dash Cameras. I choose 32 GB because most 1080P cameras accept 32 GB Memory Cards. The 32 GB SD card can be Formatted Fat 32 without downloading special soft ware.
5.0,Comes with USB also,"I didn’t realize it came with the usb to connect to the computer as well.  I was about to order one of those when I received my package. Got my package exactly on time, loved the cleant packaging it was in and that it came with the USB reader. No problems with them working"
5.0,Purchased these to put in our LG Cell phones to ...,Purchased these to put in our LG Cell phones to increase our storage and they work perfectly. Will be purchasing them again for other uses.
1.0,1 Not Formating,I bought these for my security camera and the format needed to be FAT and that was the existing format on the one card the other did not have a format? I tried formatting on the camera as well as on my computer and it says it is not detected and will not format at all. Like I said the other card is working fine... a half refund would be nice or a replacement card and id be happy to change the rating to 5 stars.
5.0,Good fit,Work like they should. I have put them in a few cameras around the house
1.0,Don't work in anything,"Yeah sorry, they just don't work. Plugged em into every device I have that can take em, and none of the devices register the card. Computer disk management utilities won't recognize the drives. Third party software won't either. Nothing can reformat them. The ones I got, at least, were duds."
5.0,Five Stars,Always dependable. Always reliable. Always accessible. For all your electronic devices.
1.0,product sucks and support from sandisk is worse,"failed to work and could not be reformatted, sandisk service was a joke as well!"
5.0,Good price and size,I was happy these came with the adapters. For almost the same price you can get them without and it is worth the extra money.
2.0,Hmm...,"We purchased two, put them in our security camera, few days checked to make sure they were working, only one of the cards work, took the one that was out put it back rest the camera to make sure and still nothing. The other one still works great but the other still not working"
1.0,THEY DON'T WORK!!!!!!!!!!!!!!!,"Seriously both of these crappy cards don't work... one did for a while and all of the sudden says corrupted. Tried reformatting it in several devices, 2 of which are brand new and these things are TOTAL JUNK.  Don't waste your time their quality control is HORRIBLE.  The second card won't work in anything.  We're pissed, the first card had lots of photos of our child on it before it decided to take a crap.  It seems these big tech jerks are forcing everyone to backup on their ""clouds"" so they have ALL of your information, photos, etc.  Corrupt end times, corrupt people ruling the masses."
5.0,Great for a Raspberry Pi and/or Drone,"These are nice little cards at a decent price.  I bought a couple of them to use in Raspberry Pis that I needed cards for.  At 32GB they're plenty of storage for the Raspberry OS, and have room to spare for the various projects and files that I host on the PI.  I've also used these in a little drone and they work great."
1.0,One won't even format; the other finally did but I am suspicious,"I bought the ""two pack"" to use for my new dashcam. One of the two will not format at all; I put it in the slot in my computer and it opens the dialog box but when I start the format, after a few seconds I get an error message that the format cannot be completed. The second one I was able to format and have installed in my dashcam. It was accepted by the camera without any error message but I  will see if it is actually functioning after I have used it a bit. Regardless, I find this unacceptable. I see that a number of other people have had one work and one not. Won't buy this again."
1.0,Amazon screws up. Again.,"One of the two cards won’t work, haven’t been able to contact any one to remedy the situation"
1.0,I bought 2 but only 1 works.,"I bought two cards, one works ok but the other one wont even read at all. I tried formatting it so many times and still wont work."
1.0,They won’t let you return them,Don’t need and can’t return..
4.0,Very happy to find exactly what I need at a reasonable ...,"Can't beat the price for two and the adapter, which actually doesn't need the ""big"" card, it will allow for the micro card to directly fit."
5.0,Great buy for the money,This product is a great deal.  I haven't used a gopro but this is no where near as expensive and appears to work just the same.  I plan on recording sports events and it will do the job.  After testing it looks like I get about 1 hour and 20 minutes out of a fully charged battery at 1080p 60fps.  I haven't used the 4k resolution yet but I imagine it will use more battery.  The item comes with 2 batteries.  You will need to purchase a microSD card to use the camera.
5.0,Fantastic Deal and Fantastic Find- Happy!!!,Great Product and Great deal. SanDisk double pack 32gb SD/TFF cards. I brought these to add additional space in my phones. One old phone that was to be sync with new phone. They both have minimal storage space. So this helps out a lot. I was always a SanDisk fan. So I am so happy to find and get this deal. Shipped super fast too and was extra happy about that. Great seller!
5.0,Works Great,"Bought them for my Dragon Touch 1080p Camera and they worked great so far, easily able to transfer the data to my laptop using the adapter within a reasonable amount of time. Came packaged  tightly and securely, no complaints here."
5.0,Not any questioned.  Most important please,Be a good safety Sandisk mircoSD 32GB.. Very good.. very fast speed. .very faster moving in SDcard for more photos and videos and mp4 are different full room and more.  It's giving more 5 stars.  I like more microSD 32GB for a very great  Thanks a lot of helpful protection..
4.0,Only 1 is working - not sure what caused the proble.,"The disks arrived timely and they appeared to perform fine until the device that I bought them for (security camera) swallowed one in its SD slot and ruined it.  I wish I could exchange the ruined one, but I'm not sure if it was the fault of the camera's SD slot or the SD itself that caused the problem."
5.0,"Works Great, Great Deal for the money too!","Great product, great price and super fast on a high speed camera, processes the pic so you can click another picture rather quickly.  Most are really slow and if you try out different Sandisks you will find some take forever to process, if you don't get the faster ones."
5.0,"Not much to say about these Sandisk cards, Ive ...","Not much to say about these Sandisk cards, Ive used them for many years on different formats, on different cameras without a single issue.I bought this pair to be used with a Gopro Hero 4 and so far, as expected, it is working as it should."
5.0,SANDISK now thats a quality name!,"I am a professional photographer. My cameras use CF & SD cards and Sandisk has always provided solid, reliable media. Now it's time to see how the micros hold up. Have already had a great experience with this company and no need to wonder! Great purchase PLUS you get a bonus reader. Super cool! Thanks guys!"
5.0,Tested - Good,"This card tested (as you can see) as real with a write speed of 20.7 MB/s and read of 76.8 MB/s, running an intel i7 8th gen processor.  The main thing is, that with all the fakes out there, (even sold on Amazon), SanDisk is still turning up reliable."
5.0,Faithful as a Good Dog,I am running out of things to say about these. We have never had a bad one out of the box. We have never had one go bad.
5.0,Everyone is happy,"I had relatives in town, they are older and had to keep deleting pics on their phones so that could take more pics.  I ordered these and placed into their phones and they were happy,  I was happy and then the real pic taken started."
5.0,Got both devices with full functionin capacity.,"These devices are working great, being 32gb's means they have 29.71gb of capacity to protect the card programming & actions. That's part of the reason I like the cards is because SanDisk protects users with the space available."
5.0,Works Great,I bought these cards for our dash cameras.  They performed like any other SD card should.  Sandisk has an app that you can download to your computer to format the card.  Formatting took a whopping 3 seconds to complete.
1.0,DEFECTIVE SD CARDS ON AMAZON ALERT!!!!,"FIRST I DO NOT BLAME FULLFILLMENT BY AMAZON FOR THE MANY CUSTOMER REVIEWS ABOUT THE DEFECTIVE SD CARDS, THESE WERE CHEAP SO I GAVE THEM SOME MONEY FOR THEM TO SEE IF I WOULD BE A LUCKY ONE. NO CIGAR!!!! THE CARDS DO NOT WORK, I THEN PURCHASED THEM AT A DRUG STORE AND THEY ARE FINE. I EMAILED AMAZON CUSTOMER SERVICE ABOUT THE REVIEWS THAT IN MY CASE ARE TRUE AS WELL."
5.0,Two Devices for the price of one,"I have run Sandisk in verious devices for many, many years now.  I used to rep their product as well.  I can say that I have had just one memory failure in decades.  Let's face it, it won't last forever.  I am always well pleased with their product."
5.0,Great SIM cards at a DEAL,"Bought these to go with my YI Home Cameras. They’re a MUST if you have security cameras. Bought the cameras with these to catch the thieves that stole and trashed my 2016 election yard signs. This next election I’ll have them on video, so I’ll be ready for them THIS time!!!"
5.0,Great case,I had no problem putting this case together.It is well made and fit my Rasberry Pi fine.
1.0,Not sure this is real,"I am using these for Raspberry pi zero w. One is working well so far, but one was overheating and literally broken. Can I get a half refund for this?"
5.0,My Scan Disk Experience,"I bought the disks for my wildlife cameras, however, they are not compatible due to the memory storage capacity.  My cameras will on work with the 32 GB disks. I am sorry still giving 5 stars for the product because they are great, just not with my cameras."
5.0,Works in LG stylo 3 fine. Package deal was worth the money,Works fine in my LG stylo 3. As soon as i turned my phone on after installing...the phone immediately recognized it . and it was good to go. didn't need to do any formatting or nothing.
5.0,Great storage solution for a great price.,My wife and I each got a Nook e-reader device that has the ability to add 32GB micro SD card for more storage. I needed two 32GB cards and I found the solution in one item. Got them quickly and once installed they both worked perfectly.
5.0,Work great,I like ScanDisk my personal opinion I think it is more reliable than Kingston from my experiences. I mostly use these 2 brands and ScanDisk hardly fail me. Work perfect for both my car desk cams.
5.0,Nice Option,"This format offers large storage and fast read/write times (faster read than write as always), and with the adapter the ability to use them in micro or standard SD applications."
5.0,Good Micro SC memory,"I purchased these to expand my storage on my Netatmo cameras I recently purchased.  They are working fine with no issues with the outdoor heat here in Tucson, AZ."
5.0,Good value and great quality.,Perfect solution for micro SD card that needs to be fornatted as FAT32 and is equal or less than 32GB.  I use these on programmed Eurorack Synth Modules for firmware updates and samples.
5.0,Worth the money.,Fast and works well in my Wyze cameras.
1.0,This memory card is too hot to handle,never got a chance to use the memory card. The minute I installed it into my security cam the memory card became so hot I couldn't even touch it... luckily didn't burn out the camera...
1.0,Cards failed after only months of use!,I would have given this card zero stars if I could. Both cards failed after only a few months. Both in my daughter's Samsung tablet and my LG tablet. SanDisk used to be a quality product.
5.0,I put these 2 in my old phone to record more in HD.,"I have 2 512GB in my current phone and I can record in 1080p or 4K up to several hours, but my other phone has a better camera on it, so I extended the record time from 25m to 120m."
5.0,Great cards for use in Wyze security cameras!,"I am using these cards in my Wyze security cameras, and both are working great! I have had no issues with them yet, even though they are being recorded to 24/7!"
5.0,These improve the performance of a Raspberry Pi,"I was using a 4 performance chip on a Raspberry Pi and seeing a lot of errors.  I switched to these, the errors went a way and performance increased dramatically."
5.0,Great value and product!,Great value 2 pack. Was exactly what I needed and works great! Will buy again if I need another. I bought one for my tablet and one for my phone.
5.0,Good price for the duo of SD cards.,This was a good price for the set of two SD cards.  I have one in a home camera in front of my house and one in a point and shoot camera and these cards are doing well in both.
2.0,Slow Memory,"Although labeled as UHS, when I formatted it in my Moto 5G for use as internal memory, the Android format utility reported that this memory was ""slow"" and could result in ""Apps Stuttering"".  Buyer beware."
5.0,Brand You Trust for Data,It is the cheapest price I ever found online and this product does not need to be reviewed as Sandisk itself a class in the memory category.
5.0,"Fast delivery, product as expected.","We needed 32GB micro SD cards for our Wyze cameras. These fit the bill. Delivery was fast, retail packaging looked fine, nothing wrong."
5.0,Sandisk is it!,"Have never had or heard of a Sandisk card failure. These can be used on my phone or cameras, with adaptors. Reliable and inexpensive!"
5.0,Works great in my raspberrypi,I have been using a cheaper no name brand.  The high capacity 32 GB just don't seem to work as good as these.  Worked out of the box and as expected unlike the others.
3.0,Roughly 14.5 MB/s write speed.,"Roughly 14.5MB/s write speed so pretty slow. Good for non-4K storage like car-cam, cheap video camera because it's cheap."
1.0,Rejected,Does not work in any electronic that I put it in. Its rejected by everyone
5.0,SO SMALL SO MUCH SPACE,"If I could have organized my living-space like SanDisk organizes data storage, I could fit 14,000 songs into two rooms."
5.0,Lots of Storage and Great reliability,SanDisk makes excellent products. These MicroSD cards live up to expectations. I'm fully satisfied with this purchase.
5.0,Juat what I needed,Needed extra space and i got 2 for the price of 1 if i woukd have went to office depot or walmart. No errors or issues from device so far. My phone runs better with the extra room too.
5.0,Worked exactly as needed,"I use these in two applications.  One is a Garmin GPS, and the other is a velocity tester.  They worked perfectly in both."
5.0,At the usual limit,Never a problem with name brands. Most devices can use larger sizes but over 32 they require special formatting.
5.0,Works well. But...,I wish it had come with a plastic case to protect the adapter and the chip when not in use. Luckily I re-purposed an old mint tin to house it.
5.0,Works Very Well and is Fast Enough for My Needs,Each micro SD chip was put into a Smartphone as a place to store music and pictures. They work flawlessly as SanDisk products always do.
5.0,Great value,"I'm using these for my dashcams, and they seem to work just fine.  I always keep a spare in the car, just in case I need to save any files to my computer."
5.0,Stores video fine,I use these primarily for my dash camera. They also work in my Samsung Galaxy S8 to store media content
4.0,Get the best speed possible for the application.,Bought these for my drone but I keep getting the warning that the memory is too slow and may affect the video capabilities.
5.0,Great cards and best value I found,"I knew what I needed and shopped around for the best price.  I got these fast, they work great and were a lot less money here than anywhere else I found."
5.0,A good quality MicroSD card,"I use them in my Game Cam, Digital Photo Display and my Phone."
5.0,I trust the name,Does exactly what it is supposed to do. I do not regret this purchase at all and will purchase again.
5.0,High Quality Micros with a surprising BONUS reader - Wise purchase decision,"First, yes the price isn't the cheapest. Second, Sandisk is a top notch brand and worth a little more. So those two things in my mind were a trade off when comparing the cheaper brands. I really didn't need USB reader. Just another device to misplace and honestly I really didn't think I'd ever use it. Well, I was wrong about the USB reader. No need for the standard sized SD adapter any more. The micro plugs directly in to the reader. Very nice! The SD cards are, as expected, both working and dependable. I'd recommend this as a good purchase no matter what the intended use. I'll have the reader in my computer bag ready at hand and won't have to have an adapter."
5.0,Item as advertised,Always nice to have a few blank new memory cards around for camera and music good quality and price
5.0,Works great,"These are good micro sd, they fit in the case just fine, have had no trouble reading them on any computer."
5.0,good price and quick shipping,I have used these before but mine were old  they died. I kept one in my Garmin GPS and it uses on to record the road. I think  heat killed them. Now it works perfect and I keep it out of the window unless I am using it
5.0,I Went Christmas Shopping in July....,and needed these micro cards for some very special gifts. I love this brand. It's always reliable. Fast shipping.
5.0,Good product,Great product ! works as expected every time.
5.0,Best value per gig,"Kingston has been a reliable brand for years.  Although just got these and used them sparingly, they work fine"
5.0,Gor my Lowrance Units,Needed some micro SD cards for my lowrance units and I've always been pleased with SanDisk.
4.0,Great pair of micro SD cards.,Purchased these micro SD cards for my home security system. They are more then  adequate to record events and save them if the need arises.
5.0,Yes Please!,One went in my fake gopro and one for my fpv dvr. HD 1080p recording is smooth like butter and cream. I will buy more when needed.
5.0,Five Stars,Good.
5.0,Inexpensive and works well,"Nothing special but product arrived as described. I wouldn’t use these for anything high quality or professional but for my cousins gopro cameras I gave them, these were a no brainer."
5.0,Nice small compact adapter.,The cards were as expected. I actually liked the USB adapter the most.
5.0,Five Stars,Buy this for my car cameras very good WORK  memory well
5.0,32gb,I use it for my H2 Hummer
5.0,Perfect for the Kindle and Camera,I ordered these for one son’s Kindle Fire and the other’s Olympus camera. Work great!
5.0,32 gig micro sd cards,"You can put these in a device that will accept micro SD cards and you can store data, pictures and stuff on them, good brand too."
4.0,Storage is necessary,Arrived on time....it was for a friend so now she is happy to store more pics
5.0,MicroSD Card,This is a great device to add storage to either your phone or tablet; even camera.  Holds a lot of pictures and anything else you want to add storage to.
4.0,Flash memory,"When you need some flash memory, get these. Inexpensive, fast and reliable."
3.0,Half good,One was broken. Didnt bother going through the return process. Other one worked fine.
5.0,Useable,Good buy. Threw them into 4k recorders no problems and good amount of space.
5.0,"Perfect product, at a great price","Arrived in perfect condition, new. Using it now. Will buy from them again."
5.0,Great price as,No issues when I use them in my Go Pro Hero 4. Great price as well.
5.0,Plug and use.,This is a great product and a fantastic price
3.0,Ordered 32gb x 2. Got 16gb x 2.,Product is fine and new. But I ordered 32gb x 2 and received 16gb x 2. :(
5.0,Good value,"These worked great for my vacation videos and pictures. Great price, no problems."
5.0,Great Purchase,They were perfect for adding additional storage to my kids kindle fire tablets
4.0,Four Stars,good price
5.0,Not bad!,Pretty good value for the money. I use these for multipurpose reasons
5.0,great buy,no complaints here. awesome product.  have many sandisk sd cards.
5.0,Great quality!,This brand has never failed me.  I trust it with all of my computing and video needs.
5.0,Decent,"Bought for customer, they were shipped on time, and were the capacity that was described."
5.0,Fast!,These cards are very fast. They can almost be certified V30 because for the most part they write continuously at 30 MB per second.
5.0,nice,its 32 gig not 128 gig that's why the 4 stars.  does what it is supposed to do.
5.0,Quality,"Good quality, reliable good price. Will buy more when I need them."
3.0,slow but works,SD card works fine for slow speed devices... not for a GoPro or anything!
5.0,happy with it,what more to say then this is a great product and has been flawless so far
5.0,Great quality for a great price!,I was impressed at how easy it was to activate and how I can now have my kid with a smartwatch phone for only $18 a month! Love this card!
5.0,"Great buy,great price.",I added these to my tablets for storage and had no problems transferring to the micro cards.
5.0,Good micro SD cards.,Great value for the money. They both arrived on time and worked as expected. The adpaters were extremely useful as well.
5.0,Awesome,Works for photos on my cameras and samsung phones. Just what I needed.
5.0,Fast and in great shape,Really have just unpacked these chips but they look great.
5.0,Good Deal,"Sandisk has been real reliable. This is a good deal for two 32gb micro SD cards. Use 'em in my gps, etc."
5.0,Great Value,"This  product is being used in a dashcam and digital camera, because of its read/write speed."
4.0,Standard sd card,Just your standard sandisk sd card lowest priced name brand. It works
5.0,Good buy!,Great deal! Packaged separately which was convenient.
5.0,These worked great.,"Though I've had issues with these cards before, I keep buying them.  These seem to do a good job."
5.0,Thumbs up!,Needed this for my camera! Great amount of storage space
5.0,Terrific price!,"These are the BEST MicroSD cards out there!  They really seem to never fail!  For a while I thought that everything needed 64gb or more, but really?  This is almost always sufficient to back-up any device you have!"
5.0,Reliable and Affordable,"SanDisk never lets me down. Great SD cards, memory drives, and more."
5.0,I would buy it again,Exactly what I was looking for. It's a good product.
5.0,Yes,"Works great, even has micro SD adapters with the 2 pack. Great!"
1.0,really?,I don't recall seeing that this item can't be returned.  I got the wrong size card and they won't take it back!  Total BS!
5.0,Great quality memory cards!,I’m very happy with the memory card size and quality of videos.  Definitely was a great purchase for me.
5.0,Works great,These worked great for when I was on vacation!!
5.0,Five Stars,Works well!
5.0,Worth ordering,Never had a problem. I use them in drones and dash cams. Will order more
5.0,Memory Card,Purchased memory card to go with Game Camera.
5.0,"Great Product, Great Price","Amazing photos/videos, simple to operate, great service, yes I would recommend and will make future purchases. 5 Star Trail Camera and the price is fantastic"
5.0,Five Stars,great item
4.0,Awesome!,These work great for several applications.
