ratings,rev_head,revs
5.0,Good value,I had to format the card before I could format it in my Icom Amateur radio transciever. Once I did that it formated perfectly and is in daily use. Very happy so far.
5.0,Great deal!,"Works great! Bought to increase the storage of my Nintendo 2ds works great,seems to have significantly cut my load times compared to the stock sdhc card."
5.0,refub,Great Pictures from this SD
5.0,Was worth the money,It was cheap but well worth it
4.0,Price,Good
5.0,Well worth it!!,Great product and amazing price.
4.0,No micro,I missed the fact that this wasn’t a microSD with an adapter. Happy otherwise
5.0,Great value and reliability,"This card has been working fine without any issues. I mainly use this slow card in my audio recorder (tascam), and I found no issue with the speed and reliability. I’ve done over 4 hours of continuous audio recordings many times so far and there is no signs of failure from the card. Good price for the refurb adds value as well."
5.0,works as advertised.,"nothing special, seems reliable, which is the most important quality!"
5.0,Ok,Ok
