ratings,rev_head,revs
5.0,Use this on my cycliq camera works as expected,"Never had issues, works as expected on the cycliq Fly 2 CE"
5.0,Works well,No issues. Works well in my Cycliq Fly 6E camera.
1.0,"Not up to 95MB/Sec, package says up to 80 MB/sec...false advertising.","Advertised as up to 95 MB/Sec.  When I received product, the package it came in said up to 80 MB/Sec. I tested it to see if it would get higher then 80 MB/sec just to make sure...negative, it came close to 80 but not over."
5.0,Very happy with this,I used this with my Roku Ultra -- works great -- no problems.
5.0,Great card for the money!,Filled this twice over on my GoPro Hero 4+ and quality of photos has been awesome. Had one small hiccup in a 4k time-lapse video but not sure if it was a SD card issue or software issue.
5.0,Super easy to install,Super easy to install. No issues at all (besides phone things and not being able to move EVERY app to the SD card).
5.0,lets hope were not packed next to magnet.,right off the shelf
5.0,FAST,"fast ""writing"" for drone video cameras"
5.0,Perfect for Moto G 3rd gen,"This is what the new Moto G 3rd gen wanted and it likes it, very fast!"
4.0,Purchased 3 from Best Buy - excellent card.,"They were on sale (the same price as here) so picked up three. I've used all types and sizes of regular SD cards for my Nikon, as well as micro's and this one seems to be the best in speed and size, so far for sports & 4k (again, purchased from BB - not here; so I'm not sure on fraud/fake cards; which is the reason I purchased at BB to avoid that). But overall, this card by SanDisk at UHS 3 class 10, I used in GoPro 3+, GoPro 4, GoPro Hero, other action cameras, in my Nikon (using the adapter) and other things in between; it handles the job excellently. I've had them for over 2 years and haven't (knock on wood) had any issues or problems with this SanDisk card. I tried SanDisk Extreme Plus UHS 3 class 10 in my GoPros (purchased online) and within 2 months it started corrupting my data, so that's why I went to BB. But as for the card, it's an excellent investment. (seeing that they're so expensive not on sale)."
