ratings,rev_head,revs
5.0,Works fast even with 1080p video,"I use a canon T1i for timelapse and video, and really push rapid shooting.  I have used it on a mountain in snow and moonlight at 14 degrees, and only once encountered a small buffer window on a long video take at 1080p.  It works great, I have never had problems with Sandisk cards, they help me make a living at shooting.  I also use Ultra II cards, and only notice the smallest of time difference writing to the card in camera.  Loading to the computer data from the card does take longer then the ultra, but unless you need to dump data fast this one is fine and cost less.  I would go for storage size over file transfer to computer speeds anytime."
5.0,must have for a 3ds,"i got this so i can play more games and YouTube on my 3DS, and it works perfectly. i was even able to transfer my data between my two cards."
3.0,Ok,"It does what we ask of it for the most part. We use it in a game/trail camera.  The camera was set to take a series of 3 pictures, 2 seconds apart when the sensors were tripped and a scanning picture every 30 seconds standard. For every 100 pictures taken about 10 of them were blank, just white screens, even if it was the middle in the series. Also, instead of deleting the pics off the card you have to format it every time. Not a problem when the card is with the computer but really inconvenient when you just want to check the pics out in the woods. Tried the camera with a different SD card and did not have either problem. But it does hold a little over 3000 pics from the game camera so that's good."
5.0,A Good Value Flash Memory Card,"I've not doubt there are better memory cards on the market, but at this price it's a pretty good value."
5.0,Product worked as advertised! Camera now has extended memory ...,Product worked as advertised!  Camera now has extended memory for uninterrupted more photo taking.
5.0,Can't fuss about that.,"I have had 99% satisfactory results with SanDisk Flash memory cards, and I've bought and used quite a lot of them with only one being DOA."
5.0,SanDisk makes the best Flash cards on Earth,SanDisk makes the best Flash cards on Earth.  32 GB is just the right size Kid. Flash ram will allow file transfers to Zoom to your computer and on Reverse. Flash ram from SanDisk is lightning fast.
5.0,Reliable memory card,"This is a great memory card.  I am still using it several years later.  SanDisk just works, enough said."
5.0,SanDisk Flash Memory card,This memory card was purchased for the Bushnell game camera that we ordered from Amazon.  We ordered it because of the excellent price.  It arrived timely and in good condition.  It is now seated in the game camera and with great anticipation we look forward to the many game pictures that will be captured on it. 
5.0,Great for cameras,As described
5.0,Five Stars,saves stuff on a small card.  The future :)
5.0,Just some info.,"You can't ever go wrong with ScanDisk but if you are buying this for game cameras don't buy a 32 GB card, although they work perfectly in your trail camera all of your hand held disk viewers won't read a card of this size nor will your regular camera read the photos on it, You need to buy no bigger than a 2GB, it has more than enough storage for your needs, I have had over 5000 photos on a 2GB card and still had lots of room plus every card reader will read them, you will be much happier!"
5.0,Five Stars,Worked as expected
5.0,My dream,Thanks
5.0,Can’t be beat!!!,"For the price, you get a product that is so worth it. Packaging was out of this world good and popped it right into my camera system."
5.0,Happy with the process,"I ordered this item and after looking at it figured out that it was the wrong type needed for my phone so had to return it. I followed the online procedure to return it and within a week had my refund for this item. Very quick and painless. I hate making order mistakes, but Amazon makes it very easy when you do."
1.0,I bought several of these for a game camera and ...,I bought several of these for a game camera and none have lasted more than a few months before failing.
5.0,Five Stars,good product
5.0,holds a lot of pictures,We bought this for my mom so she could take lots of pictures on a safari when she goes to Africa. It is waterproof and shatterproof if I read correctly. It works in all five of our cameras too. I'm not sure how many thousand pictures it holds but for a 12 mega pixel its like 10000 pictures I would assume.
5.0,Five Stars,It works
4.0,Four Stars,ok
4.0,For use with Nikon D7000,"Overall it serves the purpose. I dont like to 'empty' my camera memory cards very often so this is a good size. I bought 2 of them so that i can record RAW in one and JPEG in the other simultaneously and it works like a charm. Since i mostly shoot RAW, 32 GB is something i think will give me enough storage keep shooting for a week and then i can process them over the weekend or so."
5.0,Five Stars,Perfect for my new camera.
5.0,Just what I needed!,I bought this for my gopro hero2 and it made filming and photography so nice! I was able to have 4hrs and 45mins of video and 5000+ pics! Way more memory than I will ever need but I was nice to have so I never had to worry about memory space and constantly dumping good pics.
5.0,Five Stars,What is their to say
5.0,I'd buy that for a [insert current price here],"It's an SD card, it works, has the advertised capacity and hasn't failed me yet. I couldn't ask for anything more. Recommended."
5.0,Reliable Class 4 Card,"I bought this card for use in a Canon SX230HS for both still and video capture.  The card works great for this purpose.. Writes fast enough to accomplish both types of captures.. Read speed is great.  Not sure if this is a genuine SanDisk product or not, but it worked just fine.."
5.0,Nice Price,"There are tons of brands of 32gb SD cards around, and since I have Prime, this one was about the best deal I found.  32gb for $20 is definitely a good deal.  SD card works as it should.  Blah blah is exactly what I want when doing a backup.  No issues."
3.0,Three Stars,stores data as it should.
5.0,Fast shipping,"The delivery was accurate in terms of timing, got the package in time. Tried the cards and they are as expected. My only concern was that they do not have cases to re-store, the cards come in the package without a re-storing case, like many others."
5.0,Five Stars,On time delivery what you would expect from San Disk  quality
5.0,"Good brand, high capacity memory card for a great price!",SanDisk memory cards are very reliable. We've used this for lots of photos and it works great.
4.0,Holds lots,This memory card holds a lot of photos but unfortunately can't hold videos taken on my camera. I'm going to have to find a different one for that. Overall this has been a great memory card holding everything I need it to.
5.0,Works as advertised.,Works as advertised and delivered quick. Bundled with a HD video camera.
5.0,32 GB SDHC card,"At 32 gigs, this card has more memory than my first Toshiba laptop. This fact makes it indispensable for a camera. I bought 2. One for personal file backup- the other for videos. Great price. The shipping was too high- $11.00!"
5.0,Used on my trail cam,"Needed this for my trail cam. I was using the on-board storage, just wasn't enough.  Now I have enormous amount of room and can leave it for a month and still have thousands of pictures left."
3.0,Very very slow in writing/reading,This was a very slow SD card.  I would not recommend this to be used for anything.  I tried this on a camera and it was so slow.  I put in a different SD card and there was no comparison -- every SD card I own goes faster than this 32GB one.
5.0,Five Stars,It fit my camera and works as promised .
1.0,This is a Class 2,I was not educated in the Class of the SD Cards. I was buying this for my husband's trail cam and when I received it and saw it was a Class 2 I returned it since I was afraid I needed a higher Class to run the HD trail cam to get the best pictures.
5.0,Excellent Product,"Product that did exactly as expected. Would recommend it, good value"
5.0,Five Stars,Thanks!
5.0,SD on Move,Great SD!
2.0,Two Stars,"While it was priced cheaply, the packaging was removed as if it might have been a returned item."
5.0,Five Stars,Great SanDisk quality.  Significantly enhanced the storage for my camera.  Seller shipped immediately.
5.0,Five Stars,"Works good in a camera,  but I'd rather have a flash drive in the computer."
5.0,SANDISK SD CARD,got it in a timely manner .works great I would re order again when I need to
5.0,Great product!,Gets the job done.
5.0,Awesome product!!,"Arrived quickly, works great, lots of storage!! & a good deal!"
5.0,No problems found - pay attention to the class before reviewing.,This is only a class two card.  As such it performs exactly as expected.
1.0,One Star,POS do not buy arrived and was dead in box
5.0,Five Stars,Just right.
5.0,Will I ever need more memory?,Probably not! I keep filling this thing with pics and videos and the space seems endless. Not sure why I bothered with the 2GB or less cards. This price and card can't be beat!
4.0,Four Stars,hoping to fit all my many many photos on this
5.0,real testing outdoors,after recording videos inserting and removing for a three weeks period in my game camera viewing on my laptop color was still great with no other problems
4.0,Good,"Did a great job, Now have a iPhone so do not need a card anymore, but if your looking for a great value and great quality this item was it"
5.0,it works,"i mean not much to say on this. it came really fast. but its a 32 GB card i got for my nook. it works. I still have to archive my books when too many get on, but, thats expected"
5.0,32 GB SD Card,The Sd card is excellent and has a moderate amount of file space.  The capacity is suitable for medium or larger photo files as needed and permits excellent storage of single events or multiple events.
5.0,Five Stars,Great quality Memory card. Arrived on time with no damage.
5.0,Solid capacity from a reliable brand,"I've never had trouble with any SanDisk storage, and this is no different. If you need a quality SD card, this one has the capacity and reliability you can trust."
5.0,32 gb sd memory card great price at amazon,I received my 32gb SD memory card in 4 working days.  I used my SD in my new moutrie m80x trail cam bought thru amazon SD worked first time. It was packaged very good in a big box little SD card.
5.0,It works. What else can I say,There isn't much to be said for a memory card. It either works or it doesn't. I have bought several SanDisk brand cards over the years and all have worked just fine.
5.0,Excellent card,"Dependable, reliable and fast.  I only wish it had come with a plastic cover for transportability.  I just can't wait until flash hard drives appear.  The price for this card was very reasonable."
5.0,Whats to say its a memory card,Good memory card nothing wrong with it very happy with it
3.0,Do some research 1st.,"I bought this for recording HD video from my cannon t2i, but it stops recording about 5 secs in to the vid, due to this card. I had to buy ANOTHER SD card that was 'Class 6' so i could record HD video. Buyer beware, do some research before purchasing. other than that, not a bad price for a 32g SD card."
5.0,Five Stars,Its worth the buy and my photos never gets full. :)
5.0,Five Stars,Received in good condition
5.0,Have been satisfied with sandisk product,Used for Raspberry pi project
5.0,Five Stars,like it.
5.0,Five Stars,"Item delivered on time, was as described"
5.0,Perfect for DSLRs,I use this on my Nikon D5100 and it holds thousands and thousands of pictures. The write speed is not bad either. I would 100% buy again.
5.0,Five Stars,a0
5.0,Five Stars,Works
5.0,Gift for our son in law,He seemed very happy with it when he got it on Christmas morning.  There was a smile on his face when he realized that he got it.
5.0,Holds tons of pics and videos,"item was shipped and arrived as promised, great quality card and holds tons of information either pics or videos. Use it for my go-pro and have filmed alot of hours of riding and transfered easily to my computer!"
5.0,Massive Video Card!!!,"This card holds an awesome amount of video (10 hrs of HD video in my Kodak Zx1 Pocket cam).  You WILL run out of batteries before the memory runs out, guaranteed."
5.0,32 gb outstnding,great for all my photos now. i'm in a photography class in high school. we are always running out of memory now this should make up for my 3 smaller memory cards
4.0,Four Stars,Exactly what hubby needed for his new Chromebook!
5.0,Perfect,Bought for my new game camera.  Fits perfectly and have always loved SanDisk products.  Perfect for the price and quality.
4.0,Few people need such so much memory on their camera card.,It would have five stars except that it has way more GBs than we need.  I got it to go with my husband's game camera and though he leaves it up for months at a time to record videos of whatever moves in front of the camera. The card is still barely 1/4 full with 350 to 400 videos on it.  I could have got a smaller card for less money and had adequate space on it.  There is no reason to pay for more than you need.  I use an 8 GB card on my own game camera and have never filled it up.  Last winter my husband found that the camera's lithium batteries gave out before the card was 1/4 full.
5.0,Great product and Provider,"Quality, price, performance from a great supplier.  Pay more else but you won't beat their combo of each."
4.0,Good for my Camera!,Good Quality and reliable!
5.0,Five Stars,works great
5.0,Works 2 years later,"I bought this about two years ago for my mother. She uses this thing like crazy! She takes about 200-250 pics a week, and to my knowledge has seen no memory loss."
5.0,Five Stars,Works like it should
5.0,SDHC Card 32 GB,"I had no problems at all, which is normal for the service I had with Amazom. I received the card in three days and been using ever since. Works great with my Sport Kodak Camera."
4.0,nice size,a Flash Memory card of good size. good for recording short Music acts. the price is right. i have had no problem with file retention.
5.0,Good Buy,Takes very clear pictures and video. Holds a lot of memory. Will recommend to friends and family. Great product for the money
5.0,"memory card, SanDisk",It has memory like an elephant.  32 GB is big enough for ~8 hours of GoPro Hero 2 footage on the highest quality setting.  It will take a few batteries in the Go Pro to fill this card.
5.0,Five Stars,Great price !
5.0,Excellent for backing up my laptop,I use this card for backing up my laptop and it is perfect! Not only can I store all my data; it also takes up very little of my precious desk space!!
5.0,Good,Used in a trail cam this has plenty of room for photos and videos. Value for price point is good.
5.0,Five Stars,Exactly as described.
5.0,It great to no longer have to change out 8gb cards,"Card works perfectly,"
5.0,GOOD PRODUCT,IT DOES WHAR IT IS SUPPOSED TO DO OK !! PUT IT IN THE CAMERA AND SHOOT SHOOT SHOOT AND SHOOT !!!
5.0,Works great at a great price.,Works great (we use it for storing music in our car) at a great price.
4.0,This works well,Not much to say about a memory card. It works and I like it. The price on amazon was unbeatable.
5.0,Quality,"I am not sure how to rank this item. I mean, it holds my pics and videos and that's really all I needed... So this item does the trick."
5.0,trail cam SD card,have changed this back and forth from my trail cam to my lap top and have had no issues! working great so far after a month or so!
5.0,Five Stars,Great. It came quickly and as described.
5.0,Great,This is a standard flash memory card produced by the thousands.  Works perfectly as expected for a mass produced flash card.
5.0,Five Stars,good cards
5.0,Great card,Not alot you can say about SANDISK its a good product. I always look for SANDISK because of there pricing and reliability
4.0,Four Stars,good
5.0,Five Stars,Great storage card
5.0,It's a SD card. What can you say about it?,"It is what it is, and it does what it's supposed to do. I use the 4 I've purchased in game cams"
5.0,Great Value,"Product was sent promptly, and was a great value. Used in my husband's trail cam. Would recommend to others! Looking forward to buying more."
5.0,Great 32GB SD Card,"This is a great SD card. I only buy SanDisk brand SD, SDHC, Micro SD, Micro SDHC, etc. memory cards because they are great quality and very affordable."
5.0,Great Price,"Great price, enormous memory, excellent purchase, Thinking of purchasing more just to have on hand for future use. on our other products"
5.0,SanDisk 32GB SDHC Memory Card,This was a great deal for ~$79.  I was not able to find this anywhere else for under $125 so I had to wait a few days for delivery but it was worth the $50 savings.
5.0,Five Stars,Great price
5.0,great price!,"work great! 32GB is a great size for almost anything, over 5hours of HD videos. cant get better then that!"
5.0,Five Stars,ok
4.0,Wonderful! Great Price! Great Product! Great Shipping!,my 32 GB SD card arrived within two days of purchase. I have been using it to make videos on YouTube with my Canon T3i and so far it has not let me down!
5.0,Just right for videos,Plenty of space for the 30 second videos from our Bushnell wildlife camera.  It is a must for this application.
5.0,Five Stars,Works like a charm. Love the space in the 32
5.0,Good deal,good value
5.0,Good product good price,Bought to upgrade digital camera memory. Excellent transfer speed. Good value at good price. Recommended buy. This price is generally difficult to beat.
5.0,Five Stars,good
5.0,Five Stars,Happy!
5.0,sd card,Works well
5.0,Five Stars,good
4.0,Four Stars,Good value.
5.0,great value on this SanDisc memory card,The product was as advertised- opened package/new.  Works perfectly.  Very happy with the speed of delivery too.
5.0,Better than a flashdrive,I switched to SDHC cards because I can leave them in the laptop because they're less obtrusive than flash memory sticks.
5.0,Five Stars,Good product works as advertised
5.0,OK,OK
5.0,Five Stars,good
1.0,If it works,"Will not work in my vivitar digital camera. I keep getting error ""no saved images"" even after resetting camera and formatting card. More a camera issue than a card issue. Sorry I can't help."
5.0,Five Stars,Works as expected.
5.0,So much space!,I never have to worry about running out of space with this SD card and it was SUCH a great deal!!
5.0,pwerfect,"i am a photographer so i take a lot of pictures in a day, this holds like 2,000+ pics and its different for different cameras. i got a canon t2i"
5.0,Works Fine,"I purchased the memory card to store music files and replay them through a device in my car... it works great, no problems."
5.0,easy to use,"I chose the higest rates for this memory card as I feel I got to much value for my money.  It is so easy to install in my camera & computer, duable quality and works real well overall."
4.0,Worth the money.,Great product.  Slight delay in the shipping.  Well worth the investment.
5.0,Happy,"It is a memory card.  It works fine.  What more can I say?  Yes, I would buy another of these."
5.0,Five Stars,good
5.0,Five Stars,Perfect
5.0,yay!,"Got this for my gopro.  waaaay cheaper than on gopro's website.  Packaging was nice, came on time, price was right, five big stars!"
4.0,Work well,Works as advertised
5.0,Five Stars,works great
