ratings,rev_head,revs
3.0,"Great for a point and shoot, not so great for DSLRs.","The quality of this card is relative to how you plan on using it.  I bought it last year to use in my point and shoot digital camera (12MP) while on vacation and it worked perfectly.  No, a year later, I've bought a DSLR and found it just wasn't up to snuff.  My DSLR (26MP) creates files of too large a size for this card to quickly save.  Want to take one picture?  Fine, but be prepared to wait 20+ seconds for it to be fully saved onto the card, during which time you will be unable to take any other photos.  Want to shoot in burst mode? Forget about it; it's not going to work."
5.0,Reliable Quality so You Don't Get Caught Without Memory & Miss Important Events!,"I'm not a tech wiz but I'm by no means a complete moron when it comes to technology but I was somewhat distressed to find how little I knew about memory cards.  I had received one with a little no frills digital camera a few years ago & had used them already but a recent faux pas brought my ignorance to light.  I was at one of my daughter's competitions with my little Panasonic video camera intending to record her show (she does color guard).  We had bought the video camera a couple of years ago. It needed a memory card so I just took the one out of my other camera thinking that's what I needed. Here's where not realizing the difference between MB and GB ruined my plans.Trying to record the show, I kept getting the message that the memory was full.  Turns out... The card was just 512MB!  Those of you in the know are laughing I'm sure...yep, that may be fine for photos but NOT video..So after finding out 1 GB is roughly the same as 1000 MB, I knew what to look for.  This card has a good amount of memory.  I've recorded several of my daughter's routines and still show as having just under half the memory available.  I also have found that you get what you pay for.  I bought a generic card that didn't work and another that got corrupted quickly so I only trust SanDisk now!  My next step is getting a 32GB and having a backup card at all times!"
1.0,This card is garbage. I know what your thinking and the brand ...,This card is garbage. I know what your thinking and the brand used to be reliable. Have had it for six months and it started showing that it was write protected one day and it never stopped. It literally ate our precious memories and photos were permanently lost. Do yourself a favor and buy something else. Don't risk Life's most precious moments with low quality Junk SD cards. Sometimes it seems that all of our products are being more inferior by the day and this card proves that point very well. Junk and not worth the risk. we found out the hard way. Use caution when purchasing this item.
4.0,RECOMMEND THAT YOU ONLY BUY SD CARDS FROM AMAZON OR REPUTABLE SELLARS.,"There is a lot of talk about fake SD cards of all type out there. I tested these on my Win8.1 system and this one here purchased from AMAZON is all good. I tested it with OS and tested the read/write with H2testw. On a side note, if you do use the H2w test, keep in mind it is a destructive test (backup your data), and you will have to go into the card and delete the r/w files (This PC/Device Mgr.), otherwise your SD device will show your memory as full. On a 32GB card you should get a minimum of 29 to 30 r/w files, which stand for 29/30gb true. That's about right for a 32gb SDHC card."
5.0,The Key to 5-Star Happiness is: SOLD BY SanDisk / Fulfilled by Amazon,"I see 1-Star reviews being posted for this same card. Take the time to assure BEFORE you Click ""Add to Cart"" that your source is ""SOLD BY SANDISK, FULFILLED BY AMAZON."" BUY FROM OTHER SOURCES AND YOU MAY GET BURNED*"
1.0,Died. All photos gone.,"I've had three of these. Of the three, the first one was fine. The second one develeped an error, and I lost a day's worth of photos (They were all our Halloween photos, so I was pretty bummed.) But I figured it was a fluke, and I had gotten a lemon. Enter card three - halfway to full, it suddenly is no longer readable with the camera, while other devices read it as ""empty"". I try to back up regularly, but in this case I hadn't been - we have a new baby, and it's been hard to get time to process photos. Anyway, they are all gone. I lost a month of photos. Once I understand, s... happens. But twice? It's the product."
5.0,Great to find 64 gb in a class 4 speed which is required in a lot of older equipment.,"A lot of older equipment doesn't work with class 10 cards and I never have compatibility or speed issues with class 4 cards and this 64gb class 4 is kind of a rarity.  I use these in Canon HD video cams 2 of which don't work with class 10 (almost ubiquitous now).  You can upgrade these cams by sending them off to a distant location and hope they come back someday but I'm sticking to class 4.  Class 6 also works but don't see them much.  I do use class 10 in my dslr which actually needs more processing speed than an HD video cam.  Even on the very highest resolution settings, class 4's work great in my 3 video cams.  To be sure of compatibility I'd stick with 32gb class 4 as I've heard some older equipment doesn't work on 64gb of any class."
4.0,Decent Card for the Price,"I bought mine used from an Amazon Warehouse. It came in a giant padded envelop about 1000x larger than the actual SD card but that's okay, not paying for the shipping so I don't care. The SD card itself came in a small plastic ziploc bag not much larger than the size of the card. I've bought two of these used 64GB cards for around $7 each. Both arrived quickly and both worked out of the bag. Both cards indicated only around 60GB available space. While I know most storage devices never have the available space that they advertise, it does kind of suck to not have the extra 4GB."
1.0,This is not an SD card.,I wasted my money on this because I thought it was a regular SD card.  It is not. It only works in devices compatible with SDXC.  Has this happened to anyone else.
3.0,"Good, when it works!","I was pleased at the speed of inserting and copying 35mm slides. Occasionally a problem with a slide that was just slightly bent, which would get caught in the capture mechanism. And I could not for the life of me open that mechanism! There's a spot for a finger pry, but that sucker is stuck together tightly! Plugging the device into the computer provides both power and connection to download photos to the computer. Occasionally the download connection was not made, although there was power. Today, I had neither power nor computer connection so I'm returning it for refund. It's a very good device when it works. I'll be looking around to see if there are other manufacturers."
5.0,Perfect for a 2DS or o3DS system.,I've had this product for a month and can safely say it is a reliable and cheap option for your 2DS or o3DS system.
5.0,Purchased for my Nintendo 3DS XL system,"Purchased for my 3DS XL. Fit and worked perfectly. Now I have a LOT of blocks for storage space! I think when I first put this in I ended up having over 200,000 blocks? Now, after downloading I still have 145,668 blocks even after downloading 2 Harvest Moon games, Attack of the Friday Monsters, Mario and Luigi Dreamteam, Hakuoki, Starfox 64 3D, Kid Icarus Uprising, Phoenix Wright: Dual Destinies, Donkey Kong Country Returns 3D, Pokemon Y, and Legend of Zelda: A Link Between Worlds + some smaller indie games and demos. In other words, unless you plan on downloading the whole 3DS library on your system, you'll probably never run out of space. Just make sure you have a computer with an SD card reader to do the transferring. Seriously takes about 6 minutes. Maybe less if you already know what you're doing. Highly recommended!"
1.0,Gets stuck in slots,"These cards do not want to fit into my devices.  They seem to get stuck and won't eject willfully.  I had to use another memory card that I own to press down into the slot to get it released from the lock, but I had to use my fingernail to grab and drag the cards out. Both cards are like this, whereas all other cards I own pop in and out of the slot with no problems. I most likely will not use these cards for fear they will get stuck in the devices and may lose the data on the cards due to having to fingernail them out of the slots. I thought SanDisk products would still be the best quality memory cards to purchase. But I was wrong. Way to license away a good name to crap manufacturers."
1.0,Poor Quality control and short return time caution!,I purchased 2 of these 16GB SDHC memory cards.
3.0,One of three failed in 2 months - Update 3 of 3 went bad within 5 months,"These lightning cords seem very robust, especially compared to the original ones that came with our iPhones a few years ago. The braid seems resistant to fraying or splitting as plastic sheath of the Apple ones tended to do after time, and the metal-jacketed terminations also seem robust. However one of the cords recently stopped working. No response at all from the iPhone when connected to a USB wall charger and to the iPhone. Replacing the faulty lightning cord with the one I keep in the car fixed the problem. There were no physical indications of failure - no fraying, no distress to the terminals. Just no charge to the phone. We'll keep using the other two and see how long they last. Update: The other two stopped working on the same day in early November (5 months)"
5.0,I chatted directly with SanDisk and they verified and said it was authentic.,"I bought this directly from Amazon (not from a third party seller), and when I received it, the sticker was different than all my other SanDisk memory cards I own and have bought over the years from a physical store like Best Buy and Frys, and there weren't the usual printed numbers and whatnot on the actual plastic housing, so at first I thought maybe it was a counterfeit memory card. So I did what I knew best, I went directly to the SanDisk's website chat (I did not know they had this feature on their website, whaddaya know!), and they asked for my card number, sent the person I was chatting with a photo of the front and back of the memory card, and they had me waiting for a couple of minutes and they returned and verified that it was an authentic SanDisk memory card. Of course it works just perfectly and nothing is wrong with it, but it was good to know for sure that it was a legit card. The only thing that bugs the OCD side of me is that this SanDisk memory card looks different from all my other ones. But it was a great buy for a great price."
5.0,Fit all the photos from your vacation!,I love that SDHC card costs have decreased so much!  I can fit over 9000 high resolution photos on this card without it filling up!  This has been great for me on long vacations since I'm a picture taking junkie.  I don't need to waste time deleting those imperfect photos or videos from my camera when I'm trying to enjoy my vacation and capture it all.  I don't hesitate to take a photo or video to remember the moment.  In the past I had to worry about wasting too much space on my SDHC card and then missing a photo that I really wanted to take because I hadn't previously cleared photos of my camera.  This also allows me to carry lots of memories with me on my camera and share them at any moment.  This has been one of my best convenience purchases.
1.0,Mislabeled capacity lower by 1/2 expected of 64GB - return window expired,"OK so I ordered a 64 GB SD card to use on a new camcorder. Lots and lots of hours of video. Sure but when I downloaded my second video more than a month after I bought the SD card, I noticed that the maximum capacity was 27GB not 64GB. Now that the return window has expired I do not see a way to contact Amazon to rectify this error. My only recourse is to put in a very negative review and hope that something happens. Ordered SD card on April 6, 2019 but I have only used the camcorder twice since I purchased it in April."
1.0,Did Not Work with 1800DPI High Resolution-5/10M Photo&Film Scanner,I bought this to use with the 1800DPI High Resolution-5/10M Photo&Film Scanner.
1.0,Card not working properly,"This card is weird! One moment it works. Next time error message comes up on camera saying it is write protected and will not allow me to take a photo. I keep having to take it out and reload card in camera. Sometimes it then allows me to take photo, other times it continues to pop up write protected message."
1.0,Very disappointed! Buyer beware,"Card didn't work! There was a ""memory card error"" on my camera when I  tried to use it. Couldn't return the memory card. Very disappointed! Buyer beware!!!"
5.0,Perfect storage for your 3DS,"I purchased this memory card for my 3DS because I am running out of room. My 3DS only had 4GB of storage and it is not enough for my favorite games that I purchased from Virtual Console. This memory card is a perfect storage for many favorite games like Mario, Zelda, Mega Man, Crime games, puzzle games, and sport games, also music, videos, camera storage,  and many more. If you had a low storage count on your 3DS, I recommend that you buy this memory card and trust me it can help."
5.0,"Great card, notes about digital photo frame usage!","Great card for the money.  Used this for a digital picture frame from Amazon.  Read times being fast was important to me, since I'd be clicking through 1,000 pictures fast with my frame remote."
1.0,Don't buy this!,"The only reason I gave this a 1 star rating is because the packaging was good and delivery came earlier than stated otherwise I'd give it 0 stars!Reason for 0 stars is because it is unusable and/or defective.  Every time I put the memory card into my camera I get the message ""Memory Card Error"".  I've formatted this card but I still get the same message.  So I've loss $6.00 on this item.  Not worth spending more money to send it back and wouldn't recommend this product to anyone.  Very disappointed."
3.0,Good for the price.  Wear out quickly with frequent insert/eject but will last a lot longer otherwise.,"Not sure if it's SD cards in general (probably is), but these seem to wear out quickly.  I use them A LOT for transferring photos and 3D print models, so I am sliding them in and out of reader slots constantly.  At my rate of use, within a couple of months they start to wear and will stop being readable by some devices.  When that happens I back up all the data and start with a fresh card... so the trick is getting them in bulk or at a great price.  If you only remove them from your digital camera occasionally, they will last a lot longer.  The SanDisk cards are a good value for the price - cheaper brands wear out faster.  All in all, these are good."
1.0,Not worth the great price!,"Do NOT buy this product!  This memory card is very frustrating.  Every time I take a picture it will not show me the picture on my camera-I just get the hour glass picture.  Sometimes it even says the card is not working and I have to take out the card and put it back in.  It DOES capture every picture (which is good).  I thought it was only mine.  However, I found out my mother-in-law bought two from Amazon as well (same ones) and hers are doing the same thing!  I honestly thought all memory cards were the same.  My Nikon came with a SanDisk and I never had a problem.  I thought this one was a great price and assumed it would be fine.  Pay a little more and get a product that will work!  I will be getting a new one for sure!"
5.0,Just what my laptop needed,"My little laptop has no hard drive, only a 32GB SSD. And with Windows installed, it doesn't have much free space. Popping this card into the SD slot solves that problem beautifully. I know that newer cards have a higher transfer rate, but they sure are expensive! This Class 4 card is sufficient for my needs, and the price was little more than pocket change. I'm very happy with what I got."
2.0,"Doesn't work with Nikon D3000, 'card full'","The product, I'm sure, is fine itself, but unfortunately I never got a chance to try it. I got this card to use with my Nikon D3000 camera, but it doesn't work. I'm not completely sure if the card is defective or just incompatible with my camera, but after putting the card into my camera and formatting it, it says that it's full, in spite of being completely empty. I went to about a dozen different forums, tried installing a FAT23 format on it, messed with a bunch of different settings trying to get it to work, but nothing did it. So, don't buy this for a camera, especially an older one, unless you're certain it's going to work."
4.0,Solid choice for the still photographer.,"I needed a couple of back-up memory cards for my cameras and spotted ""these"" at the local Costco. Until I looked closer and found that the picture may have been of these on the packaging but what I was looking at was the adapter to convert micro versions of this card to fit cameras and computers. Fine if that is what you are looking for, but it could have been a rude surprise. So got home, looked these up and ordered a couple. Packaging is a heck of a lot easier than trying to cut through an over-sized plastic thing and it arrived promptly, priced fairly and works as anticipated. Plenty of capacity for shutterbugs."
2.0,Slow To Process Images,"Worse SD card I’ve owned. I have 2 small kiddos (2 month old and 3 year old) and I’m always taking quick pictures to capture the moment. Because these moments are fleeting (children are always moving), the last thing I need is an SD card that takes 3-5 seconds between each image to process. I’ve missed out on some great captures due to how long the card takes to process and save the last picture. I shoot with a Canon Rebel T5 and have used about 3 different SD cards in the past and I’ve never had this issue before. I’ll say, if you’re looking for an SD card, look elsewhere."
5.0,"Slow card, but my camcorder thinks it is faster than the fast cards.","This is ONLY a Class 4 card, which is slow by today's standards.  But I have a 2009 vintage camcorder that requires ""at least class 4"" SDHC cards for the highest quality modes.  Unfortunately the camcorder does not recognize the newer class 10 cards as being fast.  It thinks of them as ""unclassified"", and refuses to record the higher bit rate modes on them.  This card is properly recognized as Class 4 by this camcorder, which then allows the higher bit rate (and quality) modes to be used."
1.0,Card doesn't work with any of my cameras.,"I bought this for a DSLR to shoot video because the post makes it seem like it's compatable but it's not! It won't formate in any of my cameras, ones a point and shoot, ones a DSLR that does photos only and the other can shoot videos. None of them recognized this card."
3.0,"OK for storing and mailing data, very slow writing and reading speed.","My Macs indicated "" Mac OS can not repair ... "". The delivered card needed repartition before became usable. The card came in an Amazon envelop, not in San Disc package."
3.0,They're okay if they're on sale,"These are pretty good. I have a lot of them that I only use for outdoor trail cam use. I have noticed an issue on about 15% of them that always throw an error that there is a problem with the card and they need scanned to be fixed. They just take longer to open, but the message has never gone away for them no matter what is done. I usually just toss those."
5.0,No pre-installed spyware or software.  No lag when used in handheld video games.,I used this SD card to upgrade the amount of space I had for my Nintendo DS.  I've had no issues with it whatsoever.  Upon delivery I checked for any installed software or spyware and couldn't find any.  It also formatted without any issues.
5.0,Perfect for Nintendo 2DS,I needed an sd card for my Nintendo 2ds and this has enough capacity to store plenty of games. It was instantly recognized by the Nintendo 2ds and  I have not had any issues since.
5.0,Good choice for outdoor wildlife cam,"I got this for an outdoor wildlife camera.  It has a Class 4 speed rating and generous capacity.  This card has a transfer rate of 4 MB/s.  I've used SanDisk memory products in the past and they seem to last longer than some other brands.  As such, I typically go for this brand first."
5.0,Get your pix on Rt66,"I used this memory card in a Panasonic Lumix DMC-FX07 when going on a vehicle-based vacation traversing the original Rt 66.  I took 1447 pix, and used only 1GB.  So I had plenty of room to take lots more.  I can't speak for the durability of the card, but suspect it would last practically forever if connecting the camera to display devices or other storage devices via a mini-USB cable thereby not scraping the gold plating of the contacts through repeatedly removing the card."
5.0,Perfect for Intended Use,"We bought these to use in our camera and they both worked exactly as intended. Buying a two-pack allowed us to keep two separate events apart from one another without the photos running together, so that was super convenient. 16GB really is a pretty good amount of storage for us. I hesitate to buy larger storage cards in the event they are lost or damaged. I'd rather lose 16GB worth of data than 64GB etc., but that's just me, a personal decision."
5.0,Works well and hold a ton of photos,"Good price and works well. I got a few for my trail cameras to see what deer were coming through. They hold a ton of pictures...SO many pictures. My boyfriend had them in his jeans pocket after switching them out at the property where we hunt. He never takes anything out of his pockets (no matter how many times I remind him) and they went through the wash. I was just about ready to wring his neck, until we popped one in the computer and it was fine. So they are surprisingly durable (though I would not suggest doing the same). I'll definitely be getting more since the ol' ball and chain is also great at misplacing things (we already have lost at least one)."
2.0,"SanDisk is a good brand, but this pair of cards is useless ...","I cannot get these to work in any of my devices. They're supposed to work in my cameras, but they won't work in either one. I'm not sure what these are meant for, or if they're defective, but they don't work in anything they're supposed to work in. Of all the memory cards I've ever boughten, these are the only ones rejected by every device. It's weird. SanDisk is a good brand, but this pair of cards is useless as near as I can tell for the average person."
1.0,Doesnt work in my camera,Nothing wrong with the product except that it doesn't work in my camera which was why I bought it. Guess I will keep it for the future or to use in the computer.
1.0,Try another brand if you need a 32GB SDHC  card.,Dead on arrival. identical specs with other brands - SONY and TOSHIB- but this SANDISK was not recognized  by my computer like the other brands were. . Now I'm trying to find out how to get a refund for this dud.
2.0,Gets the job done I guess :/,"Well if U have the patience in waiting for things to copy, then you'll be fine. It rates at about 28gbs (Of actual Space) and copies files onto it at about 4mb a sec, maybe a little faster depending what mood it's in. Trying to copy something that's like 15 gbs onto it though lol...yeah you'll be waiting for at least a good hour. My net can download about 4x faster then what this can do, so yeah...that's pathetic. Been working fine for me otherwise. It's a Class 4 though, what do I expect right. If y'all want something faster, then get a better class version besides 4, the lower then number is, the better usually. Definitely not good to use as a installer for anything as it goes really slow. I don't understand how this thing can have all this memory, yet be SOOO slow, and trust me, it's not the PC haha. I've used this in a regular internal card reader and a USB one. Speed was the same. It didnt work on my friends MAC either. Not for sure what kind it is exactly but I had put a couple of things on it to transfer to his laptop, Popped it in the SD card slot, didnt want nothing to do with it. Didn't even pop up with errors or nothing. He has a 16gb Kingston he tired, worked perfectly, so it wasn't his port. As far as my experience with it though, I don't like it, WAAAAAYYYYYY to slow for my needing haha"
5.0,Reliable and affordable,"I use these cards for camera use, both photography (incld.  high speed shooting) and video."
5.0,Check your camera's capabilities,"Ordered these for a Kodak camera, however, it did not work (kept saying it needed to be formatted but wouldn't format when I selected ""ok"").  After reviewing Kodak's site, I discovered that that the size of the disc was not compatible with my camera.  Tried it in another camera (my daughter's newer Kodak) and it worked fine.  Lesson learned - know your camera's specs. before ordering.  Product worked as indicated in the right camera."
5.0,So far so good. I purchased these to take on a recent ...,So far so good.  I purchased these to take on a recent trip and my photos turned out really well.  I didn't even fill up one although I took numerous videos as well as countless photos.  This is the second time I've purchased this brand and I'm pleased with them.  I'll continue to buy this brand because I feel that the price is perfect for the products.  This comes with two memory cards.
5.0,Works Great,"I purchased the frustration free packaging.  Unfortunately the cardboard envelope open tab kept crumbling every half inch.  Either way, I immediately put it in my laptop to ensure it was functioning.  Once I verified that I formatted it then put it to use.  It's now working exceptionally well in my Moultrie Trace Premise Pro surveillance camera.  Even after moving it from the camera to the laptop it still works well (I use the remove USB feature on the laptop for giggles in case).  Would recommend."
5.0,perfect for extra memory,"Perfect for my niece's new laptop for extra memory. It sits right inside the laptop so it's less prone to damage like a zip/thumb drive would, and I don't seem to have the connection issues with this like I would with an external harddrive. She downloads games from other sites, and this is a great way to make sure they can go with her without being tied to a desktop."
5.0,"SanDisk 32GB Class 4 SDHC Flash Memory Card, Frustration-Free Packaging Review",Got this for a game cam needed a extra. Sandisk what can I say it outperforms the competition. Fully capable of full HD video  from a game - trail cam this brands class 4 is plenty fast enough & faster than others of the same class.  I only use this brand for that reason for many different applications. Packaging I was not fond of the frustration free packaging offered by amazon. It was easy to open but sd card should have a case plastic one not laying loose in a thin bendable cardboard folder. If bent or crushed sd card would be destroyed or damaged. I will not take stars away from the product as this is no fault of the products . However for a star rating on frustration free packaging offered by amazon I give it a 2 out of 5. I think its a good idea and get it easy to open no hard plastic to cut but it could be improved. Like a little plastic case that pops open & closed easily inside the envelope. I have seen amazon did this in the past however mine did not arrive that way.
1.0,Doesn't appear to be new product.,I ordered this as a Christmas gift for my son to go with his new camera.  No where in the ordering process did I see a claim that this is a refurbished or used product.  I ordered what I thought was going to be a new product.  I just got it in the mail and when I opened the package I could not even find the actual memory card.  It had fallen out of the package.  The package that held it is in bad shape and it had obviously been opened before.  It was old and dirty looking and taped back together.  I found the memory card in the envelope it was shipped in.  I hope it works when my son trys to use it.  I'm embarassed to give him something that looks so obviously used.  I wouldn't get a replacement by Christmas.  I'm not happy about this product.
2.0,Broke after a few weeks of use.,"I bought this card for use in a Raspberry Pi, and it did see a lot of being removed and being inserted, mostly between my iMac and the Pi. This caused quite a bit of wear and tear, and seeing how this card is made from fairly brittle plastic, a small hairline crack eventually formed on the top where the connectors meet. This caused the card to be pushed away from the connectors inside the raspberry Pi's SD card slot, making it unable to be read unless I physically held the card firmly against the connectors."
4.0,Not as pictured,I ordered from this Amazon site (HiTech Vendors)rather than other sites because the picture indicated the card was in an original SanDisk package. Other reviewer said SanDisk doesn't warranty memory cards that are not in the original manufacturer's package. I received the four memory cards in a small static bag - not the original company packages. Looks like I have no warranty from SanDisk (or anyone)if I have any problems. They did come in storage boxes. Very disappointed that Amazon didn't check image used for the product so that it matches what you are buying.
5.0,"SanDisk 16GB Class 4 SDHC Memory Card, 2 Pack (2x16GB)",Almost as inexpensive as the unbrand cards on Ebay that take a month to arrive from China.
1.0,Do not buy!,Came in an oversized pouch and then no plastic case to protect the card. For all I know I got a used card that doesn't work.
3.0,A perfectly fine memory card without a slot to use it in...,"This card was recommended for use with a Film to Digital Convert I purchased, and made the Converter freeze. Only because the Converter could not accept it. User Manual with Converter states such, but Amazon recommended this card to purchase with the converter. Now I have a perfectly fine memory card without a slot to use it in. I'm sure I'll find a use for it someplace."
5.0,Good Buy,"I bought this to accompany the ViewSonic VFD820-50 8-Inch Digital Photo Frame. I can't tell you how many photos it will hold because that depends on the size of each photo, all I can say is that I saved over 30 to it  at about 200 KB and didn't run out of room. The price was great and the packaging was well protected and arrived quickly."
3.0,"It worked for a while, but Warranty Difficult",Bought three of these to use in my Moultrie trail cameras.  So far they have performed flawlessly (no reason to expect anything else).
5.0,Worked well for me,"We used this with cheap flip cameras for making quick reflection videos in a work setting. The videos themselves were of mixed quality, but I attributed that more to the camera than to the card. Holds about 12-16 videos that are approximately 15 minutes apiece with the quality we used. I pruchased SanDisk cards because I have never had issues with them in any of my other, higher quality devices or cameras."
5.0,My first SanDisk card was a 32 MB,"I purchased this SanDisk 32 GB Class 3 SDHC flash memory card for use in a negative scanner that uses up to 32 GB cards and it works very well in that application. Over the years I've used a lot of different SanDisk memory cards and have always found them to be dependable and have never had a problem with them. I think the first one I purchased was 32 MB card and was a compact flash card. I still have the card and it still works fine.  That just goes to show how much our devices have changed and progressed over the years. These SanDisk cards seem to be almost indestructible. I've dropped them in water, left them in cars in freezing temperatures and in Arizona in very high temperatures, dropped one in a camera that destroyed the camera, but the memory card was fine. I wish all electronics were this durable!"
5.0,Excellent works,"This memory card perfectly saves all the information - movies, pictures, music, documents. Never lost anything. All files always open quickly and without problems. Never have problems recording files. Everything is recording  quickly. I am very pleased with this card. I have several cards of this brand. And they all work great."
4.0,Bought for camera but will use with camcorder,"Bought this to use with my camera,a fuji finepix, while I was on vacation. I kept getting a card error signal in my camera. So I returned it and they sent me another one right away, but i got the same error message. I compared it to my other sd cards and this has a different code than my others. So I did try it in my canon camcorder and it worked fine so I will use it for that.  Check with your manual for the correct sd card code to see if this will work with it."
5.0,Great card with lots of space for my 3DS,"I got this card to be used in my 3DS XL, and it works very well. I plugged it into a sd card reader (using usb 2.0) and was able to write to the card relatively quickly. It wasn't the fastest, but I was just transferring the files from my old sd card that was only 2 GB in size and I wasn't expecting it to be near instantaneous. I will say that after transferring my data over and saves, I had some issue with my 3DS (due to a screen protector) and my saved game for Pokemon Yellow was corrupted. I am fairly sure that the save was on the system's memory only and nothing to do with this card, but not 100% sure as I haven't really looked into where the file is saved. I didn't lose too much time from that save, and it was the only one that was corrupted (as far as I can tell). I am quite sure that it was purely my doing for the corrupted files, and I have not had any problem with any SanDisk items before."
5.0,"Trusted name and cheapest priced cards out there, never let me down before, all I buy is San Disk","I got this for a digital camera and was like Oh No class four card instead of the recommended class 10 card.  I watched the you tube video and it seems to make no real difference.  I said the same since I already had one of this card from the past, it works fine on a class 10 device so very happy.  San disk is a trusted name so that is good.  The cheapest price pretty much your gonna find for a 16gb card.  I was buying the micro sd with the sdhc shell to make it more universal for my needs previously.  Those are a little more expensive and I didn't see them on amazon this time.  This card needed no formatting and fit and worked fine on my new GE X600 camera and my Cannon AS25000 so I recommend this card for most needs out there, oh 16gb gets me according to my camers like a hundred thousand photos or a whole lot of video."
5.0,Amazon is amazing I have a 2gb sd card that came with ...,"Amazon is amazing I have a 2gb sd card that came with my nintendo 3ds. I am planning on playing pokemon sun and with the demo and full game the data would be more than 2 gb.  I bought a 32 gb sdhc card from amazon and I was able to transfer my data over to it.  I tested it on my nintendo 3ds all my progress is still there.  It is perfect, now to be honest I should have upgraded to a sd card that had more space long ago because of all the game I play.  I am glad I did it,  so I can enjoy pokemon sun and other 3ds games that I buy a hard or digital copy of."
3.0,Phew...,"I purchased this based on reviews. It WAS NOT as easy as 1 2 3 . I suppose if you took your memory card out of your camera and stuck it in I might work fine , in a perfect world. HOWEVER, I used scanned photos - manipulated photos w/ photoshop,I designed art work as jpegs and for whatever reason SOME of the images would not show on the screen. The ones not able to view had NO common size, all were jpegs and yet they appeared as a black screen with the international NO symbol. What a pain in the neck. I had to have someone take a look at it and he was able to resave the photos in a photo program and upload them again - and still we do not know why some display and some do not. And the instructions included are not helpful. I would not buy this one again. I will say that the pictures that did display had nice resolution to them even tho I had scanned some very old photographs, the picture quality was fine, that's why I gave it a 3 star. Ease of working with it - I'd give a 1 star."
2.0,2nd one that housing comes apart,"I use this as extra storage in my laptop which it works well for.  However after just a few time removing/installing, the blue plastic housing keep breaking apart.  On e case the very end of the housing was not allowing it to eject from the SD slot.  This is my second SanDisk so I think I will try another brand from now on."
3.0,Not great picture quality,"I bought this camcorder for my little brothers football games. And even with me being on the field and close to the game, the quality of the video seemed really grainy and the pixels just didn't seem clear AT ALL. The camcorder itself seemed really nice and easy to use once you get used to how the buttons work. I just don't think this was a great camcorder. After using it for only maybe 20 minutes, I put it back in the box and am returning it. Great price, but highly disappointed. :("
1.0,Multiple defective cards,"I normally buy much larger flash cards, but at some point in the past, I bought two of these to use as root disks for Raspberry Pi.  Both failed quickly—one after a month or so, the other after just hours.  By contrast, an identical-except-in-capacity 32 GB SanDisk card has been in continuous use for... at least a couple of years in one of the two devices.  I guess I got cards from a bad batch, but it's pretty sad to get two cards that are both bad."
5.0,LOVE IT HOLDS THOUSANDS OF PHOTOS,"I have not got mine yet but this is the one I have been using now for over two years,, I like the large storage it has, I take thousands of photos a month and these 64 gb SD cards are perfect, I don't know how many photos it holds but its a lot, thousands of them for sure, I have over six thousand on one of these SD cards, and it's not full yet"
5.0,What more could you ask for?,"It does what it's supposed to do. Store my breath taking photos without fuss. Using it on a Sony a7 and insert it in my MacBook Pro. No issues thus far. At first nothing showed up and I had to reinsert it a few times and look under my ""about Mac"" tab and go to storage to find it and click it. Now it works flawlessly."
1.0,Broken,Stopped working properly after one use.  Don't want to send it back as my photos are on it but cannot get a refund/replacement unless I do so.
5.0,good product,Performs as advertised.  No problems with it (ordered more than 1) and they consistently work.  I have them in game cameras and swap them out every 6 weeks or so and reformat them each time with no problems or errors or deterioration in data.
4.0,I remember when these were prohibitively expensive,And now I have the ability to simply order SDHC class memory cards and have them shipped to my house in whatever size I want.
4.0,"It works, but beware of compatibility with older cameras.","I bought this 2GB card for use with older Casio digicam. Older cameras usually means - not compatible with SDHC, therefore no more than 4GB capacity. I inserted the new card into the camera and it immediately showed that about 400 pictures can be stored - what the ..!?  That's only about 1GB, not 2GB! I formatted the card in the camera - still the same amount. I took it out and stuck it in the PC's card reader slot - shows ~860MB memory :-( Another format in the PC - still the same. Test it with ""chkflsh"" - same.  I am beginning to get angry."
5.0,So much storage for so little money!,"I purchased this SD card for my wife.  My daughter just recently bought her a new camera, and it only came with a 32mb card.  After only a few pictures, it was full.  I picked this particular SD card because it has a such a great storage capacity.  It will take a very long time, and many many many pictures before I will actually use up all the storage space on this card.  The value you receive for the price can not be beat.  I have not purchased a sd card in many years, but I can not seem to find any of my old 1 GB cards.  Technology has definitely changed since I purchased my last sd cards.  My wife has already started trying to fill this card, but I told her we have a ways to go.  I will update later if we have any changes or updates to make.  Hope this helps!"
4.0,Best brand for SD Cards,"I've been using this brand of SD Cards for a while now and they've always been the most reliable. I normally buy large capacity cards for video capture and the SanDisk brand has always been my trusted brand when it's something important. I do have some Transcend cards as well and they do just fine. But the build quality on the SanDisk is more reliable. So if you plan on using the card heavily then I would go with SanDisk, but if it's going to go into a device and never leave, then a Transcend card will do the trick if you are on a budget. My only complaint about the SanDisk cards is the price, but that's mostly in the big box stores. Amazon is great, because it brings the price back down to reality and it's more competitive with what else is out there. So for me personally, if the price is within a couple dollars, I will usually go with the SanDisk."
1.0,Unusably slow in my camera,"I thought all SDHC cards were created equal so I bought on price.  Big mistake!  I put these puppies into my Nikon 5200 SLR camera, and the camera is nigh-unusable.  It takes about 10 seconds for a photo to be stored, so once the camera's internal memory is full (about 3-4 pics) I can't take any more pics until I wait half a minute for the save to complete.  I took these on vacation and I can't tell you how many pictures I didn't get because I was waiting for the red ""busy"" light to turn green.  I've never had this issue with other cards In this or prior cameras.  I'm never getting these again, never mind the great price."
4.0,It's more storage than I needed,"I bought these for digital photo frames.  I didn't realize how many pictures would fit on this thing.  Most of my pictures are 3264x1836 from my phone and I have about 50 professional photographs on there.  The grand total of pictures I uploaded onto the sd card was 383 and I used a little less than a GB.  Technology has come a long way, my 128 MB SD card cost me about $30 when I initially bought it over 10 years ago.  These are going to grandparents so I doubt they're going to be used for anything but photo storage.  Unless you're storing a lot of data or you're a professional photographer you really don't need this much storage."
5.0,More Space for my 3DS XL,"I was somewhat worried that I was running out of space on my 3ds' SD card.  So, I decided to purchase this SDHC card to alleviate my worries. The transfer of data was surprisingly easy. However, I did take my time doing so in order to prevent any possible mistakes or errors. Now, I finally have more than enough space to download games to my 3DS XL."
5.0,Works like it should, So we purchased this SanDisk memory card for the wildlife camera we just bought. Everything seems to work just fine. I would recommend.
5.0,"Good, Reliable Cards","These are decent, reliable memory cards. They aren't the fastest, but I'm not using in a camera or camcorder. I've added photos to these and use with a digital photo frame. For that, they work very nicely. If you're looking for a card to use with your DSLR or video camera, I'd probably go with something a little faster. For my needs, these are perfect. Reliable and priced right."
5.0,Plug in and it works great. Plug and play,"Received 2 days ago. I already had a SD card 16GB, plugin the card, plug in the frame,  and it works great.  NO remote so grandma does not have to learn anything. It really is plug and play.  Black plastic frame it looks good. It has a stand in back.  It does not have anyway to mount on a wall that is the only bad thing.  Will buy again"
1.0,Doesn’t work. If I could give negative stars I would.,I’m really sad about this purchase. I bought this Memory card that way I could take more photos of my makeup on a small camera. I have this exact memory card that I bought from the store but I decided that I needed another one. I did my makeup and got ready to take some photos but my message on the camera said that the memory card was full/error with the card. I tried multiple times with two different cameras. Plugged it into my computer and it doesn’t even notice it as anything being plugged in I’m so discouraged and I feel like I’ve
5.0,More memory is always better! :),It's very nice to be able take more pictures at any given time. Before I was having to switch out my SD card too often. More memory is always better! :)
3.0,I made a mistake buying a Class 4 card.  Don't you make the same mistake if you need a faster card!,"Caution.  Be smarter than I was, and make sure that you know what ""Class"" you need.  A Class 4 card may not work in your application."
3.0,Not as good as I had hoped for,These card went bad after about 5 months of use. In all fairness I did get a replacement from the manufacturer for the first bad ones but the replacements went bad too in my trail cams within 5 months.
5.0,I am so very happy that I made the purchase!,"I purchased my first digital camera a few months ago.  For so many years I had relied on my out of date SLR camera.  Don't get the wrong idea, I have gotten many excellent photographs with that old camera.  But the hassle of buying film, then taking it to the local drugstore to get them developed, became much to much to bare.  Many friends had suggested to me that I should get with the times when it came to photography, yet I continued using my old camera.  Once I purchased the digital camera and found out how completely easy it is to use, I purchased a larger capacity flash memory card for my camera.  I have had the most fun with my new camera.  I am a senior citizen, and when I go walking in the evening, I have taken as many as two pictures in an hour's time.  I come inside and place the flash drive into my computer and instantly view all the photographs that I have taken.  The whole process costs pennies compared to the old way of taking photographs.  Thank you for a great product!"
2.0,This thing is dang slow,"Okay, it's a memory card and it works in that it saves and stores image files. HOWEVER, if you're shooting a lot of things and want to view your photos ASAP, you're going to have to wait because this card takes approximately 3 years to write the images on it. It's okay. I'm not mad about it."
5.0,32GB Class 4 SDHC Memory Card,"I purchased this disc to use with the MOSPRO Trail Camera Viewer. I'm sure as soon as I learn to use this item, I will be very pleased with the disc. It can also be used with your computer--if you have the appropriate slot--which I do; however, I wanted to transfer pictures from my iPhone to my computer. It works just fine with the computer."
5.0,Not for older cannons.,"I was not able to use this product but I wanted to leave a review because I wish I had known that this version is not compatable with an older cannon camera. If you buy this and get a formatting error after inserting in to camera, it's because you need an SDHC card and not an SDXC. Hope this helps someone else."
3.0,I had purchased this flash memory card to make an ...,"I had purchased this flash memory card to make an emergency boot disk for my MacBook Pro. The application, 'Disk Maker X' did not recognize this SDXC card. OK, I'll use the application, 'Techtool Pro' to make a recovery/repair boot volume... This card ""worked"", but the speed of the interface was w a y  t o o  s l o w . I should have spent a couple of extra bucks on a USB flash drive instead. This card will be regulated to the camera bag."
4.0,"""Newer"" (Not Necessarily Better) Version SanDisk SD Cards",UPDATE (9/22/12):
5.0,my grandsons favorite toy,this is probably my grandsons favorite toy.  Love that you can actually turn the volume up and down.  The tunes on it are catchy and fun.  I bought it once when he was much younger maybe 6 months old and it was too big for him to hold with one hand and he did't have coordination to hold it with both hands so until your baby can do this I wouldn't recommend this toy I reordered it when he was almost a year old and he loves it.  It is very durable he drops it all the time on carpet and on the wood floor. I also like it because it is a toy that will grow with him as he understands numbers and other features it has.
4.0,They don't use internet or smart phones do we bought them a digital picture frame,Needed a couple SD cards to load videos and pictures of the kids to send to my husbands parents in a different country. They don't use internet or smart phones do we bought them a digital picture frame. These were decent priced. I didn't know what frustration free packaging was but basically it's in a cardboard envelope without retail packaging.
5.0,"Fast Read-Write Data, Excellent for Digital Photo Storage and Playback","We purchased two of these to go with digital picture frames for both our moms. What was surprising is that it takes a lot more than one would think to actually fill up this card with pictures (jpg). It will also hold mp3's of short nature and play back quite well on the digital picture frames (Micca 7-inch digital picture frame with video and audio playback). For the cost of 16GB at less than $7 there isn't a comparison to be made. Compared to Kodak and other name brands, this frustration free-packaging won hands down and reads and writes very fast for quick results."
5.0,Good replacement for an tired Sandisk 1GB extreme,This was used to replace a old Sandisk 1GB extreme in my Treo 650. The card had been in my phone constantly for the last seven years and had begun giving intermittent errors. Running CHKDSK from Windows on it and locating/locking out error's didnt seem to help. Once flash memory cards are worn there really isnt a lot you can do as the rest of the card's memory is likely just as worn. Luckily price of these smaller cards has dropped dramatically and for the extra 1GB it was an cheap upgrade as well! I would rather have had an extreme or ultra but they don't appear easy to find at a cheap price. I had to use a 2GB or smaller in the Treo 650 as it requires a FAT 16 recording system. This seven year old phone has new life again! As long as Verizon and the others require a dataplan for smartphones I'll stick with my under $40 a month old data-less plan for my phone!
5.0,I bought this to go along with a Canon PowerShot ...,"I bought this to go along with a Canon PowerShot SD850. Even with the camera set to take the highest quality pictures (3264 × 2448, around 3mb each) this card will hold over 1100 images!! I doubt I'll ever fill the card, especially since I try to download once a week or shortly after pictures are taken, but still...1100 pictures! It's almost ridiculous."
4.0,The things I didint know about SanDisk...,"[...]  The one thing I thought I knew was cell phone accessories and photo accessories. I heard of these things called Sd cards. I knew they were for memory, little did I know it there was a whole different world out there for cameras,laptops, and then Cell Phones. I knew Amazon was a GREAT place to but them. Boy, where they a great price. I was so excited to know that I was getting four of them. When I recieved them in the mail, I was so excited. The first thing I did was hurry up and open them so I can put them in my phone. I must have been looking at one for over an hour trying to see where the micro sd card was. I thought BINGO, Look at the packaging. I did, there it was it was a flash for laptop or camera. I felt so dumb for a few minutes. I then thought it was an honest mistake. I knew San Disk was a great and reputable brand. Put it this way, I will have enough storage for the next 10 years. I ended up geting two of the 8GB with the SD card for the cell phone after that."
5.0,It's getting cheaper to buy more memory...,"I don't know how much you can say about a memory card. This is the standard SDHC size that I'm guessing will fit most cameras and other devices, but definitely check your instruction manual to be sure as some smaller devices use micro SD cards."
5.0,"Great Price, Great Product","I picked this up when it was on sale for prime members for only $20, so keep that in mind if the price has changed when reading this review. I found it to be an insanely good value! 32gb isn't the biggest classification of them anymore, but it's more than reasonable and certainly fair. I picked this up for use in my 3DS specifically but I imagine since it's a class 4 it would work in just about anything you wanted it too, camera, laptop, etc."
4.0,Love them.,"Here is the only reason that I am giving it 4 stars. I do not like the lock slider on the side of the SD card. This might be helpful to a lot of other people for many reasons, but I can say for me, that it hinders my experience. The main reason is that I am a hunter, and use these SD cards for trail cameras, and if someone wants to mess with my camera, they can either steal (which obviously the product can't prevent) or lock my SD card. Not to mention I have accidentally locked one myself and lost 2 weeks worth of pictures because the camera couldn't operate while locked. Hope this helps! Other then that, fantastic product!"
5.0,Surprisingly Speedy,Pros:
5.0,"Got it for my 3DS, works great!","I bought this for my Nintendo 3DS only. The 3DS comes with a 2GB SD Card, but that isn't enough for downloading games like Pokémon X and Y, Legend of Zelda, MarioKart 7, Fire Emblem Awakening, Kingdom Hearts 3D, or Senran Kagura Burst. So I got this 32GB SD Card instead. It's prefect, I'm sure other people would use this for their cameras, to have more space for photos and videos, and the SD Card works great for that also, however I'm using it for games. The SD Card came in perfect condition, right on time, and I couldn't be happier with it. Later on down the road when I get a Camera for film purposes I might buy another SD Card, might even spring for the 64 GB One. Anyway this SD Card is great for your Cameras, eBooks, PDAs, and (my personal favorite) Nintendo 3DS."
2.0,SanDisk support is a waste of time,"I made the mistake and purchased this thinking it would be suitable for my Nikon D7000 DSLR camera; I was wrong. While it works, it doesn't work to its fullest extent. Transfer speeds are incredibly slow, and my camera will constantly freeze up when reviewing RAW files for the first time on the camera. SanDisk support is a waste of time, and Amazon was only willing to offer a refund instead of try and fix the problem, which is better than nothing I suppose. I would say this is a good SD card if you're using it for a simple point in shoot, but if you plan to use it for a DSLR..I would look into SanDisk's extreme series, or another brand of SD card."
1.0,Very disappointing,Just received the SDXC Card  64 GD from Scandisk.  I bought it for my nature cam.  I was all excited about trying it out.  Put the thing in and the camera kept reading error. I formatted the card just to be sure and kept getting the same error message.  I tried other memory cards and they worked fine.  Really disappointed by the lack of quality of the card.  Usually I have no issues with Scandisk.  I would really like my money back on this purchase.  Thanks
5.0,SanDisk 32Gb SDHC Memory Card,"I have been a faithful customer of the SanDisk SD cards for a long time now. Starting with the 256mb, and into 2gb, 8gb, and now the 32gb, and I have never had a problem. I purchased 3 of them because I just couldn't pass up the $10 sale price. While of course the 64gb+ cards would hold more, I think this is a pretty good size. I have a DSLR and with my 8gb card I could only take so many pictures, now I can take up to ~4,100 before I fill up which is more than enough per trip. I couldn't be happier, it was definitely worth it."
3.0,First thing I did when I received these 23g cards ...,"First thing I did when I received these 23g cards was test them. They are FAKE, not ACTUAL SANDISK!!!! they come up as GENERIC  on all my tests. I have tested many other carda (other SanDisk, Kingston, Samsung etc and they all I.D.d O.K.) that being said they tested out only 4k lower than a real SanDisk and so far function O.K. I recommend caution."
5.0,Great authentic product,"Great authentic product! Sadly I had to return it as my VW memory card slot doesn't support SDXC (SDHC is it's max) but would buy again from seller. Returned it on my own dime a week ago to avoid the $$ of a UPS prepaid label for such a small item, hope the refund/return works out. I wish I hadn't. My mother bought 2 of these today as extra photo storage space for he laptop and husbands tablet. Cheapest fast memory you can buy and SanDisk is the gold standard for SD cards."
1.0,BEWARE - This item is not returnable - I would not have purchased had that been clearly stated.,This doesn't work in my camera that is was supposed to be compatible in and now I went to return it and there is a no return policy.  Guess I'll have to reach the descriptions more carefully.  Bummer.
5.0,Great value! Two pack of 16G SDHC Cards of very good quality for an excellent price!,"Great value! Two pack of 16G SDHC Cards of very good quality for an excellent price! Each SD card holds 2,962 photos at 16 mega pixels. Plenty of storage for vacation shots in upcoming trip to Rome or as extra storage for my laptop! Strong buy at under $13!"
1.0,Lower Your Expectations - you may find that the card cannot be unlocked,The memory card arrived in time but it does not work. After loading it reads Memory Card Error. Card Locked!
2.0,Does not work with older card readers,"I ordered 2 of these (2gb SanDisk-branded SD card), they arrived promptly, and did not function. So I shipped them back for a replacement. Two new cards also arrived promptly, and ALSO failed to work."
5.0,High capacity and fast speeds.,"I love the extra space in my canon t3i with this card. It is less expansive than other cards, and the speed is still impressive. I, for a while, used the expensive ultra version that claimed higher speeds, but in actiality, I never noticed a difference between the two cards. The high capacity storage is great. For anyone on the fence about this card or the ultra, just get this one. I've used both."
4.0,"Works great for most uses, if super speed is not an issue","I've purchased two of these so far--one for a digital picture frame, and one for my digital camera, and both work very well for me. To date I've had no problems with the memory, and it continues to work like new. You are able to save pictures, video, and possibly other things as well on these devises. They can be written to just like hard discs and come in very handy. The only reason I gave this product 4 stars instead of 5 is because it seems to load a little slowly when transitioning between images or when you are accessing it on a computer or camera. A friend recently informed me that all of these memory chips have numbers written inside a circle that looks like a letter ""C"" on the front. Apparently the higher the number, the faster the chip can process, or at least that's what I was told. So, if you don't mind waiting a couple extra seconds for images to load or transitioning to take place, this is a great product and works very well for a plethora of uses. If a few seconds' wait time is going to bother you, it might be wise to purchase a more expensive memory device at a little higher price that has a higher number on the front of the chip."
5.0,Works great,I bought this for my Nintendo 3DS system- I outgrew the default 2GB card that came with it after a while but still wanted more space for eShop games. I was able to transfer my files from the other card to the new card through my computer and a USB SD card reader I'd gotten previously. Both my computer and the game system recognized the card without a problem. It runs maybe a hair more slowly than my prior SD card (since the system reloads any games you have on the home screen whenever you exit a game which takes a couple seconds) but I don't really find it detrimental.
5.0,Great for Raspberry Pi,"I got really lucky when I bought this card, because it has some of the best random read and write speeds out there. These speeds are very important for having a smoothly running Raspberry Pi because the OS is running off of the SD card. Don't believe the hype about class 10 cards for the Pi-- class 10 is great for your camera where you're writing big image files, but it's less important than random read/write speeds when you're running an OS on a Raspberry Pi."
5.0,"Up until this year, I never purchased a 64 ...","Up until this year, I never purchased a 64 GB sd card. It has come in handy especially with back to back. It also has allowed me to shoot videos without worry about running out of memory. In addition, I don't have to delete folders as often because I have so much space."
4.0,Price was decent for the product,The price was decent for the product (especially as I am prime member so no shipping and handling).
3.0,My only complaint is the weird packaging,"This is a 32 GB memory card that I am using for my DSLR Nikon D3200 camera. It is a memory card... don't know how much else I can say about it. If you have ever used an SD card before, this is one of those! Its capacity is 32 GB... which is a great amount for this price. My only concern was that it came in a small, thin, cardboard envelope that wasn't even sealed. It was sent with another item in my order and just thrown into the box. I am shocked it stayed in the little envelope. To me it just seemed as though it could have been a used or refurbished product since it was not in a new, sealed package. It works fine and appears to be brand new, but it was a little odd. That's my ONLY complaint about it."
1.0,And the Story Continues,"I bought a Nikon camera six months ago and it still cannot be used. The first picture card I bought was no good, so I bought two picture cards in this Nikon-recommended brand and they don't work either. The Nikon rep I talked to this morning said they were defective and must be replaced. Do you think I'll ever get the camera to work?"
1.0,please check you items as soon as you get it and don't be like me and wait a couple of months to try ...,"I just open my ScanDisk memory card and put in my camera to take Xmas pictures with my Granddaughter. For some reason it won't work. I gave it to a professional photographer  who was present at the time. And for some reason, my camera won't format the memory card. She believe that the memory card is defective. I tried returning the item. But it won't take it.For it has past its return date. I'll take the hit for not trying it earlier. But you will think that any product coming from Amazon will work without any issues. Consumers, please check you items as soon as you get it and don't be like me and wait a couple of months to try your electronic items. Merry Xmas"
4.0,Generic SD card at great price - does NOT come with small plastic carrying case.,"It's your standard run-of-the-mill SD card. For an every day user, I can't tell a difference between storage cards. So, this one suits my needs and came a t a great  price. The only knock I have against it is that it does not include a carrying case (little plastic case)."
4.0,Fast memory 4 the $$,"This SD comes in at 7MB/s write to(in) and 10MB/s read from (out). That means there is only a slight pause in camera action (less chance for blurring, caused by moving the camera too soon after the shot)..That is noticeably better than my old memory. This makes the disk a solid Class 6 (6MB/s)"
3.0,This worked great when I bought it,"This worked great when I bought it. The write speed was so-so, not to slow but not very fast. I used this for music recording on a ZOOM R16 in addition to transferring music files between our band members. For those purposes, this thing worked great."
4.0,Overall I give a good rating though,"Haven""t tried them to see if they work properly yet but they came in a timely manner. The only problem I've had so far is that they came in a very cheap package they had nothing to hold them in place while they were in their little cardboard box they were just sliding around everywhere. Overall I give a good rating though. If they work well I will probably order more."
1.0,didn't work used it in my camera and no pictures ...,didn't work used it in my camera and no pictures were able to be taken the card was just not working.
1.0,AW SHUCKS,"THIS IS EITHER DEFECTIVE OR IT JUST IS NOT FOR MY CAMERA (CANNON PRO SHOT)  I WENT TO TAKE PHOTOS OF THE SOLAR ECLIPSE AND MY CAMERA ""SAID""  CARD DEFECT.  NOW I HAVE TO WAIT UNTIL 2032.  VERY DISAPOINTED.  I HAVE RETURNED VERY FEW PURCHASES, BUT THIS ONE IS COMING BACK TO YOU"
5.0,This is a great scan disk,My mailman put this scan disk on the neighbors porch. I couldnt find it. The neighbor said he didnt get it. But Amazon sent another one at no charge. This is a great scan disk. I recommend it highly!
5.0,This little SD care works perfect in my devices,This little SD care works perfect in my devices. I have been using this brand for a very long time and I trust it. Mine is in my laptop at the moment as a swap-able drive so I can move files easily. It's still working strong even after several months. I would highly recommend this to anyone.
5.0,It works for my Mac Air,"I tried a micro with adapter and that didn't work. I'm using it in my MacBook Air with solid state drive to increase my overall storage. I was able to move a lot of files here that were cluttering my Mac but I didn't want to necessarily delete them. My Mac just sees this as another drive and I can now put items on it that I may not need now but would like to hang on to if necessary. So, for that it works perfectly and writes fast."
5.0,Great Raspberry Pi root device,I picked up a pair of 16 GB cards for my raspberry pis. They work great. They're labeled class 4 and produce about that level of performance. Setup was a snap following the standard instructions for r-pi disk images on the website. I've been using them for about 4 months with no issues.
5.0,OBSESSED,"As a amateur photographer, I knew spending the money for a bigger flash card would be worth it. And oh has it been worth it! I take photos in RAW+JPEG. Holds many many many photos, easy to pop into my camera and format. Splurge, you deserve it!"
5.0,Used for my Garmin,My Garmin doesn't have enough space.  I always need more so I keep adding with these SD cards.  I am not sure there is a larger card and I will need one eventually or will need to replace my Garmin.....
5.0,San Disk,"Hello, I must tell you that I am a bit of a novice myself. What I would do is to check with the manufacture in your case Cannon, just to be sure. I get the feeling that the device you are looking at from Amazon is pretty generic, but just to be sure. (You could call Amazon and ask them.) If you are purchasing this in a department store like Best Buy they usually know about this sort of thing. I do know that all cameras have there own specifics. Good Luck."
4.0,Couldn't find a better value!,"We gifted 20 cameras to individuals with disabilities for Christmas. Being with a non profit organization, we have to watch ours funds but we couldn't give cameras without memory cards. This was a great value!"
5.0,Excellent at its price point,"My hobby is digital still photography and this card is absolutely perfect for my Nikon D5100 camera.  I can take a rapid-burst series of photos and this card keeps up fine.  Most of that is probably because nowadays quality digital cameras such as my D5100 have adequate buffer space so as not to try to write too fast to the card.  In any case, this card works great in this application.  The 32GB capacity is terrific; I can basically fit an entire vacation trip on one card -- something that was unimaginable not that many years ago."
1.0,Not the correct Memory card,Your advertising of the purchasing the items together is not correct. This is not the correct card for the camera and now I have the camera and don't have the card because instead of researching for one I purchased the one you advertised as purchase together with the camera. Not very happy!!
5.0,"Work great, but you may want a micro sized card","These are the ""big"" SD cards they won't fit in a lot of stuff that takes the micro sized cards. Actually, it may be smarter to just buy a micro sized card that comes with an adapter."
5.0,Easily solved. Just unplug the reader and plug back ...,"I use this daily to hold photos for my ebay store and it has lasted a long time with no problems. I did have one instance of it seemingly not working in the reader. Turned out not to be the card but rather the reader. This is a generic problem. Easily solved. Just unplug the reader and plug back in. As someone who has worked with computers since the days of the 8"" floppy disk (not many have seen those) the drop in cost of memory cards and the corresponding increase in capacity is amazing. Too bad most other things in life don't improve at this rate."
