ratings,rev_head,revs
5.0,New version works with Gopro Hero 5,"Initially I thought it wouldn't work with the new Gopro hero 5 black because of some of the reviews. But, then I read that this product was later updated to support 4K recording. I decided to make a video recording test because I also read something about  the video suddenly stopping while recording. I recorded about an hour and a half (the length of the battery duration) and I did not have an issue I was able to play it back successfully as well. I recorded in both 4k and 2.7 k."
5.0,As advertised,Read and write is great! Going into my gopro hero5 session.
5.0,"UPDATE TO ""NOT COMPATIBLE WITH AKASO EK7000""  WORKS NOW!!!",It was not working at first until I saw this message about this card from someone else in reference to the GO PRO 5.
1.0,Corrupted data,"Purchased this back then Oct 2016. I haven't used it that much as I don't have that much time to fly my drone (custom XJ470/Zhiyun Z1 Tiny2 Gimbal). I only used it to record 2K/high-rate video on a Xiaoyi actioncam, then on a Firefly 7S. So, total flight time, no more than 2~4Hrs since purchase."
5.0,Perfect MicroSD card for my GoPro Hero Session 5,"Absolutely awesome microsd card, I have this in my GoPro Session 5 and it works flawlessly and the speed on it is pretty great for the 4k videos that I have recorded on it. All I know is that it works with my GoPro for it's 4K videos and that I haven't had any problems with it so far. I would recommend to purchase this microSD card on here because in the stores it is more expensive and most of the time they don't carry these for some weird reason. I would also only recommend SanDisk because other manufacturers cut corners and for some reason I always end up losing valuable footage with other microSD manufacturers. If you want a reliable microSD card, get this one! Even though this has 128GB it works perfectly with my GoPro Session 5."
1.0,"First one broke, second one is questionable","When I ordered this initially, I was sent a card that failed within a few days and so I went to the store and bought the same product off the shelf. I compared them and saw that there were minor discrepancies in the color of the ink and the printing quality on the card/packaging. There are a lot of videos online about these counterfeit cards and unfortunately the only way to really know what you're getting is to get them from a reputable dealer. The company was nice enough about accommodating an exchange and I now have a seemingly functional backup card that I have tested and works though I have been hesitant to use it because it too has slightly off coloring and I would hate to lose good footage due to a bad card. It will remain a backup until it fails, but unfortunately I don't trust these kinds of products from online retailers anymore due to the prevalence of counterfeits."
5.0,Great in my LG G6,"I'm a tech geek, but not to the extent of measuring specs and complaining when a product doesn't meet them (numberwise). For me, it's more about functionality. I bought this card for storage size and speed (4k video recording needs *some*, haha), as well as the fact that I trust the SanDisk name for SD cards."
5.0,128GB works great in DJI Mavic Pro,"I got the 128GB SanDisk Extreme card to shoot 4K video (and pictures, of course) on the DJI Mavic Pro drone, boosting its stock 16GB capacity."
5.0,Durable cell phone memory card,"My Kingston microSD card bit the dust after 11 months in the poorly designed Moto X Pure which suffered from overheating issues.  I picked up the SanDisk Extreme in hopes of keeping all of my data safe regardless of my phone's tendency to heat up during extensive use.  8 months and two phones later, I can report that this is the most durable card you can get for the price.  Not a single bit of data has been corrupted or lost after six airplane trips, 12 security x-rays, and hours of intensive use with video, Pokemon, and filming."
1.0,Do not buy this disk,"Pretty bummed about this product. My husband and I bought it for out honeymoon trip to the Philippines. We did some amazing, once in a life times dives and ALL of our videos were corrupt. We took hours of video and was able to scrap together maybe 20 minutes of our dive."
3.0,GoPro Hero5 - SD Card Error Fix,"As many have noted, this card does not work right off the bat with GoPro Hero5 Black. You will get an SD Card Error. After an hour of screwing around with it, I reformatted the card in the preferences menu on the camera and then it still didn't work. In order for it to work you have to then choose the restore factory settings option after reformatting and then it will work. This was very confusing but at least it works now. Hope this helps!"
2.0,Recording errors with GoPro Hero5 & DJI MavicPro.  Do not recommend for video recording.,"Purchased it to use with my GoPro Hero5 and record in 4K.  Right away, I kept getting errors when trying to transfer the files onto my MacBook but for some reason I can transfer to a PC without getting an error.  The problem consist of the video freezing when watching the videos.  The image would freeze in some places but the sound would continue, so i would have to use the search bar to forward the video and it will finally catch up.  At first I thought my GoPro was defective but after doing some research, I found some people having the same problem.  I also purchased a DJI MavicPro drone and figured I could use this SanDisk with it, but I got the exact some problem.  Thats when I realized that this card was no good to use with anything.  By that time, I was out of the return policy.  I don't recommend this card for video, but if you just want to use it for pictures, my guess is that it would probably work fine.  I ended up buying a different brand overall and it works perfect with both my Hero5 and DJI MavicPro."
1.0,"Knock-off SanDisk card, DON'T BUY!!!!","I bought this SanDisk card last year and it was a knock-off.  I recently went to Saint Petersburg, Russia, and took my GoPro loaded with this card."
5.0,... Wife and I take photos on our cell phones like it is our jobs,"My Wife and I take photos on our cell phones like it is our jobs... Believe me it's not.  Regardless, I am constantly backing up our phones and deleting... it became a chore.  Suddenly we both get new cell phones and it's like a whole new ball game."
5.0,Great card.,Great card...bought it because it was cheaper than it's nemesis 
2.0,NOT for an SJ7 Star. You WILL regret it.,"I bought this card fully confident in the 4k recording capabilities and quickly realized that it definitely did not deliver the kind of performance that I need. It transfers pretty quickly but the write speed of 60mb is not even close on my device (about 33mbs), a brand new 4k SJ7 Star. It can handle 1080 at 60fps with relative ease, but at 120fps it isn't even worth watching. Forget about 1440k and above as these aren't even remotely usable. I use the camera everyday for work and can't afford a better card right now. I'm pretty bummed out because most of the reviews are damn decent to say the least. In conclusion, if you bought or plan to buy an SJ7 Star, DO NOT BUY THIS CARD. You will need something with a much higher write speed. Hopefully this review helps some of you."
5.0,Great for GoPro Hero5 Session,"Purchased this card for my GoPro Hero5 Session. After some initial setup issues with the firmware updates, I called the 800# for GoPro. They informed me that this specific card is ""not tested"" by GoPro so they technically do not support this card. But after troubleshooting and completing the firmware update to this card, it has worked perfectly. So far, I have recorded about 30 minutes of 1440 resolution videos (not 4k), and only took up about 6% of memory space on this card. Used a basic adapter to transfer files to my p.c. and that also worked."
5.0,"Recording 4k 30FPS, 1080p 120FPS, no problem","Purchased to use in a Yi 4k action camera, and it works flawlessly. I can shoot 4k 30FPS footage, and 1080p 120FPS footage no problem, and easily transfer it to my computer. A warning though, while the memory card can hande 4k 30FPS and 120FPS 1080p no problem, some video players may not play back 120FPS footage smoothly, making it look choppy and broken. I originally used VLC and was worried the footage was corrupted, but switched to MP4 HC and the video played back smoothly"
5.0,Works fine in my Hero 5 Black,"Works fine in my Hero 5 Black. The package it came in says it is a UHS-1 (meaning it's guaranteed to write at 10MB/s at a minimum) but just like the image shown on Amazon, it clearly says UHS-3 (in red on the actual card, which guarantees 30MB/s). Regardless, the package says in fine print on the back ""Up to 90MB/s read speed; up to 60MB/s write speed"". UHS-3 (in red on the actual card) indicates that it can write at 30MB/s minimum and based on other reviews where they tested the speed, I think it's safe to say this a UHS-3 as indicated on the card itself. This writes data from my HERO 5 Black without any dropped frames."
3.0,Still slow with moto z force,"Currently have a moto z force and I thought since class10 wasn't fast enough, let me get the uhsii which is the fastest available but the z force still deemed this to be slow. Mind you this is only as internal storage and not as portable. So the only thing left is to try out the bus II speed with a uhsii speed class. At this point, Im thinking sd cards simply aren't fast enough for already built in phone storages."
5.0,"Perfect for the cell phone, let's hope it lasts.",PRO:
5.0,Mavic pro loves em,Must have for 4k quality recording imo
5.0,Works well,"My wife and I just received our Samsung Galaxy S8 phones and we wanted to take advantage of the ability to use micro-SD cards, a feature not available on our previous Galaxy S6 phones.  We've only taken a few photos and haven't pushed the ability of the card but I have every reason to expect it will perform well given its performance specs."
2.0,Be AWARE!!! They are shipping A2 cards with out asking,"I love Sandisk cards! I use them for all my photography needs and never had any issues or corruptions. That being said, I ordered 2 of the regular U3 non A1 or A2 cards because my drone is very specific on what cards to use. Well, I received both A2 cards and they do not work for the Yuneec Typhoon H+ C23 Camera. That being said, I'm very disappointed that they are not updating their description nor are they advising that they are switching out cards for the updated one. This is why there is a whole another link below the description that says ""There is an updated version of this card being sold here"" which is the A2 version. Needless to say, I have sent them back and now having to find a vendor who is selling non A2 cards."
5.0,The real deal!,"Bought the SD for my New Sony Camera. The speed and memory was exactly as I expected. There are some fake SD card around so be careful. The exterior may look identical to the real one, but the performance was absolutely not there. So this order was perfect. It worked for my needs. Uploaded to my computer very fast and it stored beyond the photo that I expected. Great seller and amazing Sd card. I hope this review helps other to make the right decision on buying a Sd card. Please press that it was helpful."
3.0,I figured I'd spend a little more to get something that might work a little better. I got this card,"I purchased this only because someone accidentally threw away my SD card I use for my GoPro Hero.  I figured I'd spend a little more to get something that might work a little better.  I got this card, put it in the camera, and it displayed ""SD ERR.""  I couldn't reformat it or do anything and I quickly realized the card was nearly melting every time it was inserted into the camera.  I'm guessing it had an internal short.  They sent me out a replacement and it works just fine.  It gets three stars because the first one didn't work at all, and because I don't really see how this card is better than the Samasung Evo card I had previously at nearly half the cost."
2.0,Failed after 10 months,"I installed this in my Android 7 phone to extend internal memory.  It worked seamlessly for about 10 months, whereupon my phone started complaining about the memory.  I reformatted it using the phone's utility but my phone continued to have problems.  I finally took it out and tried to format it as ex-Fat and as NTFS using my windows 10 diskmgmt utility, but both attempts failed with CRC errors.  So it's silicon trash now.  This is the first time I've ever had a microSDHC card fail."
5.0,My new favorite Micro SD,I bought several Samsung EVO cards for my drones just to find that they did not write at nearly the speed advertised so a friend turned me on to these and I could not be happier. I purchased one just to check the quality (at high speeds drones with slow writing cards will pixelate and these did not!) so the next day I bought 2 more. From now on these will be my go to card for any high speed recording
1.0,DOES NOT WORK WITH GOPRO HERO 5 SESSION!,"This does not work with the GoPro Hero 5 Session. It will work for a little bit, but eventually give me the SD card error message.  Formatting it does not work, no matter what they say.  I've reformatted it via computer as well as app and even on the Session itself.  If you plan on using this for your GoPro Hero 5 Session, DO NOT BUY"
5.0,Used to upgrade New Nintendo 3DS storage,"Works perfectly with no complaints, now I have over 200,000 ""blocks"" (units of storage, I dont know why nintendo doesn't use standard data measurements) on my 3ds instead of several thousand (4GB included micro SDHC card)"
4.0,it's very fast for writing. someone says it's not ...,"it's very fast for writing. someone says it's not compatible with GoPro 5 Black, but i have no problem to use it on GoPro 5, might be because i format this Micro SD to exFAT 128 which is the default format of GoPro5."
5.0,"Bought to use with my GoPro Hero 5, you ...","Bought to use with my GoPro Hero 5, you can get about 8 hours of footage shooting in 1080p 60fps. No complaints, would buy again!"
5.0,Reliable and Quick,"Works well in my note 8 and is pretty quick.  I mostly use it for music storage, as I put my entire library in flac on this card (65+ GB).  I also have the phone save the pictures I take to this card. So far no problems with performance or reliability. Past microSD cards have both from Samsung and SanDisk have failed to write after some use but so far no problems.  I would recommend this to anyone who is looking for a fast big microSD for thier phone."
1.0,A Dud,"What I disliked about it is simple. It never worked. I tried multi-able times to get it in the camera. At first I thought that there was something wrong with the camera. This would have been a bummer, considering the price of a  YI 4k+ action camera. So I went to WalMart and purchased a new Disk, and it worked. So I think I am now the proud owner of a  "" SanDisk Extreme 64GB microSDXC UHS-I Card with Adapter""  Paper Stamp weight. It probably wont even hold a stamp down."
3.0,Too expensive,"This works well with my Mavic Pro drone. It is fast enough for 4K video and has been generally durable so far. I mainly give this 3 stars because it is way too expensive. Weren't these things supposed to be a commodity by now? The reason it's so expensive is the throughout keeps increasing on these, but I suspect that's because SanDisk is throttling their lower price cards"
5.0,"Really fast, really cheap, and really good for a Raspberry Pi - or any other use","Really fast, really cheap, and really good for a Raspberry Pi - or any other reason you may need 32GB of storage. I benchmark every SD card, USB stick and SSD I buy so I can say, with confidence, that this is the fastest such device I've used.  It actually beat a 128GB (SATA-interface) SSD from a few years ago.  Very impressive."
5.0,Genuine SD card received,"I just tested the card with H2testw (SD card tester) and it came back authentic.I was sceptical when I saw the ""Made In China"" printed on the back but all the memory on the SD card was written to then verified with no errors. I ordered mine from: Western Digital Technologies Inc. ($16.99 for a 32GB card isn't bad, when you get a real one that is.) Note: the read and write speeds were bottle-necked due to my old computer, if the tests were preformed on a newer computer the speeds would have been higher."
5.0,Works great for 4K in DJI Phantoms,"I was having a strange case of video recording stopping on my Phantom 4 Professional drone. It would record perfectly for a while. Then it might stop after 10 minutes, or 5 , or 2. There was no pattern. I tried changing several settings and deleted and reinstalled apps. Nothing worked. I bought this card and have not had a recording issue since."
5.0,I recommend this SD card if you have high performance video equipment.,Use this in my 4K capable Panasonic DMC-ZS60 camera.  Used it all across China for thousands of pictures and videos.  Didn't hardly put a dent in the capacity of the card and the camera could write HD movies at blazing fast speeds.  A bit pricey but meets Panasonic's memory card specifications.  I got what I paid for.  I recommend this SD card if you have high performance video equipment.
3.0,At least 18 months of flawless operation,"I've been using it for Time Machine backups on my mac for 18 months, and it's worked more or less perfectly ... until the last week, when I started seeing popups on my screen that say something like ""backup disk not ejected properly"" (even though I didn't actually remove the disk)."
5.0,good for droid maxx2,"With the new android os we again now have the ability to put apps back on an SD card AND map it so it looks like internal storage.  I had a Transend 300X and other class 10 cards that just were not fast enough.  This memory is the Droid recommended UHS-I and has 90MBps read 60 MB write..  This is good enough that my Droid Maxx2 does not give me the ""slow memory"" warning message.  I also dont experience the sluggish response like I did with the other cards."
5.0,Extreme Performance for LG V20,"I purchased this SD card for my LG V20. Works very well - was able to record on 4K with no issues or playback/recording stuttering. 60fps recording was also very crisp and smooth. I don't have any software to test the dropped frames, but to the naked eye it was pretty much flawless motion. Photos processed great, not as fast as I'd like (post-processing by the phone may be cause of the speed), and music loads quickly."
5.0,A card that can write fast and record more than 2 hours in AVCHD @ 60fps. Perfect for action cameras.,128 GB of usable storage and very fast. I have bought 3 and need another. These have been useful in a Canon Vixia camcorder with the adapter to make it large and in my cell phone and inside a Sony Action Camera. Finally I can record more than 2 hours of footage in AVCHD @ 60fps in the action camera before needing to format the card. So very happy and never had any problems with data corruption.
5.0,would buy again,"Debating on whether to get this or spend a relatively small amount and get something like a 100gb or higher. Not much more cost. The reason I went with this is while researching prior to buying, a lot of people say if you get more than 64gb micro sd, they can start acting funny. Like deleting things on their own, not saving. Just acting quarky in general. So got this, still good size and been happy with it"
1.0,Fried two brand new GoPro Sessions.,Fried two GoPro Sessions.
4.0,Be sure to purchase the correct SanDisk card.,Great. Biggest problem is assuring I am purchasing the correct SanDisk cards for the product I use them in.... multiple options were a bit confusing.
5.0,Worked Perfectly,"Worked exactly as expected, fast and reliable in my Go Pro Hero 4. Long enough to go snorkeling for 2 hours and record all of it. Unfortunately lost it, though, so I will have to buy again (my fault). They sell cases that hold both the card and adapter, and I highly suggest this for anyone. Otherwise, keep it in your camera at all times."
5.0,Works like a charm for the Hero6,I'm giving this 5 stars because it works beautifully with my Hero6.  I've tried another brand that I won't mention and had some issues with freezing.  This one here works flawlessly and is on GoPro's list of recommended memory cards anyway.  If you have a Hero6 definitely go with this.
1.0,"No Media, Invalid drive","Purchased this in addition to a phantom 4 drone. I finally tried to use this card and received ""Invalid Memory"". Pulled it out and put in my macbook pro and nothing appears. Open Disk Utilities, show no drive, Boo. Slapped it into my windows to machine, no dice. Show a drive letter in Disk Management, but can't partition or do anything other than change the drive letter. Tried to see if my android would be able to see and format the sd card but again it shows nothing. Threw it into my Canon EOS 70D, tried to format and was presented with ""Cannot format Change card"". Obviously my return window closed since I did not test when I received it. I did see other complaints and called the customer support found in responses from sandisk. The rep had a nearly impossible time getting my info, having to repeat back name, email, model multiple time. I eventually resorted to military radio communication. Name (Charlie, Hotel, Romeo, etc). I eventually got a case number and will update stars based on the entire experience with a warranty replacement."
5.0,great product.,"I used this micro SD card for my GoPro. The SD card worked great . There was only one problem with it and it was my fault. The GoPro uses up storage fast so you would need an SD card with more storage if you have a GoPro. Other than that, this is a great product and i would highly recommend it. I hope that this review helps someone."
1.0,Not compatible with GoPro hero session 5,This card was recommended by Amazon (in a bundle purchase) for my GoPro hero session 5 so I obviously assumed it was compatible. IT IS NOT. Keep looking. I recorded hours of footage on family vacation that I cannot retrieve.
2.0,Short Life,"This product died in about 14 months when in use as extended memory in a cell phone.  However, it came with a five-year warranty and, after a brief e-mail dialogue, SanDisk offered a free new replacement through their RMD program."
5.0,I'm happy to report the 128GB SanDisk Extreme UHS-I U3 card ...,I'm happy to report the 128GB SanDisk Extreme UHS-I U3 card works in the Sony A6500 recording video at 4k/100. This is currently the least expensive 128GB card that works. My Patriot LX 128GB UHS-I U1 & Silicon Power 128GB will not work at 4k/100 on the A6500.
4.0,Disk is fine but adapter did not work.,"This disk works well with my GoPro Hero 5 Black.  Unfortunately, the adapter that came with it does not work.  I have another ScanDisk adapter that I purchased quite some time ago that does work so I am able to transfer the videos from camera to computer.  I will purchase more of these before my summer outings."
5.0,16 gig,Thanks got it installed and working great.Item was purchased for a Motorola G4 cell phone. I have noticed in the past that with many of the lower end chips they have to be formated or don't seem to work that great. This however worked right out of package. So far no problem with lost data or having to re-format.  Great price for 16gig. Thanks
3.0,As described but not compatible with product bundle,"This was a part of a product bundle with a GoPro Hero5 Black. The product arrived on time, undamaged and in the OEM package. The bundle is the major issue I have with this product since it is NOT compatible with the GoPro Hero5 Black. The microbSD card initially registered with the device but failed when I attempted a test photo, luckily a test photo. Had it not been for the compatibility issue, I would have rated a 5 star."
1.0,"Bought 2, Neither Worked!","I tried 2 of these cards.  Both have to be sent back.  The first card, my PC wouldn't recognize or format.  The second one would record the HERO5 video just fine, but when inserted into the PC, while this one was recognized, it was SUPER slow and unresponsive.  I bought the "
5.0,Perfect expansion for an HTC 10,"It's the fastest rated card I can use in my HTC 10 without having a card that is faster than the phone supports, and I can run applications installed to it with no real difference in speed between the card and the internal storage. There are faster cards out there, but make sure your device can support them before dropping the extra cash for the speed."
5.0,LIKE DRIVING A FERRARI AFTER HAVING A YUGO,"This is the real deal. I had a card in my phone and every time I checked it, it said needs to be  formatted. Knew something was wrong, like maybe a counterfeit card. I got this and put it in my phone and the screen recognized it by brand name and then I formatted it as internal memory. The rest is history. No skips, burps or indications of any problems. Files and photos load extremely fast. Kind of expensive but to me the performance difference is worth the price."
5.0,Not much to say. It is a microSDXC card ...,"Not much to say. It is a microSDXC card. What really gets me is that the one I replaced with this one just ""snapped"" in half one day... hardly any pressure on it (I was carrying it between two fingers) and it just popped... It was several years old... never gave me any trouble... but I took it out to format and it just snapped. No idea why... If it happens again with a SanDisk product I will switch to Samsung."
5.0,Used it in my cell phone (Motorola Droid Turbo 2) ...,"Used it in my cell phone (Motorola Droid Turbo 2).  It's been going strong for two years now, no issues.  Have tons of data stored on it.  It's able to keep up with the 12MP camera and 1080p video recorder writing high-volume data to it quickly.  I have no complaints."
1.0,FAKE!! FAKE!! FAKE!! Beware of re-sellers. Buy only fulfilled by Amazon.,"Received a FAKE. Card completely stopped working back in Jan 2018, it wouldn't even detect in PC, Mac or any phone. Not even Disk Utilities. After several failed attempts to have it detected on PC, the card literally melted the adapter. Held on to it for 6 months as wanted to go for Data recovery. Contacted Sandisk for a RMA and replacement last week. Came to know it is a fake card and they refused to process. It was sold by Nextweb Sales. Do not from anyone unless fulfilled by Amazon."
3.0,"Good card, but not compatible with HERO5, as claimed.","The SanDisk Extreme 32GB microSDHC UHS-I Card seems to be a good card, but I cannot recommend it for the HERO5 Session camera.  I tried two different SanDisk Extreme cards, from two different sources, and both gave an SD ERROR on the GoPro camera.  Even though GoPro, Amazon, and my local retailer claim that this card works in the HERO5, in my case it did not.  It does work fine on my computer, so I'm keeping the card.  It might be useful elsewhere."
5.0,This UHS-I V30 performs as a UHS-II V90!!!," Fastest V30 I have ever seen! Watch my video to see the test done in real time. I have no idea how this is going to play out. VERY IMPRESSED! Perfect for action camera's, like the GoPro Hero6! I recommend getting this. Get a bunch of them!!"
5.0,SanDisk Rocx!,"Pure Awesome! I bought this for my GoPro, went on vacation to Europe, took 450 pictures, bunch of short video's, and still had lots of space left. I didn't even use my other 64gb card, I'll just save that one for another vacation trip."
5.0,I see why it cost almost $75!!,"Fantastic and fast. This is a must have for any newer Android. Pics and files transfer at about 3 times the rate of normal sd cards.No setup is necessary, just pop it in your phone and start using it. It has a true 128 gb which is a ton of space for a Samsung Gear Vr. Just don't drop it on the ground, it's very hard to find since it's so tiny"
5.0,Terrific Product to Increase Phone Memory,This is a great device to increase the memory of your Android smartphone very easily. I have a Samsung 16 GB phone that was running out of internal memory. I bought this card and inserted it into the memory slot in my phone and followed the phone instructions to transfer apps and photos to this card vice being stored on the phone's internal storage. This was relatively inexpensive on Amazon. This is not difficult to do. There are actually instructional videos on your computer on how to do this. Example: Type in: How to install SD card in smartphone? Note: Some internal phone apps cannot be transferred to the card. Good Luck.
4.0,Works perfectly. Just wish it was smaller.,The only drawback for this card is its size.
5.0,Works in Go Pro Hero 5,"Read up before you buy cards for 4k camera's. This is as about as slow as you want to go. SanDisk would argue, but speaking from experience, step up or you will have ""card error' (s)! The ultra plus is in the mail, and it's top of the game. Pay more, you won't regret it."
5.0,"Very fast, and I compared it to another very fast line with no appreciable difference.","SanDisk generally under specs their products (they're faster usually than what's on the box), but this thing is as fast as they think at least!  The U3 rating is one I believe in this case.  My go-to before has always been the Lexar Professional line for 4k recording, but this is some serious competition here.  For the price it's currently unbeatable."
5.0,Works Well with Android Phone,"I bought this SD card to add storage to my android phone. I installed it several months ago and it's been working well ever since. I haven't noticed any performance or read/write issues, and I've nearly filled it with photos, videos, and music at this point."
5.0,Great buy,works as expected. Phone and computer recognized it right away. It showed only 29gb available when I first used it. But I don't know if that's a standard thing these days or not to have three gig's of unusable space on first use. I haven't bought one of these since the full size SD first came out. it's not a big deal to me though. Came in original sealed packaging and perfect condition. I like the adaptor too to transfer from phone to computer.
1.0,Should of known better,"Lasted about 18 months under light usage as storage for a cell phone. Now the drive shows up but won't write anything. Can't format it or use it at all. Was $88 new. No more sandisk, ever. Samsung only."
4.0,Time To Upgrade?,Very good value at $30/ea. The read/write speeds seem dependent upon the device used with this microSD. I tested 87/53 Mbps in my smartphone. Still far better than my previous memory card.  My previous microSD had 45/40 Mbps (read/write) speeds.
5.0,"Speed, Reliability, durability are Important to me.","Can’t say enough about this product.  Nice speed, small, compact, reliability and capacity are the things that I live about this MicroSD disk. This was my Firth one and they haven’t failed me yet."
4.0,Four Stars,works great in my gopro and my off-brand gopro style cam as well.
5.0,These are the ones!,"I bought these for three different thing. Dash cam, DJI Mavic Pro and the Goggles all in which say 64gb max and these still work but do not show 128gb. But its all there. Pictures and videos come out nice and smooth."
5.0,Buy it it's worth it!,I have 4 of these and use them with GoPro Hero 5 black and it works perfectly!
5.0,"Excellent SD card, amazing price!","This item was $20 more at BestBuy, no joke. I was standing with an employee there when I searched and found the exact same thing on Amazon. Works amazing, and records 4K video no problem."
4.0,Good,"used this to backup my pictures from my phone. The device I used Lexar microSD to Lightning Reader (LRWMLBNL) was garbage, but this card was solid as a rock. Full stars for functionality, but deducted one for the slightly pricey aspect."
5.0,Bought for Mavic Pro,Worked perfect and is fast enough for a lot of applications. Worked great for my Mavic Pro.
3.0,Not for a Surface Pro,"I bought this for the combination of speed, capacity and mainstream brand.  Unfortunately, it is hit and miss in the Surface Pro 3.  I've tried it on two different machines, one with Windows 8 and one with Windows 10.  On both, the card is initially recognized, but after a restart the card ""disappears"""
5.0,the card works great. I would definately recommend 1080p though because with ...,"I used it on our cruise with my GoPro Hero4 Silver. I filmed in 4k and 1080p, the card works great. I would definately recommend 1080p though because with 4k the frames per second are too low to edit in some programs, -25 vs around 50-60"
5.0,Easily plugged in and recognized,"Bought to use in a Surface 3 (not the Pro edition) as additional storage, since the on-board 128GB tends to fill up quickly. Easily plugged in and recognized, and I'm fairly certain that the access speeds I am getting are a limitation of the tablet, and not the card."
2.0,No go on GoPro,"Did not work in a GoPro 5 Session. Constant ""SD ERROR"" messages, no matter how many times I formatted the card on Mac, windows, or directly on the GoPro. Sometimes it would freeze on boot, sometimes after recording 10-20sec of video. No problems when using it on a computer. Passed black magic speed test with flying colors. Tried a different, lower spec card on the GoPro and that one worked fine."
5.0,"Perfect for 4k Quadcopters, DSLR, GoPro, anything high framerate capture.","This is the only SD card I use for high framerate captures and 4k recording. No stuttering and high transfer speeds. Never had any issues with these extreme cars and will be the only ones I buy for my DJI Mavic Pro, Canon Vixia r800, GoPro Hero 4 silver, and Canon Rebel T4i."
5.0,Fast SD card for cameras,Excellent results in a Sony 6000 mirrorless camera. Extra fast card speed allowed rapid multiple image shots. No problems with card usage or data storage.
5.0,"Exceeds expectations, in that it actually meets expectations",Very happy with this card. Solid read speeds at 90MB/s and write speeds at 67MB/s.  Using the following adapter: 
5.0,"Seems good, haven't had any issues yet",I purchased the SanDisk Extreme 64GB microSDXC UHS-3 Card with Adapter (SDSQXVF-064G-GN6MA).
5.0,It is what it is. A memory card.,It is what it is. A memory card. I'm using it for a Hero5 GoPro. Memory space is as advertised. No problems with item. GoPro immediately recognized memory. I tried another MicroSD card that didn't work due to the speed of the card. So this will work with GoPro's.
1.0,Not for Video,"Purchased 2 of these and both have the same issues. Records for a few minutes on a GoPro Hero 4 before SD error appears. Records for a few seconds on a Phantom 4 before displaying slow write and recording stops. Useful for pictures only, don't bother if you plan on using for any kind of video recording."
5.0,SanDisk Extreme 128GB microSDXC Card,Bought this microSDXC card to use with my new Microsoft Surface Pro. Works as described and expected. Will store music and pictures on it instead of my hard drive. Will also use my Surface Pro to backup pictures from my camera when on trips. Would buy again.
5.0,Perfect for the New Nintendo 3DS XL,Worked perfectly and installed quickly into my wife's Nintendo New 3DS XL. It's SanDisk so you know it's reliable. The only issue I ran into was my own fault. I forgot to back up the data from her old SD Card. No worries the only data on that one was a downloaded game she had already beaten.
3.0,Works fine with everything else,DOES NOT WORK WITH GOPRO HERO 5.
5.0,Works w/ GoPro Hero 5 Black,Despite what the GoPro website says..... this DOES Work w/ GoPro Hero 5 Black
5.0,Works. Just remember to empty the trash receptacle when ...,Works. Just remember to empty the trash receptacle when transferring photos otherwise your memory card will think itself still full. Thank goodness I traveled with many spares before I realized the problem.
5.0,Fast and reliable!,Works great!
5.0,works well with Samsung 360 and S8,Use it in our Samsung 360 camera and also in my S8 phone. It is fast enough to shoot 360 videos and to take pictures.
5.0,Using SanDisk cards for over ten years.,"I've been using SanDisk Cards for over ten years (starting with a 250Mb and incrementing up to this 32Gb. They have all worked well, so I will continue to use SanDisk. I use the Micro cards in my Kindle Fire 8HD and Garmin Novi."
5.0,Clean,"It holds awhole lot of memory on my gopro. I usually wipe everything out once i have watched it and put it on my hard drive, you can never have too much memory."
5.0,Super fast! This was this perfect match to my ...,"Super fast! This was this perfect match to my GoPro Hero5 Session; I now get over 8 hours of recording shooting 1080p at 60 fps, perfect for a motorcycle helmet camera set-up."
5.0,Works great for 4k,"Worked perfect.  I used for 4k 30fps, 2.7k 60fps, and 1080p 60fps on Hero 5 Black all with zero issues.  Unfortunately I lost this to the ocean right after I bought it :("
5.0,Expectations met,"Thus far one of the best microSD cards I've ever purchased. Blazing fast, plenty of space to last me a while, not much else to say."
5.0,"Fast, Huge, Cheap... What more could you ask for????","Very fast, inexpensive, huge capacity, going to hold videos from my drone. Great service."
5.0,Better than even my phone's memory performance!!,"With free shipping as an add-on this super high speed card seems to be even more responsive than the memory from my own phone's hard drive! Great price and 16 GB is all I need (still have 12 GB left). Prob the best price/performance ratio than any consumer micro sd card on the market today. If you buy one and think maybe you may need another one in the future, dont hesitate to buy 2 or more as I'm sure this card (with its super high speed) will not become obsolete any time soon"
5.0,Great for DJI drone use.,Holds a decent amount of pics and video from our Mavic Pro drone. Fast upload speeds to our computer. Zero issues with the card.
5.0,"Works great in RPi3 running Home Assistant, HASS.IO","I purchased this to use in my Raspberry Pi 3 running Home Assistant, specifically HASS.IO.  As expected, easy to install in the adapter.  Install went fine and it is now happily in my Pi running my installation.  Solid after 24 hours and I don't see any concerns.  All good!"
5.0,is excellent - there's no lag,"I am using this in my Android (6) phone as additional internal storage. The previous no-name card I was using just never worked properly, this one however, is excellent - there's no lag, apps don't hang. Lesson learned, by name brand for the use I intended."
5.0,Unbeaten price!,Big things do come in small packages! Bought this for my go pro to replace a more expensive 32gb card. Couldn't be happier with the product.
4.0,SanDisk is a good brand. Be sure to buy the transfer speed ...,works as advertised. used it for months no issues. SanDisk is a good brand. Be sure to buy the transfer speed your device specifies.  Don't waste money on the faster card if your device can't use the speed!
5.0,Perfect for GoPro and DSLR,Whoaaaa works extremely well. Maybe that's why they call this SanDisk Etreme. Good packaging. Lots of space on the card. Can't complain!
5.0,How to erase,"This is a good product, I have it in my GoPro hero and I didn't know how to erase it when it's full, I have a Fujifilm slr with the adapter I put my filled up card in the slr and delete all,then I have a new clean card for the GoPro"
5.0,I have had very good luck using sandisk sd cards,I have had very good luck using sandisk sd cards. This one works very well. I believe it  came with a lifetime warranty as well. I will keep buying the sandisk brand sd cards. I would buy from this seller again also.
5.0,Nice quality,Works great and haven't had any issues. Been using this for over a year now.
5.0,64GB great for Sony AS-100V,"Use this in my Sony AS-100V.  It works great for what I use it for, which is typically 720p @ 120fps.  I've been getting roughly 6 hours of available space with this card."
5.0,Great for smart phones and very fast speeds,Excellent speeds to use as internal memory for applications and install games on it.
1.0,NOT compatible with GOPRO HERO 5,"As others have pointed out, this DOES NOT WORK WITH GOPRO HERO 5! Was very disappointing to find that out just days before my vacation, especially since Amazon sold a bundle of GoPro Hero 5 and this card, so you could safely assume that they are compatible. Bought the Lexar 633x instead and it has worked flawlessly."
4.0,Top Quality,Really liker SanDisk Products and this was no exception.  Still in my smartphone a year later and no issues.  I like that you can protect data on this version.
5.0,Awesome SD Card for the price,The card works as advertised. The speed is decent for shooting a 4K video or streaming HD movies.
1.0,I hate not getting credit for my return,"Well, I hate not getting credit for my return. It came with two other items, One of the others, batter charger, also is not registering as returned. So..."
5.0,Works as advertised,"I have been using this on my GoPro Hero 4 Silver for about a month. So far, it has been working very well for me. The write speed is slightly faster than my Lexar Microsd, though read speed is slightly slower. In general, you really can't go wrong with this as long as the equipment you use can handle it."
5.0,Using for a raspberry pi 3b,"Bought this to use in my raspberry pi 3B. Works very up to the speed described in the description. I use this PI for a media sever, and the speed of this particular SD card has never been an issue."
5.0,... my GoPro Hero 5 Black and it works just fine and holds a solid amount of media as its ...,"I use this in my GoPro Hero 5 Black and it works just fine and holds a solid amount of media as its mostly 1080 and 12MP photos. I would buy again as the product works as expected. Personally I think I could've used a larger storage one, but I truly have no gripes about this product. It's even at a price I couldn't beat anywhere else"
5.0,Works great in my Nvidia Shield K1 Tablet.,I have this SD card integrated with my internal memory and now have plenty of space for any apps and games I want.
5.0,Good price,Purchased this to use in my Nikon D3400. Holds lots of photos and was an excellent price.
5.0,they work great,"I have tons of these and they all work great for raw photography and 4k video recording. I use them on my gopros, kodak pixpro, drones, etc."
5.0,Sandisk are very reliable,"I have many of these, and I have yet to have a failure. They are fragile, but all the Micro sized ones are fragil."
5.0,It is fast!,Works as expected and it is fast! I experience now stalling/hesitation when recording 4K videos at 30FPS or 1080P at 60FPS.
5.0,Reliable.,"Great card, I used it in my phone for awhile, needed it for a project and ended up swapping to a Samsung evo of the same size, it's only for holding pictures, but it's a good reliable card."
2.0,Don't Buy For GoPro Hero5 Black,"Doesn't work with GoPro HERO5 Black. I received this as a package deal through Amazon with my GoPro and it continues to have ""SD Error"". Go buy the Lexmark that GoPro sells on their website. Although this may work for regular pictures on the GoPro Hero5, you will encounter errors when you try to film in 4K or even 2.7K."
5.0,Use it for my drone - Mavic Pro.,I'm a cinematographer using Mavic to get aerial shots of scenery. This sd carded needed to be fast enough to film in 4K. It did its job perfectly. I had no trouble filling the card with 4K footage of California. I would happily buy another one.
5.0,Always A Trusted Brand.,"I bought 2 of these for my action camera (generic GoPro) and they work perfectly. SanDisk has always been a trusted brand for me and in the past when I had issues, they never hesitated to send a replacement."
5.0,very good prodcut,I bought this because my canon would cut off while shooting video and it works well
5.0,Works great,I got this for a go pro hero and it does a really good job.  I only ordered one until I knew it was the right one for my camera.  Will definitely be ordering more for upcoming video project that I want to do.
5.0,"Versatile and can be used with the camera I have, and not the camera I had to return.","As the GoPro was a complete failure of a product I am happy to say I will just use this with the other camera I have and won't need to return it.  The only other memory card I have is a 1GB, so this is a major upgrade."
4.0,Used this for my Go Pro Hero 4 Silver. ...,"Used this for my Go Pro Hero 4 Silver. Now will try it on my Mavic Pro. I trust SanDisk's quality performance, but hafta double-check coz there are a lot of fakes out there."
5.0,works perfectly on GoPro Hero 5 Black - no issues.,Worked on GoPro Hero 5 Black without any issues that have been reported in the past. New GoPro ordered on 6/10/2017 from GoPro with 2.0 firmware and card ordered right after through Amazon.
5.0,FAST!,Amazingly fast and definitely worth the money. I've been ripped off by more vendors than I can count with fake speed reports and (especially) fake capacity. This is a great product and is recommend it to anyone who needs their gear to go fast!
3.0,Speed memory is no like in the videos benchmarks and publicity of the seller.,"I use and a memory benchmarks test software and the most fast that I can reach is 30 Mb/s. I did have problem on my gopro 5, apperas that have an error with the sd."
5.0,Excelente,"Excelente calidad, el producto llego a tiempo como indicaban. Y fue según la descripción"
