ratings,rev_head,revs
1.0,"Drives fail with ""overuse""!!","I've bought 14 of these drives over the last eight months. As of today, FIVE of the fourteen have failed. But when I say failed, they haven't lost the data on them; they are simply locked and won't mount. A phone call to Sandisk and I'm told that this is a ""safety feature"" so my data won't be lost. How is it a ""safety feature"" when I can't access my data? The only solution Sandisk has offered is to replace the drive and I can send the ""failed"" drive to a third party and pay $50 to have the data recovered. That's NOT a solution!"
3.0,Serves its purpose. 256GB model,Capacity is great. Small profile is great. That claimed 130MB is read speed. Please note... write speeds state UP TO 15X over USB 2 speeds. Key words here are UP TO.
2.0,Not durable enough for every day transfer use.,"The pros. Small form factor, and doesn't get super hot like the metal one."
1.0,Still works...,"Really wish it wasn't plastic. After constant use it started to crack, then broke in my laptop. I needed to fish the broken pieces out with a blade. I am sticking to metal drives from now on as I am noy satisfied with this."
5.0,"Great little, high capacity flash drive","I wanted a larger flash drive for backing up my laptop, (not my only backup device). This was the largest capacity, but smallest size I could find. After it arrived, I ran the standard fake flash check, and this drive really was 256GB. Copying my laptop's OS image went smoothly, and faster than my old 32GB flash drive. But, that was  USB 2 device..."
2.0,Older model was better.,"We've been using the previous model of these ultrafit drive for years as an easy way to add permanently-attached storage to MacBook Pros (all with USB 3.0+). Just plug it in, format it, and forget it. They always worked great and always performed well. We just ordered 3 of this new model (the 256GB) and noticed very slow write-speeds. Checking System profiler it's easy to see that the old model registered full-speed every time it is inserted, but this new model often reverts down to USB 2.0 speeds. We've tested all three drives and it's happening with all three of them. If we didn't desperately need the 256GB of storage in a tiny form-factor we would return all three of them. As it stands, the performance issue really won't be much of an issue (they mostly house lots of relatively small files), but if you will be relying on needing reliable USB 3.0 speeds you may want to look elsewhere."
1.0,Heat sensitive,This was a great little device and until recently I would have given it 4 stars.
1.0,Housing Broke Two Days After The Return Window,"The drive cracked two days outside of the return window.  I am now stuck with a flash drive that doesn't work, and can't be returned.  The drive housing is very inexpensively made, and not built to last.  I've not had this experience with other manufacturers, but seems like I have had issues like this with SanDisk products regularly."
1.0,Must have gotten a Counterfeit/Knock off. Only Formatted to 32 Gb,"Bought this with the intent of having some extra storage on my laptop, which also is 256Gb."
1.0,overheat problem,after 5/6 minutes later it's getting overheated.
1.0,DOA - Never worked. Gets incredibly hot when plugged ...,DOA - Never worked.  Gets incredibly hot when plugged into my laptop but wont register so can't use it.  Never again SanDisk!
1.0,Great size and temperatures. Very slow.,"HOLD ON THERE! DON'T SKIP THIS REVIEW! I bought this thumb/flash drive because was cheap, small, and supposedly fast. Was it as It said to be? IT GOT DELIVERED QUICKLY. I was very excited to try it out. I opened the package and it was than I thought. That is a great thing. VERY SMALL. (PERFECT SIZE). I plugged it into my laptop and there it is an instant connection. NO NEED FOR ANY SETUP. I started to transfer some files, a total of 20 GB. IT WAS VERY SLOW, But not at the beginning. It started with about 50-60 Mb/s, which is pretty good. Then it quickly dropped to at most 4 Mb/s fluctuating between 100 Kb and 2.5 Mb. It literally said, ""1 day left."" The problem was not from my PC. I have an SSD with speeds of 450 Mb read and about 300-350 write. I DON'T MIND IT BEING 150 READ, (AS IT SAYS ON THE PACKAGE) BUT IT WASN'T."
1.0,Died after one day of use. You might want to avoid Sandisk.,"I bought the drive here on Amazon. It worked the first day. The second day, as I was copying two files from my Windows 10 laptop to the drive, the copy stopped with a ""drive is write protected"" error. I tried all kinds of software solutions: including running ""diskpart"" in a command window, regedit, format, etc. I even tried it on Mac. All attempts failed because the drive is actually unwritable at the hardware level. I then thumbed through dozens of posts on Sandisk's forum - lots of problems in this area, many frustrated customers, no solution. Perhaps there's a pattern here... I'm returning mine and never again buying a Sandisk USB drive."
5.0,Neither my Mac or PC would recognize the stupid thing. I literally spent 2 hours researching and ...,"The first one I received did not work. Neither my Mac or PC would recognize the stupid thing. I literally spent 2 hours researching and resetting my smc, making sure in utilities the usb drives were there and then finally I gave up. Contacted amazon and got the new one today and works like a charm. Plug and play, didn't even have to format for Mac. Love the secure access vault (Kids are nosey you know)! At this point it's getting 5 stars because Amazon rocked in replacing it, and I'm just happy the the darn thing works. If it decides to not play nice I'll update my review."
4.0,Works flawlessly. One star deduction for plastic body.,"So far, working flawlessly. Currently, this is the only 256 GB Fit size drive available that I am aware of. Read speeds, for normal everyday activities, are very good with acceptable write speeds. Very comparable to my Samsung Fit drives. Only complaint I have is the plastic casing instead of metal for which I deducted 1 star. Otherwise I am very happy with this drive and highly recommend it."
3.0,"It works, but maybe not great for everyone","I bought this because I liked the size and it can safely (I think?) stay plugged in 100% of the time. It works and was seamlessly recognized by Windows. I figured as a USB 3.1 drive it'd be fast too, but unfortunately that isn't the case."
1.0,Arrived DOA / Unable to Return Now,"So bought this and left it in the package until 6 days after the return period expired. Opened it today and it is not recognized on any computer I tested it on (3 different ones). Rebooted, cold booted etc. Just not recognized. When I pull it out, as others have said, it is super hot. Only wished I had opened the package and tested sooner. I have a similar one that I have used for years with no issues just needed a larger size. Just out the money now I guess. Will be shopping a different brand moving forward. I would steer clear of this device as the failure rate seems abnormally high."
1.0,NOT as advertised,THE CLAIM
5.0,Teeny Tiny & Fast,"As small as it can be made.  Totally secure eyelet on it, not some little attachment that will break off.  It does read at 130 MB/s as promised, wrote seq. at about 50 MB/sec."
5.0,A Very Fast Flash Drive,I ordered this flash drive to use in my truck as a storage device for mp3's.  I had an older flash drive that wound up with some bad sectors and my music kept locking up in mid song.  This drive works flawlessly and loads really fast.  The USB port in my truck is in the console so I needed something small and this fits the bill.  Shipping was very fast.  I would recommend this drive to anyone looking for speed and something small in size.
1.0,Mac Users....,UPDATE: This thing is absolute garbage. Tried to move 15 GB photo gallery over to the drive and moved less than 1 GB in over 24 hours. Also my laptop is acting super screwed up when this is plugged in. Couldn't get internet to work and unplugged--the second I did internet worked fine. Blotchy screen now an issue. My laptop is less than a year old and I'm worried this caused serious damage. DO NOT BUY!
1.0,Labeled 256GB - was Actually only 32GB - BUYER BEWARE!,"When I Right Clicked to show ""Properties"", it showed USB Flash Drive to be 256GB when I received It. Once reformatted, ""Properties"" showed it to be only 32GB."
1.0,Xbox One X,Edit: Changed to 1-star rating:
3.0,Gets WAY too hot,While this has worked well for me there are two major flaws.
5.0,"Tiny, Tiny, Tiny Flash Drive","The provided photos from the manufacturer are pitiful. Hardly enough to make an educated buying decision. I know, I floundered for may days before deciding to purchase it. You can't tell anything about its size or usability from the provided photo. So I've added some perspective photos."
5.0,Best Laptop storage extension,"An Amazing DiskOnKey. I used the previews model with 128GB as an extension storage for my Dell XPS 12, it's always plugged in and doesn't interfere with my case and bag. I have waited for a 256GB variant for quite some time and as soon as I saw there's a new USB 3.1 256GB model I bought it. It's an amazing device for laptops, It works very fast. Read speeds are higher than the previews USB 3.0 model. Write speed is a bit higher. Worth every penny!"
5.0,Small form factor huge storage...works perfectly!,"I bought this to allow for storage and backups of my new laptop. Having this much storage in such a small form factor allows me to keep the thumb drive plugged into my laptop without it getting caught on things or banged around. I was able to set my backup client to backup to a chosen folder on the drive and auto backup each day. Works great, I changed the default folder locations for my pictures, documents, and downloads to the thumb drive and all works perfectly. I am even installing some applications to it to save resources for higher priority applications."
1.0,"Runs hot, sometimes unreadable until cool",Bought this to replace a 64 GB SanDisk UltraFit USB 3.0 drive I kept plugged into my laptop.
4.0,Slow and small but good for what it is,It's slow and cheap and easily misplaced. The Ultra Flair is slower but a little bigger.
1.0,Throttles to usb 2.0 speeds,It throttles REALLY BAD. What else do you need to read. I got this to store in a safe with my other drives as a redundancy. It slows to usb 2.0 speeds after only a minute of writing data and after about 5 minutes of reading data. If I was using this every day I would be upset at how painfully slow this becomes.
1.0,"Pro: Small; Cons: Slow, Hot, and reliability is suspect. (...no, confirmed bad)","Edit: Drive lasted about 8 months, then went into the dreaded SanDisk ""protect"" mode (read all the other reviews or search for it) and the drive is generally useless.  I do not trust these micro-sized drives, they get WAY too hot and have no reliability."
4.0,"Solid product, but questionable design.","After having a few days to try this out, transferring over 100 Gbs of files onto it, I can honestly say that this is a solid product. Much better than the older Fit version. This one does not get scorching hot like the last version, and transfer speed are mostly fast with timely use. This could have been a 5 stars but for one reason, I have to give it 4 stars. It's understandable why the entire body is made from a plastic like material, because the last model tend to overheat and literally burned you. The plastic doesn't absorb as much heat, so temperatures stay mild. However, because its plastic, I worry about its durability. I've taken it off and on from my laptop to my desktop, and I can already see some ridges forming from scratches from taking it in and out the USB port. I few more of this, and the scratches could get deep enough that it could crack the Flash Drive. It's probably unlikely, but it still a cause of future concern."
1.0,Recurring Read and Write Issues,"I have had so much trouble with this drive. I have owned many brands and models of external and internal media, and none of them have given me the grief that this drive has. First of all, some of my devices aren't able to see it at all. Just a few weeks after I bought it and put my video collection on it, it becomes completely unreadable. So after salvaging what I could with a data recovery program, I used a third party formating program to finally make the thing readable. During this time, I had filed with a return with Amazon. When I got the thing to work, I decided to keep it. Now here I am again, months later, and the drive has become read only by all of my devices. Out of all the storage brands I have tried, Sandisk has been the most disappointing, and this device is the worst yet. If the thing had worked properly, maybe it would have been worth the nearly $80 in early 2018. As it is, I would regret this purchase at a lower price. Find an alternative."
5.0,Not for heavy use,"You've been warned, do not use this type of memory for repeated delete/write/rewrite! flash memory comes in SLC, MLC, TLC, and I think this may be QLC, though I'm no expert. What that means is Single Layer Cell, Multi, Tripple, Quad. Basically each bit is a cell in SLC so its fast and lasts a long time, but in TLC its 3 bits per cell so its slower and does not last as long. Specifically the life cycle of each cell deteriorates with each write, read does not damage the cell."
5.0,Tesla Model 3 Dashcam,"If buying for a device requiring FAT32 format (which Model 3 does) do yourself a favor and do not get the 256 GB, get a smaller drive it will already be FAT32 format. If for a Tesla, all you need to do is add the TeslaCam folder and be all set for the Model 3.  Sandisk  default format for 256GB is not FAT32 and there's no easy way to reformat as they do not have a program they can provide, you are stuck trying to find a third party sketchy program to do the reformat . According to Sandisk's website only Flash drives 128GB or less are defaulted to FAT32 format. I switched to the 64GB and it was already in FAT32 format. In reality 8GB would be sufficient for a Tesla as they only keep a rolling 60 minutes (aka less than 2GB) (NOTE: if you save videos using the Tesla's record function those 10 minute clips are written to new files named with a timestamp so in theory you could use more than 2GB, but in reality no normal person will)"
4.0,Decent compact drive. 16GB slow write speed.,Gets the job done. Write speeds dropped off significantly when writing large amounts of data. Seemed to bottleneck at around ~10-15MB/s. I also purchased a 32GB SanDisk Flair at the same time which performed miles better overall. If your only concern is small physical size this thing is great. If you want a bit more performance I'd take a look at the SanDisk Flair line.
5.0,"Small size, big storage, gets warm, but not really hot","I have owned the previous version 128GB similar device and this item works about the same. Does it get warm? Yes. Does it get uncomfortably warm? Not in my opinion. I keep mine in the USB port and use it as external storage. I don't play movies from it, but I do use it for quite a large amount of data. I would estimate I write or read 10 files per day to this always-connected device."
1.0,Would not recommend,"I started to have problems within 3 month of purchase, sometimes it would not show on desktop, sometimes it would show but disappear on its own, so it was unreliable to use. Returning it for replacement through Sandisk was big headache, it too long to get the replacement so if you need to use it all the time it is bothersome, they will not send you new one unless you send the defective one back first so if you need to copy all the files to new one you have to go through extra steps. The part that plugs into the USB port is cheap plastic and that may be why it breaks so fast."
2.0,Not all that reliable and write speed is miserable,"I have two of the 256gb models and I'm not impressed.  One went bad after a couple of months and the write speed on both of them is miserable.  I used the linux dd command to write zeros over the entire 256gb of the replacement unit I received for the one that went bad, just as a test that it worked OK, and the average write speed was 18.1 MB/s and I verified that the device wasn't mistakenly identified as USB 2.  Yuk!"
1.0,Would be great if it actually worked,"About 1-2 months into using this, I started noticing oddities. So I ran some tests and formatted the drive again and all was good. I don't use it all too often, so I really didn't notice anything until just now. The drive is inaccessible now. I have only used the drive 5 times since Oct 2018. 5 TIMES! 2 of those times were just running tests and doing a format. So annoyed that this drive doesn't work. I haven't lost any data on it, because it is just used to transfer data from one device to another (again, I don't do it often but when I do, it would be nice if this device worked)."
2.0,Not suitable for long-term use.,"I bought two of these to use as boot volumes for a home NAS. (Admittedly, not what USB drives are normally used for.) The read/write performance is fine, but one of them would consistently fail and lose connection after a while because the drive would overheat."
1.0,Very Slow Flash Drive - not as advertised,"I have bought a dozen Sandisk USB Flash Drives in preceeding years with very good luck.  I bought this drive (256GB USB 3.1 ) in the hopes of getting another good experience.  In transferring files the first day , the performance was in the 8 to 30 mb/s range in a less than 1 year old Dell XPS 15 with a 3.1 port with nothing else running on the machine.  Sandisk missed the boat on this drive.  IT is big and very slow. Now I have to go find another source. Do not buy this drive. The performance is more in the range of USB 2.0.  Sad...."
5.0,This thing is great for everyday use on a SSD laptop,"This isn't the fastest flash drive in the world and does get a little warm when you are writing to it, but it doubled the space on my SSD laptop by simply plugging it in.  Now I can free up disk space for important stuff while keeping my media (mostly music and movies) on this thing.  And down the road, when the laptop inevitably dies, switching the media over to the new laptop will take me 10 seconds.  Definitely a must have if you have a solid state laptop and still like to have media stored instead of streaming everything."
2.0,"Good for small files, bad for big transfers",The USB works great when adding in small files over a long span of time (like adding a few hundred megabytes here and there). Using it primarily for storing pictures/music is perfect
3.0,Save your money and get USB 3.0 more durable Flash Drives !,"I bought this thinking I was going to get better transfer speeds from upgrading to 3.1 from USB 3.0. NO its about the same or worse lol, and that's even after converting it to NTFS ! ! Plus the item is really fragile. I have not broke it yet, since I only had it for 2 days, but its probably will happen! The plastic abound the USB connection is wafer thin! Save your money and stick with a more durably made USB 3.0 for now, costing 30 percent less than this one !"
5.0,"Gets hot, otherwise great!","It gets extremely hot almost immediately, so im a little worried about its longevity, but i have all my files backed up, incase of failure."
3.0,It's been okay for me,"I rarely use it, and when I do it's for about half an hour to an hour transferring files. So far it's worked well and hasn't died."
5.0,I needed a Time Machine solution for my recliner desk setup,"Because of scoliosis that makes sitting straight up in a chair painful, I do all of my small press work kicked back in a recliner with a wooden lap desk straddling the arms of the chair. I've got redundant cloud-based backups set up for my most important data, but I wanted to have a Time Machine backup as well. My Seagate 2TB portable was taking up valuable lap desk real estate (I have to have a graphics tablet handy for design work), so when it crapped out on me, I started looking for something else that might work better."
1.0,Don't buy if you actually need to use it more than 37 times.,"It was all going great until it died for no reason. I only use this drive to play music in my work car stereo so I can tell you exactly how many times it has been plugged into anything...once when I first got it and loaded music onto it, and then 4 days a week for 9 weeks since I got it for a total of 37 times. Now I plug it into my stereo and it just says ""no device"" and Windows doesn't recognize that's it's there at all. Now I'm stuck for the next 10 hours doing a mind numbingly boring job without music. I would give this item a negative 5 star review if possible. Like someone else said, maybe if you just need to expand storage in a device and never take it back out, maybe it would last longer but I don't think 37 ""uses"" is excessive wear and it gets stored in a clipboard between shifts so it's not like it spends time banging against my keys or being abused any other way. I bought it because it was the smallest I could find but I guess that comes at a price."
3.0,"Mine Had Some Technical Issues, Its formatted to FAT 32 NOT NTFS","This thing was acting funny or differently than my other (more traditional) San Disk USB drives.  First it didn't appear in Windows Explorer the way the others had.  Figured it out and began moving files to this flash drive anyway, took more than an hour.  Got to the last file which is 4GB+ and error message . . . file too big for operating system!  Say what?  Drive properties said FAT32!  Say what?  So I began moving files off the drive, another hour +, formatted to NTFS like it is supposed to be, and moved the files back again.  Yup, another hour +.  Another thing, I wasn't able to right click on the drive and select ""format"", it wasn't there!!  Took some clicking to find the format function.  I have also noticed the drive gets or got hot while the files were moving back and forth.  That seems to have worked it's way out.  For the person with no technical knowledge or back ground this drive might be challenging!  Might want to think twice until San Disk gets this or these issues fixed."
2.0,Wildly erratic write speeds & very hot,Bought for use in Tesla Model 3 as dash cam and not only is the form factor very hard to plug into the USB port being actually too compact but it gets extremely hot during use and write speeds are terribly unpredictable causing some camera clips to fail to write in time and corrupting the filesystem eventually.  Often the clips are either zero length or half the frame is missing.  downloading to computer is very slow as well.  Replaced with a Samsung Bar Plus 256g seems much better.  It is also metal instead of plastic and doesn't get hot and reads very fast.
1.0,These things are junk!,"Bought the SanDisk 16GB Ultra Fit USB 3.1 Flash Drive, plugged it into my Windows 10 machine, and I get this crap right off the bat. Windows does not even recognize the drive. Formatting does not work. So, I tried it on a Windows 7 machine with the same results. Little wonder why these are so inexpensive. SanDisk is a pretty reputable USB flash drive manufacturer too, but this one is an example of the expression, you get what you paid for. I'll look elsewhere. PNY is a good option. SanDisk seems to be eating the white, soft underbelly of cheap Chinese crap. A shame too."
1.0,NOT reliable,"I have many different USB flash drives of all speeds, sizes, makes and models."
5.0,"My repeat purchase, I rotate drives to back up","I love this flash  drive!!  First it is soooo small- low profile.  No worries about bumping the flashdrive and breaking the outlet.  BUT it is not so small you can't get it out.  Very easy to remove this per its ergonomic  design.  It is fast--3.1.  I did find that when it backed up my computer it was a little warm when I removed it, but not hot enough to melt anything."
5.0,Super Fast!,"I love this USB Memory stick. It's very small and discreet, doesn't have lights and is Lightning fast."
4.0,"Not the fastest drive, still gets hot, but should last a long time","I have the original ultra fit, and I don't know if I would call this an improvement. The flash drive still offers slow transfer speeds of around 15-25mb for write, read is much higher, and still gets very hot when transferring files. This drive is also harder to pull out of the USB port on my Nvidia Shield TV than my other drive. I'm guessing that this one will have less heat issues, though I have not used is extensively, and I'm only assuming that because it is the newest iteration, but I have seen this happen. My original is still running fine after over a year so I expect the same from this. Sandisk doesn't always make the fastest (affordable) drives, but they do make the most reliable."
1.0,Failed/disconnected 4-times.,"Junk. First time I tried to write 20GB of files to it, it failed/disconnected 4-times. Also got very hot but expected that. Reformatted and tried a day later. Same constant failures. Sent back. As a comparison, I bought a Sandisk 256GB USB3 regular size drive from Costco and it has perfomed flawlessly."
3.0,works with Samsung Blu-ray,"I used this on a Samsung Blu-Ray UHD player.  The Player recognized it and now uses it for BD-Live storage.  The Sandisk encryption software, can not be used or installed from your PC hard drive.  I tried opening it and installing from my windows 10 laptop and it said to get latest version so clicked to download it and then it errored on installation.  Not sure why.  However, I do not plan to use the software since on installed on Blu-ray player.  It comes formatted as FAT32 with about 57GB of real storage available on a 64GB version.  Thus, would give it 5 stars if the software would have installed properly and they would just plain not lie about the real formatted available storage."
2.0,Interferes with my logitech unifying dongle,"I just plugged this into my work windows 10 laptop so that i could backup all my files after a lexar USB drive i was previously using failed. I plugged it into the same port i previously had my lexar drive in, right next to my logitech unifying dongle for my wireless keyboard and mouse and they stopped working. I moved it one USB port away and it works somewhat but my keyboard and mouse skip around. I moved it to the other side of the PC and the keyboard and mouse seem to be working but i'm worried about long term use of this drive. I feel a RMA in the force...."
1.0,"Fails, Overheats, Crashes, ETC","To note, I have a lot of computers, and one of them has a small amount of 'flash' storage, so I use external devices for it. For $42, this drive is not worth it. It crashes. It advertises that it can 'transfer files' 'Transfer a full-length movie in less than 30 seconds'."
5.0,Stays out of my dads way,"We got this for my dad to leave in his new car stereo.  He kept hitting the one that he had and we were afraid he was going to damage the USB on the stereo, so we got this one.  It is perfect, it nuzzles right up to the stereo and stays way out of my dads way so no worries about the USB on it.  It is big enough to put all his music and podcasts and whatever else he wants on it.  It is what it is a Flash Drive so it does what it is supposed to do, it being a SanDisk, the name should speak for its quality.  Great purchase!"
3.0,Something's Not Quite Right -,"I bought a couple of these drives with the express idea of using them to transfer large volumes of data between isolated systems.  They seem to work just fine when using regular USB ports.  However, when using them on a USB3.1 port on a Hazwell Processor computer, they really heat up and suddenly Windows-10 can no longer ""see"" them!  I haven't had any loss of data/files, and I HAVE been able to get around the issue by dividing my copying tasks into smaller chunks.  But a user shouldn't need to do this.  I've had no issues on slower clocked systems."
5.0,Perfect- and I don't just hand that word out.,"I've had this fir three plus months. I love SanDisk's encryption software, and have learned it's the only brand I will buy from now on. Pretty fast even on a 2.0. Does get a little warm when transferring a lot of data at once. And wish it came with the attachment cord, but I have a pack of 10 for like $2 now. Size is the most attactive part, which is why I needed a cord. I no longer worry I'm going to break off a stick hanging out the side of my laptop."
1.0,terrible drive to upload data to,"I got this drive to use in the car to listen songs. I can't copy more than 10 mp3 files (average length 2-3 min, 5-15 MB) at a time. It heats up very quickly and stops responding. I have to take it out, wait for a few minutes and start again. Given the size, it's very difficult to take out and insert so often. Every time it's inserted in the computer, it says there is an error."
2.0,If you try to insert it but you are slightly off your perfect aim on a usb port I could easily see ...,"32 GB model arrived with 28.6 GB available which is probably normal, flash drives are always a bit diminished.  The drive itself is made of really flimsy plastic - this is the first usb plug of any kind from any electronic that I've owned had that has not been metal.  I could actually break the drive by squeezing between my pinky finger and thumb - it is seriously flimsy feeling and bends with the slightest pressure.  If you try to insert it but you are slightly off your perfect aim on a usb port I could easily see this breaking with the force needed just to insert it in the usb port.  I'd return it but it wasn't terribly expensive and worth the hassle of that."
2.0,"had I know, would have gotten something else","this is listed as a 128 gb. we all know there's a certain amount that is used for the formatting but what I did not know was mileage varies. 2 years ago I picked up a samsung muf-128BB for something I was doing. I bought this about 2 months ago to recreate the usage of the samsung. until I was transferring data I never notice the little detail: I LOST 5 gb ON FORMATTING ALONE OVER WHAT SAMSUNG MADE AVAILABLE. so instead of 119 gb I had 114. not the biggest deal in the world but when you actually are using over 90% of the storage, it makes a difference. next time I'll have to do a little more research before I hit order. in the meantime, I'll live with it but pretty much the last time I go with sandisk for large storage"
3.0,Great Form-Factor with Average Performance,"This Ultra Fit replaces the previous model that was known to have issues with over-heating. This new model does get quite hot (once it is plugged in). This has not significantly affected its performance, however given that the chassis of this new model is entirely made of plastic, the integrity of this Ultra Fit may come into question later on. Heat is a well known contributor to the reduced life expectancy of electronics. Read speeds are normal, reporting an average of 75 MB/s while write speeds are considerably slow (9 MB/s). My main reason for purchasing this drive was to supplement the limited storage present in my MacBook Air. For that purpose this drive works reasonably well. If you were hoping to use this for video or audio editing, don’t. This drive is best suited for media storage and playback."
3.0,"Works great, but build quality is less than desirable","After using SanDisk Cruzer Fit flash drives before with positive experiences, I decided to give this model a try. It was very tempting for a 128GB model at $21.99, and it was exactly what I needed at my time of purchase."
3.0,Very slow write (16GB Model),Pros:
1.0,Both of them FAILED within weeks,"When my first SanDisk Ultra Fit (64GB)  locked up in a couple of weeks, I bought another one because I felt it must be a fluke and I liked the form factor. What a mistake. The second one also locked up in less than a week, apparently because I actually attempt to copy a couple of gigabytes of data onto it in one operation. Now it won't mount or reformat. What a joke! I wasn't using the security software or doing anything unusual—it just died! THIS IS A DEFECTIVE DESIGN!"
5.0,Extremely small footprint almost impossible to bump and damage,"I use USB sticks in my car to listen to recorded music through the cars audio system. Previously I was using full size USB sticks but they always hung out quite a bit and were an easy target for bumping and possibly breaking either/or the stick and the car usb connector. With this one the stick in 80%-90% secure, protected and out of site when fully seated into the plug. Impossible to accidentally bump and damage itself or the connector. Lots of storage with 64Gb and inexpensive when I caught it on sale. It absolutely did exactly what I intended for it when I made the purchase. 110% happy.  Also incorporates a nice easy to grab thumb tab for very easy removal. I am very happy with mine and would recommend to anyone needing one."
5.0,"Fast, small, and lots of storage",The only thing to note about this is it really depends on the format of the of the file system and the size of the file being transferred. Also of course that you have a USB 3.1 port that supports the speeds of this drive. I am getting around 135 m/s when doing large file transfers in NTFS from an ssd. But when using fatx or fat 32 with smaller files its considerable slower due to the format/file system. I do wish it was metal due to the size and use but understand this would affect the cost. Again its very small and the only way to keep up with it is on a key ring or lanyard. I am worried that it will bang around and break as other have shown. But overall its cost and speed make this a good value.
3.0,"It's small and fragile. Easy to lose, heats up and slows down","I've only used it for a day. A DAY and it's having problems. Flash drives are known to be portable, but it being the size it is, makes it rather difficult to diffuse the heat it generates as data flows through it. If heat is ever an issue, it slows down because of it. So much for USB 3.1. I can't say it's bad, I've had worse flash drives, but I'm overall disappointed in this."
2.0,"Compared to metal SandDisk UltraFit drives, not a good deal","I bought this with the assumption that it would be of similar quality to previous SanDisk products. I was wrong. Though the price is essentially the same as earlier UltraFit models, this one is made of thin plastic. Despite the plastic construction, it still gets desperately hot when in use. There is no activity light. I hesitate to carry it around for fear I'll break the casing. It also seems to stick out of my computer and catch on things a bit more than the earlier version."
1.0,Failed after only a few uses and now cannot even format,"So, I have used Sandisk for years and thought this was a great option as a backup drive for my laptop - small, plugs into USB port (so can transfer data from laptop to desktop if needed) and cheaper than an equivalent ssd. Bad Choice!  Bought this from AMZN in August 2018 and only started using it in the last month or so and now it is dead. I tried to write an 8GB ISO file from my Windows 10 desktop machine to this USB key and it all started file until about 13% into the  copy when the transfer rate dropped to about 2.77MB/s and then to... zero.  No worries, just cancel and try again; no luck!  Tried to fully format - no luck. Tried to copy ISO again - no luck. It makes a good plug for an open USB port. As an actual USB key - its junk.  Comes with a 5 year warranty, lets see how Sandisk handles this failure as this failure mode seems very common in the 14% of 1-Star AMZN reviews by verified purchasers.  I would not recommend this product, and even if I get a 500% perfect replacement from Sandisk .... I don't trust this design (runs hot when writing to it) for anything other than a mechanical port dust cap."
2.0,These are TINY drives!!,"I was looking for ""normal"" flash/thumb drives - the kind that are about the size of your thumb. I obviously missed reading the specifications for these drives and the picture on the web page makes them look like thumb drive sized devices. I was shocked when they arrived and discovered they are smaller than my little finger nail - just the fingernail, not the finger."
1.0,DISASTER FOR ME LOST WORK VITAL INFORMATION,"I received the scandisk 256 GB on April 1st  2019 AMD proceeded  to save my Work information on it. Most were pptx, lots of surgery vídeos and lots of thousands of pictures of surgeries because I am an orthopaedic surgeon, university and hospital professor. Everyhing seemed to be ok untill yesterday Whe my 2 Mac computers told me that could not read the scandisk 256 with no reason at all. It was not exposed to sun, water, strikes, nothing more than common treatment you can see it in pictures I added, no damage. Both computers told me the same. If I can not recover the information I Will be in serious problems."
4.0,"Awesome capacity, poor heat dispersion","So, I love this drive i the sense that it has the capacity of a hard drive.  That said, it is tiny, easy to lose (ask me how I know) and because it is so small, there are two limiting factors: speed and heat dissipation.  This is not the fastest drive (I didn't expect it to be for the price) and it gets HOT.  This latter issue is caused by the fact that it is so tiny it barely extends past the USB port itself.  I have been borderline alarmed a few times after writing data and then taking it out of the drive.  When I say hot, I mean it.  Not harm yourself, but definitely makes me wonder how long the drive will last, hence I docked it 1 star."
2.0,Fragile and super heat sensitive,"This thing gets hot and it also doesn't tolerate heat.  That's a bad combination.  I had it plugged in to the USB port near where my laptop exhausts hot air.  As soon as the laptop started working hard, it would blow hot air on the usb key and I would start to get read/write errors.  Moving it to a different usb port fixed that problem I think."
4.0,"Feels a little cheap, but works just as advertised","Being mostly plastic, it has almost no weight. The little loop for the lanyard sticks to the side and can get in the way of some USB configurations."
5.0,Tiny and powerful,Wow! 256 GB on a tiny USB 3.0 device!! We are living in the future for sure!
5.0,Very Fast and very small,Very nice small footprint fast data transfer and good size for the price
4.0,Excellent,Really good drive and really good speed for 16 gb version. especially write speed first 200-250 mb is verry fast at around 40mb and then comes down to 11-12. in transfers under 200mb the popup window does not even show up.
3.0,"Small profile, large capacity, cheap plastic","I've been waiting for a 256 GB low profile flash drive for some time. My computer has a 256 GB internal SS memory, which can get eaten up quick with files. So I've been using a 128 GB low profile thumb drive for a while to store all my files and only put applications and operating system on the computer's internal flash memory."
2.0,"worked for a while, but","It worked fine when I got it, but now it only stays connected to my laptop for about 10 minutes.  Then I have to take it out and pop it back in to the USB  port to reconnect.  I'll try to save something on it, and I'll get a message that says can't find it...was it deleted, moved or renamed?  Also, it won't show up in the list of available drives when you go into the files icon.  This made me worry if it will get to the point that I won't be able to access it at all and I'll lose all my valuable files I have saved. I've only had this flash drive for a couple months. Yesterday I ordered a different brand to copy to so I can throw this one away."
5.0,Awesome!,"Delivered early and protected. I really love this device. I wish they made larger capacity drives: 1TB+ . It is best product made by a reputable company. Although it is perfect, I wish the company would include the durable small chord that easily thread through the opening at the end of the drive to facilitate storage when not in use. I know it exists on the market, but it would be great if it was included with the purchase. Love this device. It is so small that I often forget that it is there, but it is so small that you can store it away in the laptop with creating problems or damaging the device or the laptop."
5.0,Great size / Used for Running Linux on Thumb Drive,"The small size of this drive is it's crowning achievement. It's so small that it's hard to lable - one has to hang a lable off of the loop to avoid confusion among a set of like-sized thumb drives. Price was excellent - so good that I bought a batch set to have some to set aside for future use. Oh: they are USB-3 fast, too. LINUX: I used a 32 GB version to resurrect a sadly under provisioned, small, Window$ laptop - installed Mint Linux and it runs fine from the thumb drive.  Small size is a real plus: one can leave the drive in a USB port without worry - it's nearly flush with the side of a laptop."
2.0,Whoo Cheep Plastic,"Bought this for my car, load music and audiobooks... and SanDisk always had good stuff.  But this is cheep plastic.  There's no way I can use this in my car over the summer, it would easily melt.  The description even says in-car audio!  No way, all flashdrives I've ever owned are metal, expected the same with this, but the entire piece is very thin plastic. If it was in my car, the rectangular plug could easily warp.  Ok for home use, why I'm giving 2 star but be good if they mentioned the material in the description.  I did find it in the Questions part but that's after knowing what I was looking for.  Ugg, going to return this one!"
3.0,Write speed is poor (less than 8 MB/sec),"I don't have enough time with this to comment on it's durability. I can however comment on it's performance. While I knew the bold ""130 MB/sec"" on the package was wrong, the poor write performance is a big disappointment. It originally came formatted with FAT32, and the write speed was about 5.5 MB/sec using h2stest as my measurement program. It took well over 40 minutes to completely fill the drive. The Read speed was quite reasonable at almost 85 MB/sec (close enough to the claimed 130 MB/sec). I then tried it after having reformatted with exFAT. That improved the Write speed to about 7.2 MB/sec with the Read speed still in the range of 85 MB/sec. The 10-15x ratio of Read to Write speed is still a major issue for me."
3.0,Nice form factor; poor write speeds,I purchased two of these: a 16GB and a 64GB size.
5.0,Awesome concept for devices without an SD card slot,"Needed to find high-capacity USB storage to add to an older Android 4 TV box with only 8GB onboard, and this fit the bill when nothing else worked - the box itself had an SD card slot but it wasn't reliable.  By contrast, this USB drive mounted perfectly, allowed for timed recording of shows from my IPTV provider, and has not let me down yet, despite the Android TV box itself being a bit quirky.  These would also work well for a mini PC or storage server where your configuration and setup can reside on minimal storage, with little read/write hits.  I would highly recommend."
5.0,Perfect for my use!,"I am a university student who wanted to add a bit more secure storage to my computer and this is perfect! It fits really well in my Mac book Pro Retina 13inch. Mine doesn't have a light (or I haven't noticed it) and that doesn't bother me. It stores the files well and I love that when you first plug it in, it comes with directions for how to password protect files you save to it in case you ever need to do that. Overall it is fantastic so far, it's only been a couple days since I bought it but seems like it will hold up as well as all my other SanDisk purchases. Love the brand."
1.0,Horrible write speeds,"I received this device yesterday and it has been completely useless.  I formatted it on a Linux laptop as a LUKS encrypted drive.  Running programs that attempted to write data to it caused the programs to freeze up.  I'm not sure if I received a defective unit or not but from looking at the other reviews it appears to be a common issue.  I re-formatted it in windows and I tried to use this device across two different laptops and experienced frequent freezes and atrociously slow write speeds.  Despite the description's claims of  being able to copy a movie in under 30 seconds, I attempted to copy a DVD iso file of size 6 GB. The write speed would start off at about 2MB/s and quickly drop to under 200KB/s within seconds. I cannot even transfer such files as I watch the transfer flip between 0 and 300KB/s write speed. Windows is estimating it will take about 10 hours to copy such a file.  I don't have this problem with any of the other USB drives I use on the same ports or machines.  This was a total waste of money."
4.0,Tiny drive,"This little dude is so small, that you need small wiry fingers, long nails, or some soft pliers to get it out! Also, be careful not to lose it - it is not much larger than your thumbnail. But it works like a charm. I bought the 32 GB capacity, and it came available with 28.5 after deleting the SanDisk encryption program you can enable on it. I bought mine for a front-loading USB on a car stereo to be able to leave it in all the time. It is perfect for that - load a 32 GB tiny flashdrive with 3500 songs, and let it go for 2 weeks, 24 hours a day with no repeats. Awesome!"
3.0,Remains to be seen ... cautiously optimistic,"I have another model of this type of 64 Gb flash memory drive, but it is made of steel and arrived with a plastic protective cover. THIS MODEL does not have the cover and seems to be made entirely of plastic. I am usually always happy with Sandisk products. I have many, of various capacities for various uses. In this model, the use of much lighter weight plastic casing has me worried that I'll be spending even more money to replace it sooner than later - not the problem except for the inconvenience of it, but data lost from a damaged flash drive most certainly is. This is especially a problem due to the high capacity at 64 Gb. Wish me luck."
4.0,So far so good,Got a 32 gb for my Pandora's box 6 to add some extra games. 32 gb seemed to be plenty because their weren't many more games I wanted. I got this to replace the 16gb one it came with. It worked and I think I got all the games I want on it and more so I popped it in the box and really shouldn't have to take it out unless I bump into another interesting arcade game I forgot or didn't know about. Hopefully it won't break with minimal usage. It is flimsy feeling.
2.0,Read only after a few months,"I formatted the drive as ExFat and used in my Nvidia Shield for a few months.  It was largely a read only device to begin with as I didn't add too many files.  Today I tried to add a new file and found that it would not allow for writing to the drive.  Upon searching the net for workarounds, I learned that the drive will go into read only mode when it detects something wrong with the operating system it uses in order to ""protect against data loss"".  I'm left with a 256gb drive that I need to replace after a few months of use.  Stay away from SanDisk products."
5.0,Thumbs up!,"It works extremely well, above and beyond, I have been using it for Steam purposes and it does the job...  Heat is not an issue, it does it get hot,but it is not getting hot its own.  So far I have put it in performance mode and I do not think I am worried about issues in the future."
4.0,Good performance but gets very hot,"At a first glance in the package after receiving it, it looked very fragile.  I was affraid I'd break it or damaged it while opening the package.  The performance is good enough for my Nvidia shield.  The 4 stars is because of how hot this thing gets just being plugged in, even when it's not being used!  I really don't understand why it gets so hot just being plugged in.  It seems like a defect of some type.  I'm glad I bought the 2-year insurance protection in case something happens to it!"
1.0,Locks up,"Avoid this model.  I had used smaller capacity, larger form factor, SanDisk drives successfully in the past so I trusted the brand, but this model is a loser.  It locks up and hangs regularly, can't even unmount it.  I suspect that it is overheating and then stops processing instructions from the controller.  Saw some other reviews reporting similar behavior."
1.0,Became read only when I am actually going to use it,"Bought it 4 months ago and used it once or twice. Today I tried to copy some files to it and just found out it was read only. What's the heck! I googled and tried on mac, windows and linux. None of them worked."
5.0,It's tiny,"My tabtop (tablet/laptop hybrid) needed some more storage.  I didn't want to spend a lot on an internal SSD so i'm using this as a second mini hard drive.  I leave this plugged in nearly all the time, and since it's so small, it stays out of the way and I forget it's there a lot of the time.  I don't have to worry about it getting snagged and breaking my USB port.  USB 3.1 has super fast transfer, so it feels like this USB storage unit is integral to my system.  And if my main SSD does fail, most of my files will be easy to transfer to another computer.  This was well worth it in my opinion."
3.0,"Read is fast, write is slow... items stays cool",As with most sandisk usb drives that are low cost the write speed is slow but the read seems to be off the charts.
1.0,Died after 3 months,"The USB drive worked great for 3 months. Then it died. Completely. It was around 1/2 full of its 128GB capacity. The error was physical - the plastic end cap bent and warped the plastic on the body as well. This is from normal usage. For comparison, I have another 128 GB USB drive from Samsung that I used in exactly the same way, and it has been great for over 1 year."
3.0,Can see why it's so inexpensive.,Like others have noted This thing is not just plastic but flimsy plastic. It works for me because I got it to put into my macbook and leave it there. If I was going to keep swapping it out with different computers I would be super leery.
5.0,works good,"Fairly good usb drive. Pretty light all plastic design. Doesn't have an indicator light like SanDisk's previous modes. Sequential read/write speed for a usb drive is pretty great. Also doesn't get as hot as the previous Sandisk usb drives which is great. I'm not 100 percent about the all plastic design. Although, the black on black color scheme of the thumb drive sure looks good. As of now I give it a 5 out of 5 star rating. If anything changes in the future. Like if it breaks or starts to slow down, I'll be sure to update my review."
1.0,Just stopped working,I purchased this for use in my Tesla to take advantage of the dashcam feature. It worked great for about 3 months then suddenly was no longer detected. I connected the device to my laptop and it was not discovered.
1.0,Flash drive NOT full 128GB capacity as advertised,"When I received the device, it does not provide the full 128GB of capacity, instead only providing just more than 114 GB Note that this is *not* an issue of GB vs. GiB (base 2 versus base 10 calculation), since that would at least report availability of 119 GB and change."
5.0,Great slim fit.,"I was debating whether to get an external hard drive, large capacity SD card, or this. I chose this one, as I'm not necessarily transferring high volume files, but if I did the USB 3 speed would make it bearable. My laptop's SSD only has 128 GB to start, so adding 256 more to that was very much welcomed, and I can leave it in my computer and put it in my case wherever I go because it is a slim fit and does not affect the profile. Also, besides just being storage you can use if for whatever you would use a usb drive for. Very versatile, I would consider buying more. (but don't loose it!)"
5.0,GREAT tiny item,I have a radio in a street rod with a USB port in the front and I wanted specific music to play. This is the smallest jump drive I have ever seen and it works PERFECTLY as far as size and clarity. I did not want a jump drive sticking out the front of my radio bouncing around as I go over rough roads. This is so small you have to look close to even tell it is in the radio at all.  I ordered 2 and am very happy with my choice.  It is smaller than my thumb nail. I will order more in the near future. I got the 16gb.
5.0,Great device at a great price.,"This was purchased for the USB 3.0 and higher capacity replacing an older USB 2.0 model.  This device is much faster than a USB 2.0 storage device.  This used for playing music from in a vehicle so the low profile size keeps it from getting damaged or possibly broken off in a USB as older longer flash storage devices could.  The size, amount of space for the price were the attractive features of this drive.  I've had many positive experiences with SanDisk products and so far this adds to the collection."
4.0,Convenient size and large capacity,"I am rating this 4 stars because it's a well made product but does have some flaws. It works and I noticed transfer rate seem fast. Being so small makes it easy to carry, but also easy to lose. I wish SanDisk had included some kind of plastic storage or carry case like they do with their other storage devices. The other thing is that it gets really hot very quickly. This causes me some concern. Compared to other USB drives I have owned this one feels almost uncomfortable to touch after use."
3.0,"Speeds close to advertised, poor build quality.","This drive has been, in a word, ok. It is fast enough for file transfer duty but I do not feel comfortable moving it frequently because the plastic is so flimsy. it is already badly scratched from moving it to and from a couple usb ports for file transfer. It looks like the plastic is getting shaved away or cut into so the drive will not last very long. Also, it gets very hot. Not a big deal for me except I worry it is exaserbating the weak cheap plastic worries I already have about this drive. Honestly I like it well enough except for the plastic. If it was not plastic all arround it would get a lot more use. I would suggest using it for a static application like in a retro console like a snes or static storage on an nvidia sheild or something like that."
5.0,Excellent external storage space.,"This flash drive made me nervous at first. It didn't fit well into the USB ports on my PC or my laptop. It took some real effort to jam it in. I don't think this has anything to do with it being 3.1 but it's a tight fit and has signs of wear on all sides and it's only been in one computer and then to another four times at the most. It is very fast. I copied 10+ Gigs of pictures and files in mere minutes. It's become an additional storage source on my laptop that only has a 256GB SSD, and it has been very fast when transferring or pulling out files. I was not expecting this to be of poor quality for the price but it's been so long since I had a flash drive I didn't even thing about how much things have advanced. The drive itself is very small, which was my biggest purchasing reasoning. But I could see this getting lost if not stored in a computer/laptop USB port at all times. It doesn't come with any case or lanyard so if you plan on carrying from place to place I suggest getting something to more easily locate/protect it."
2.0,This flash drive was not recognized by my new laptop.,"This flash drive could NOT be used in my new HP laptop running windows 10. I tried many fixes, tried a dozen suggestions online, followed prompts by my laptop, but the files on the flash drive could not be recognized and therefore I was unable to transfer data from my old tower comp., running Windows 7, to this new laptop. Yet, when I put it back into my old desktop it opened all the files flawlessly. This product said it was compatible with windows 10. Apparently, in my case, it is not(?) This is my experience so buyer beware."
1.0,Deleted all of my files,"CAUTION!!!! When I backed up all of the files from my work computer to the secure vault it deleted everything!!! Pictures, quotes, invoices, bid packets, blueprints- ALL GONE! I spent two days with tech support from sandisk, microsoft, and data recovery companies. In the end, my information is gone and there is no way to recover it. As a USB device it works great but they have some serious issues regarding their vault features. I was able to pull important files from my email but I lost a lot of data."
3.0,"Could have been great, BUT...",The device functions well only in well ventilated (preferably air conditioned) areas.
4.0,"Decent high capacity drive, but it has some drawbacks.","I have been using this drive for only a couple of days so far and the read speed is great at more than 100 Mbps, but the write speed is pretty poor (14 to 20 Mbps) and the composite USB plug is already noticeably worn after about a dozen uses. As others have stated the fact that the plug is not metal does fix the fact that the old style could get the plug too hot to touch, but it makes me worry about how long the drive will last with a more fragile connector and less ability to remove heat."
5.0,A Speedy Low Profile Drive,Big storage in a small space...
1.0,Damaged Upon Receipt,"Right out of the package, the drive was damaged (Not the plastic casing, the internal component), and would cause my system to lock up every time I tried to copy files to the drive.  This was confirmed by an error written to my Windows System logs  Thankfully, Amazon has a good return policy.  I'll definitely be selecting another brand of flash drive."
5.0,Surprisingly small,"Headline says a lot.  Considering the amount of storage these have the product is very small.  Less than the diameter of a quarter and very light.  This is both good and bad as the small size could results in the device getting lost quite easily so I installed a lanyard on it just to be sure.  FYI, this has encryption and requires a password to use so think its main purpose would be to secure sensitive information.  But its easy to setup and use."
4.0,Perfect for modern car A/V systems,"This is basically a good price for some good USB flash memory, with one great advantage — its size. I just bought a new car, and it doesn't have a CD/DVD player. The way one is supposed to listen to music is to plug a flash drive into a USB socket in the bin in the center console. Presuming other stuff is slopping around in that bin, that leaves the flash drive vulnerable to collisions with other stuff. This memory is so small that competition for space is a non-problem."
5.0,Home theater system have a USB port but not BT? Put a copy of your music on this flash drive and play it loud all day long!,"I used this flash drive to hold a copy of some of my extensive music library and play it through my Samsung DVD Home Theater System HT-X20. The flash drive is plugged into the  front USB port on the HT system and music now plays through all speakers when the system is on the ""USB"" setting. This older home theater system doesn't have Bluetooth capability but it's still a great system and with all the music on this flash drive it can play 8K hand-picked songs in perpetuity and whenever. Not bad for a $14 investment. Awesome!"
3.0,It runs very warm,While this is a cute little unit and it doesn't stick out of your computer very much I think it runs too hot to be a long lasting device and even when just plugged in and idle it is hotter than I expect memory to be.  I don't use this anymore but have it saved away in a box with some micro SD cards.
5.0,Almost Too Small?,"I love how tiny this USB drive is. However I've come close to losing it several times, especially on my dark granite countertops. Solved by putting a cord through the loop part (cow hitch knot) That way it doesn't catch anything but is easily findable. No problems with anything being corrupted (so far). I have two for my Tesla and easily swap them out for dashcam footage. The cord also helps in pulling the drive as well in tight spots."
3.0,I think I got a defective unit,The unit I got would periodically unmount itself as I was copying data to it.  I'd have to start the copy over again.  After about a half a dozen times of seeing this in an hour I decided that it wasn't worth keeping - I had no confidence in it.
4.0,It works and it's small.,"This drive performs well enough, if far short of being mindblowing. CrystalMark shows read speeds of around 120MB/s , writes around 30-50, for sequential transfers, good enough for bulk storage use or quick throwing of files around. Random reads are passable at 8ish (random writes are abysmal). My use is pretty mundane mostly, occasionally throwing images/documents/videos onto, and for this it does the job acceptably quickly."
4.0,Perfect to give your netbook or travel laptop a hard drive equivalent,"We have a solid state travel laptop. This little flash drive provides the equivalent of a decent-sized hard drive. It's slower than a real hard drive or an on-board flash drive, but for a travel laptop it's plenty fast, works like a charm, and doesn't stick out much. I only trust a handful of flash drive brands, because I'm using them to store photographcs that can't be replaced, and SanDisk stands at the top of that short list for reliable flash drives."
3.0,Gets REALLY hot,Have had this since march.  It works (really well) for a bit and then gets really really hot (multiple ports/computers) and stops working until it cools down.  Maybe 5 minutes of really intensive file-copying on a USB 3.0 port before it will start throwing errors and almost burn your fingers pulling it out (I usually wait a few minutes before even trying).
5.0,Works great for my needs on my Raspberry Pis,"I bought two of these devices. One was for my RetroPie setup so that I can put tons of roms on it. The other was a backup for my other Raspberry Pis. Since I'm using the backup one only for backup purposes, I can't speak too much on the speed. It backs up overnight and ready to go the next day. I saw some reviews on here about the heat. It does heat up, but if I pulled this out, I would hold it by the outside plastic. I wouldn't touch the metal because of course that would be hot"
5.0,Easily lost . .,"They definitely have the drive space along with the locking vault feature making it much sweeter. I also like that these are more ""streamlined"" than the other more bulkier flash drives. Not easily knocked out of ports and small enough to fit anywhere. . .which is where the other problem lies. They can be easily lost as well, defeating the purpose of security. But of course, they have an eyelet made onto outer end so you can insert a stringed lanyard for a better grip when carrying or ""wrapping"" in a secure location. I will always be a supporter of this product."
4.0,High capacity storage with some issues,"This is a storage device made for storing a large amount of data, 256Gi to be exact. Its compact design makes it best for use as expandable storage for laptops. The device is made of plastic and I have no issue with this as I always keep the device connected to my laptops but for those who need to connect the pen drive to different devices might have to be careful. I am using this storage to expand storage my 128GB MacBook Air. But I notice that since the drive is always connected, it remains hot for most of the time even when I am not accessing any file or application on the drive. For those who might be connecting the drive for some time, this might not be an issue. Overall, I am satisfied with this product and for the price tag, I would suggest this purchase. Also, Sandisk devices come with their SanDiskSecureAccess Vault using which you can store your data in encrypted form."
3.0,Ridiculous Packaging,"OK, it works. But I have to say the packaging of this tiny drive is ludicrous. It is ensconced in this hard plastic bubble that hugs every contour of the device. I initially thought there must be a layer you could peel away, but no it's hermetically sealed inside. After embarking on a microsurgical odyssey to free the drive from the packaging, I actually nicked of a bit of the plastic shell. Fortunately it still works fine, but it was just so annoying."
5.0,So far so good...AAA++++,Using it for my Tesla Model 3 dashcam and no issues so far. Will update after 3 months for durability.
4.0,Tiny and works well,"I have only had the drive for a short time but it has worked well. Windows originally only saw it as a 32GB, but I was able to use DiskPart in the command window to change the formatting to make the full 64GB available pretty easily (there are many good tutorials online.) I don’t consider that detail to have anything to do with SanDisk and believe it to be related to how windows 10 does things. The drive does run warm though, and the bottom wall feels fragile but did not fail in a dozen or so uses. Otherwise it is wonderful to have such a tiny drive with big capacity."
5.0,Compact and fast,"Using this for playing audio books on an in-dash car stereo.  Compact dimensions make it less prone to being accidentally hit.  I was initially worried it would be difficult to pull out, but it has a nice little tab that’s easy to grab.  It really is USB 3.1, can port files quickly."
5.0,"Lots of space, security and fast file transfer","I really like this flash drive. It has a lot of space, built in security and transfers files fast. Over had no issues using in in several different computers, including a chrome book. It's tiny though, and I've temporarily misplaced it a few times... My fault, not the companies fault, but you should be aware that it is tiny and black, so if you put it down on a dark colored desk, be careful. It's exactly what I wanted, and the value was very good for a brand name USB drive."
5.0,Super sleek and easy to use,"I wanted a USB drive to use specially for my photos and important documents. In case, heaven forbid, there's ever a fire I can just grab it and go. I know you can upload files to ""the cloud"" but that takes time. It's so much easier to simply save the pictures to the USB drive. It's small enough that it doesn't get in the way while I'm using my laptop which is the main reason I purchased this one. It sticks out no further than the USB plug for my wireless mouse. I'm actually planning on purchasing one for my husband."
5.0,"Not fastest or biggest, but high value for the price","Inexpensive and functional. ""It just works."" No, it's not the fastest kid on the block, or the one with the most capacity. It's just serviceable storage at a bargain price and great for small backups, portability of small to medium file sets, and so on. The only downside is that there's really no way to physically label it other than with a permanent marker, but that's the tradeoff for its small physical size. Also no way to put it on a chain so it doesn't get lost. But I still give it 5 stars for excellent value."
5.0,A Great Back-Up For A Nominal Cost,"I stored 10,000 of thousands of business documents on an external hard drive until it crashed.  Fortunately, it was a device failure and my data was recoverable.  That caused me to move into the cloud.  As an additional backup, this flashdrive holds my documents.  I update it weekly.  Mental comfort is worth the minimal cost.  Highly recommend."
