ratings,rev_head,revs
5.0,Never fails me!,"I almost always only use SanDisk Extreme Pro memory cards and have never had one fail me yet. I shoot over 100 weddings a year, these cards are always super fast and have never thrown an error code on me. I had 2 friends give me other cards that claimed to be pro cards (other brands) and they both eventually threw error codes on me. I was lucky because my cameras have 2 memory card slots and I was using sandisk as back up so I didn't lose any photos. I won't by any other brand and I will be sticking to the pro cards!"
5.0,fast SD cards for DSLRs.,These are fast SD cards that work as fast as the buffer in my Nikon D7100 and D600. Most important thing in SD Cards for DSLR is write speeds and reliability. Just make sure you don't get an imitation.
5.0,Excellent fast cards!,I purchased Lexar 633x cards that claimed 95MB/s but this speed was just for the reading speed! the actual writing speed was about 20MB/s... too slow (almost useless) for professional - heavy - work. So I went for these Sandisk cards and the difference is like night and day. Period. These cards are very reliable and free up the camera buffer fast.
1.0,Never Again,"I bought these for a safari earlier this year. My camera has two memory slots, so i thought i would purchase these as I did not need anything faster for the shots i was planning."
5.0,Sandisk works again!,"Another great set of memory cards from Sandisk. Put them in my new Nikon D750 and have zero issues. The USB card reader was a novelty kind of thing that was included, but necessary if you don't have an SD card reader on your laptop. I won't be using it, so don't know how it will perform."
5.0,Works as it should,The card reader is poor quality but I didn’t expect much there anyways. Not why I ordered. SD cards work as they should.
1.0,Wouldn't work,"I have a Nikon D3300 and as soon as I put the card in, it said that it cannot read the card.  I tried reinserting it multiple times, still didn't work.  I was hoping to use this when we go on vacation to Hawaii, but I guess I need to find a different SD card."
5.0,These are great. I use them as the original card,"These are great.  I use them as the original card, and have a small card carrier for them.  Excellent for travel."
5.0,Bullet Proof Digital Storage,...have used SanDisk SD cards for  years -with not a single failure due to a malfunctioning card...  A few self induced catastrophes but never at the fault of the  card.  Even had some survive the spin-cycle.
4.0,Worth every penny,I really like this item. When I find myself on continuous shooting it’s able to write to the drive pretty quickly without me having to take a pause for it to write he information to the drive.
5.0,Exactly as expected,"Great card.  Works very well and works quickly even when shooting continuous raw files.  Comes with a USB card reader which isn't great quality, but which works well enough so far."
5.0,nice to have,they take burst mode great. i have 6 now. never know when we need
5.0,Five Stars,Working great in my Nikon D750.
4.0,Images saved,Images are saved as advertised
5.0,Really great!,I do love this brand for memory card! They are great!
1.0,Card error after 2 months,"I'm a professional photographer and I WILL NOT be purchasing the Extreme Pro cards again.  Within 2 months the card has an error and is unusable.  Luckily my camera takes two memory cards and I always use one as backup or I would have lost a whole photo session.  What I received appears to be the real deal, white tab and barcode on the back."
5.0,Fast response,Fast and accurate product
5.0,Great,Great
4.0,Gets the job done!,Great!
4.0,Worth the money,Works great
5.0,Five Stars,great price fast shipping
5.0,Reliable cards,Excellent
5.0,Five Stars,received as promised
5.0,I’m sticking to this for my ics,Works
5.0,Excellent,As expected. No disappointments.
5.0,Great with Fujifilm X-T30,Works very well with my Fujifilm X-T30.
5.0,The Best of the Best,"Work great, I would indeed buy these SD cards"
5.0,Five Stars,"Funcionan perfecto! venían bien embaladas (envío a Punta Arenas, Chile)."
5.0,I recomend,"Best memory card ever,all working,have't problem"
5.0,as expected,working fine
