ratings,rev_head,revs
5.0,Made in Taiwan,"I purchased the SanDisk Extreme Pro 32GB. This card was labelled as ""Made in Taiwan"". There were mentions on the internet that SanDisk only make their cards in China. I called Sandisk support to verify. They said they do make some of their cards in Taiwan. After providing them with detailed pictured of the card, they confirm that it is genuine."
5.0,It works on Mavic Air.,It works on Mavic Air without video lag or lost of video frames.
5.0,Works with Yi 4K camera,"This works with the Yi 4K action camera, which is finicky about cards. With this one, I have no issues shooting 4K video at the highest quality."
1.0,SanDisk's Defective MicroSD Card Destroyed My Mac Mini's SD Card Slot While Melting,"If you like the toxic smell of burnt cabbage and having a little bit of nausea, then go for it. But if you want a quality product avoid SanDisk microSD cards like if they were the plague."
5.0,Trusted Brand!,"Definitely a trusted brand and works great in the S8. After reading about fake cards & lower quality cards in the market, I wanted a memory card I can trust and rely on, this one delivers. It comes in the original SanDisk packaging and has all the markings of the original brand."
1.0,Don't. It Must Be A Fake,"I almost forgot I purchased this card. I had a wedding coming up and wanted a better card. I bought the card, tested it out as you should before an assignment. Well < I started getting error codes. Called my camera support. They told me many options. Reformat, double erase, one in the computer and one in the camera. This went of for two weeks. I set it aside and started back using my Ultra Plus. No Problem! I have been using the Plus ever sense. I shot a little video yesterday at a car show-ERROR. Problems.. Back to the Ultra Plus."
1.0,Can't format after use.,"Used this in a brand name wilderness camera. Was then unable to remove data or format the memory card. Unsure of what was wrong with it, but other cards worked fine. I'm slowly discovering that there are many issues with SanDisk memory cards. I am going with Lexar from now on."
5.0,The speed makes a difference,I use this as storage in a network capture device.  The need for high-speed storage that can keep up with a network stream is essential.  The SanDisk Extreme and Extreme Pro have worked very well in this use-case.  I picked this up to do a speed-test just to see if it made a difference in the same hardware and it is hitting transfer rates higher than the hardware specification and higher than the SanDisk Extreme cards.  Very satisfied and use many of these in my work.
5.0,Trusty Storage for a great price,"I've come to trust SanDisk over the years with the usage of many of their storage products. They have always been incredibly reliable, well made, and durable. This is no exception. I am using this for my DJI Mavic Air drone, and the read and write speeds keep up with the drone, and allow fast transfer to my computer."
5.0,Fast Shipment by JDI Electronics,"Have been using SanDisk for years and have greatly held up until my 60D was stolen.. These are the most reliable and best and well-known brands of SD cards out there with a reasonable price. If you're looking for a SD card, for things like a GoPro, DSLRs, Drones, etc. This is the one for you."
5.0,the best card regardless of price (in this class),in the  100 MBS this card rules! There are others that are faster but twice the price at least! the best card regardless of price (in this class)
5.0,Best of the Best,"only SD card I use in my equipment. GoPro's Drone, Osmo+, phones... I use this in my Tascam Audio Recorder, and use 64gb versions in my other equipment. Extreme Pro is more expensive, but I have never experienced a recording failure with these, and I have on lesser quality SD/MicroSD cards."
3.0,Check both cards...No Surprises!,"I ordered these (2) Flash Cards because i’ve always been a fan of SanDisk. I wanted additional cards for my Nikon camera and other electronic gadgets. I’ve had the cards stored in a protective case in my camera bag for over a year now, and just inserted the 2nd card when I finally ran out of space in the middle of an event. Well, that was a big mistake as the 2nd card would not work and my camera could not reformat it. Now, not only am I out half of what I purchased...I also missed out on some important images during my child’s event."
5.0,Great for single board computing.,I use this card in an ASUS Tinkerboard 2 and it has been a great choice! The read and write speeds are exactly as advertised and it functions as well as you’d expect from a SanDisk SD card.
1.0,Useless,"This card is useless. Didn’t work with my go pro (said card error) didn’t work with my dji osmo, my Mavic Pro drone and the message above is what comes up when I put it in my iMac. I can’t even format it!"
5.0,Solved my dropped frame issue,I have an Akaso EK7000 (hero knock-off) with a name brand micro SD but every save lost a frame. This SanDisk has the speed to solve that problem.
1.0,Wrong Chip / Chip is bad,"First off, its not the chip i bought and paid for. Also the chip is bad, dont work."
5.0,Good product.,SanDisk makes good durable memories.  I prefer the 90mb/s and faster for Blackmagic Design products etc. I got this one for a dash cam so didn't need a real fast memory.
4.0,Excellent product!,"The product you expected, in the estimated time. I will continue buying by this means, amazon.com where I find what is nowhere else, until now I have never had a problem I hope it continues like this!"
5.0,Good,Got this after my old one in my phone got corrupted.  Works great and saves videos at a greater quality than my old one.  Works good for what I need.
5.0,Five Stars,Easy to put into my smartphone. So far it really works very well./
5.0,FAST!!!!!!,"Great speed, I use it in my Mavic air drone to shoot 4k video, writing and reading speeds are unbelievably fast....."
5.0,Can't go wrong with these,It really lives up to its promises. You can't go wrong with this Extreme Pro model at this price.
5.0,Five Stars,Works great and very good price. This same micro SD card was $80 at bestbuy
5.0,Dependable,"Never go with the cheapest product when it comes to SD cards, thumbdrives, etc. They go defective. SanDisk is very dependable. Lasts for years."
1.0,wrong product,updated - 3/19/18 -
5.0,Good write speed,"I shoot 4K on my drone with this and it keeps up, never stops and works fine."
5.0,Highest Speed Read and Write,This is the best for 4K drone photos and videos. I use it with my DJI Phantom 4 Pro drone. It is flawless.
5.0,Super fast,"It is really fast, especially when you have large number of files"
5.0,As good as described,Very Happy with the purchase.
5.0,Fast and stable,"Very fast, totally stable card I will buy many more in various sizes"
5.0,Works well,"I suppose, this is a descent buy. I needed it and it works!"
5.0,Micro sd,Seemed like the best deal on a fast card to use in my pocket osmo
5.0,Superb product!!,Can’t go wrong here. These work flawlessly.
5.0,4k action camera SD card.,Perfect for 4k action camera. This is the one you need.
5.0,Great price,Works as expected
2.0,Not reliable,"I ordered 6 of these to run an Android AOSP system.  One of the six reported read errors.  Based on the sectors that had issues, I'm guessing several blocks went bad.  This occurred within 3 weeks of use.  The other 5 would also have the occasional random problems.  I'll stick to Samsung PRO SD cards from now on."
5.0,Five Stars,Product was reliable and fulfilled its advertised function.
5.0,Excelente producto,Ideal para utilizar en mavic air
5.0,Five Stars,So far so good and so fast.
5.0,Perfect,Works great
5.0,Never failed.,Quality product.
5.0,Great for Mavic Air videos.,"Works perfectly with my Mavic Air.  As I learned on a YouTube video, add a small piece of cellophane tape to make it easier to remove from the tight compartment."
5.0,You can't beat SanDisk,Great memory card!
5.0,Used on DJI Drone,Used on my DJI Mavic Pro and worked great for 4K video
5.0,"Good - write speed for the price, read is even faster.",Happy with purchased.
5.0,My go to card,It’s a Sandisk card. What more do I need to say?
5.0,Awesome card for 4k,Great deal
5.0,Five Stars,Very Good Mircosd for 4K filming
5.0,Best for affordable price.,Very fast write speeds. It could be me but it seems like the buffer speeds are a lot faster after taking videos and photos with my camera.
5.0,No issues.,"Works well. I have no issues, and been using over and over with my gopro. Thank you."
5.0,very fast,"the best memory card out there, very fast. don't purchase the fake memory cards claiming that they're faster than sandisk extreme pro"
4.0,Great price,Good quality
5.0,Great Price!,Great Price!
5.0,It's SanDisk,SanDisk is top quality hands down!
5.0,"If you have a Mavic Air, buy this!","I bought this for my Mavic Air, which requires a 100 Mbit/sec write speed.  Worked without any problems.  4K video at 30 FPS looks beautiful."
5.0,Five Stars,extremely happy works great
5.0,I like this product very very much.,I like this product very very much.
5.0,Very good,Very good
5.0,Five Stars,Works great. Received quickly.
5.0,Works like it's supposed to,Very fast data transfer.
5.0,No glitching!,I have a “Mavic Air”. Have tried several cards and these record with no glitches at all!
5.0,Good product.,Good one.
5.0,Excellent value,Quick delivery and very high quality.
5.0,Five Stars,It's a memory card!
5.0,Five Stars,adding another one to my mavic air case!
5.0,perfect,great
5.0,Excelent value for the price,"They offer one of the best performances of writing speed on the card at an excellent price, very useful for 4k video recording and high resolution photographs, the file transfer speed is very good too!"
5.0,"Fast, Reliable.",Fast and Reliable. I use it for video recording in a Go Pro knockoff.
5.0,Good for GoPro,Worked great in my GoPro
5.0,Five Stars,worked perfectly!
5.0,It worked just perfect and it cost less with Amazon then Verizon,"It was just what I needed,  It worked just perfect and it cost less with Amazon then Verizon"
5.0,Amazing,Great product will be sure buying more in the future
5.0,One of the best,Exactly what I was looking for. Ended up buy 2!
5.0,Excellent cards,Excellent cards
5.0,Awesome,Awesome SD card
5.0,Super rápido delivery. Muy buena relación calidad precio y excelente para el drone. Gracias.,Gracias
5.0,Five Stars,Good price and works well
5.0,Works perfectly in my DJI Mavic Air,perfect for 4K video recording in my DJI Mavic Air.
5.0,Great for drones,"Item just as described,  works vary well. Thanks"
5.0,Great card for drone.,Works great in my Mavic Air drone.
5.0,best price and nice quality,The Memory card was the best that I found for this price. In my case I use in a DJI Drone and It wroks as spected.
5.0,Excelente funcionamiento,Buena calidad
5.0,Five Stars,AAA+++
4.0,Four Stars,Product is accurate. Delivery took 7 days.
5.0,Ok,Super
5.0,Five Stars,Reliable and working fine.
5.0,fast,blazing fast!
1.0,My MicroSD Came Corrupted,My MicroSD came in the mail corrupted before I even got my hands on it
5.0,Memory upgrade for drone.,I used this to upgrade the amount of memory in my DJI Phantom 4 Pro.  It is working fine.
5.0,works with mavic air,works great with the mavic air.
5.0,Great!,Great prodyct
5.0,Five Stars,"Great price, very useful for 3ds owners"
5.0,It works perfect,Love it
5.0,Fast shipping,Works great no issues.
5.0,Fast on apos,"Apps on my phone move fast,great at card"
5.0,Five Stars,Best brand on the market!
5.0,Five Stars,Product came just as described!
5.0,Good price,Dji spark
5.0,That it will be trouble free and reliable.,"Fast delivery, seems to work fine."
5.0,5 stard,"Works excellent on Samsung S8, very fast"
5.0,Works like it should,Works like it should.  Use it in a dash cam and the first one lasted 6 years in hot and cold Michigan weather.
5.0,Five Stars,Great for my DJI Mavic Pro
5.0,Great,SanDisk is great like always. Never buy an memory card from another company.
5.0,Extremely Satisfied with this Memory Card,"Hello, SanDisk Extreme Pro; Just Lovely, Extremely Satisfied  with this Memory Card.. Thanks To All!"
5.0,New speed.!,Those who received these as a gift were impressed.
5.0,Topen Notch memory,A must have for decent HD video cameras!
5.0,Five Stars,Great product.
4.0,Good... but not the best for raspberry pi 3,"I'm benchmarking storage for my raspberry pi 3 cluster and have found that the 64 gb version of this isn't as performant as even the 32gb variety. Still superior to most others though in terms of cost for performance. If you need 64gb get this... if not, get the 32 go variety of the same type."
5.0,Reliable performance,Performs as advertised. Always reliable.
