ratings,rev_head,revs
5.0,Faster and Cheaper SDHC UHS-1 card,"This is my second SanDisk Extreme 32GB SDHC UHS-1 card. First card (SDSDXR3-032G-A21) is the 30MB/Sec card that says HD Video on the label. This new card (SDSDX-032G-X46) is the 45MB/Sec product replacement for this class. Using a card reader that is USB 3.0 and UHS-1 capable, CrystalDiskMark was run for 50MB, 100MB, 500MB, 1000MB, 2000MB, and 4000MB loads. The sequential read and write were very consistent for this card, 45MB/sec and 43MB/sec respectively for reading and writing. Retesting the -A21 card showed consistent rate of 45MB/sec and 34MB/sec for reading and writing. It appears the new and improved SanDisk Extreme card writes about 25% faster."
5.0,"Tough, fast & yellow is easy to see in a dark bag","I own two of these 32GB SDHC Class 10 cards and they are just the ticket for HD video with my EOS 6D. Plus they handle RAW image bursts like a champ. I handle them carefully as SDHC cards are more flimsy than metal case CF Extreme cards I use in my 5D MKII. But so far I've  received impeccable performance, having stuffed these cards to the brim many times with HD concert videos during the past 6 months. My first Extreme 32GB SDHC has a handsome black and red label design. The latest and greatest have the same speed/specs but sport a gold tone label with red accents. The gold tone card is easier to find in a dark bag but could use a graphic design makeover."
2.0,Very disappointed with Amazon.com over this purchase.,"The item that I purchased was advertised as a SanDisk 32GB EXTREME SDHC Card Class 10 45MB/s UHS-1 300x (SDSDRX3-032G-A21. (Newest Version). The package arrived with a non standard UPC barcode label glued over the original UPC printed on the package which reads SSSDX-032-X46. According to the service Rep. at SanDisk, they did not place the glued on label over the original UPC on the package. It appears as though a label has been placed on a lesser version's package to make it appear to be the A21 (Latest Version). I have made many purchased from Amazon.com and this is the first time that I have been disappointed. I am now waiting for a response from Amazon.com with an acceptable explanation and hope that we are able to arrive at a mutually acceptable adjustment. Only then will I be able to continue to make worry free purchases from Amazon.com."
5.0,Fast and reliable card (two cards purchased 2 years apart),"Update July 9, 2014 :"
5.0,"Excellent for my HD Camcorder, Never Lets Me Down, Never the Bottleneck"," SanDisk has never let me down with my HD Camcorder.  This card has never been the bottleneck to cause any quality loss or data loss.  For vacation video and pictures, I wanted the confidence that my recordings were not going to be lost, or reduced in quality due to card issues to be discovered when I return home.  You only have one chance to capture those memories.  SanDisk is a great brand.  Last year I bought two SanDisk Extreme SDHC 16GB 30 MB/s (the previous model), and this year I bought this SanDisk Extreme SDHC 32GB 45 MB/s (the next model)."
5.0,Super fast card - bonus 1 year recovery SW included,Super fast card. I moved as a test about 45MB of photos to my SSD on my PC in less than 3 seconds.
5.0,Great price for a great product.,I bought two of these; one for my girlfriend's Canon Rebel XSi DSLR camera and one for my Zoom R24 track recorder.
5.0,great storage and speed upgrade for Canon t5i,The data transfer rates I've been getting with this card have been fantastic.
5.0,Amazing little card,I bought this card for use with my new Canon (
5.0,Sandisk 32GB Secure Digital Card,I don't purchase too many SD cards (SD=Secure Digital). But I know a good product when I see one.
5.0,Class-10 SDHC 32-GB by SanDisk,I always choose SanDisk products. This particular SDHC card is High Speed. Its a 300x SD-card. I use it in a Canon Vixia HF R200. This camcorder holds 2-of these cards. 32-gigabytes on a single card gives me almost 3-hours of MXP(high quality) Hi-def video capture. Useing 2-cards can supply continuous RELAY Recording of almost 6-hours. I use a external battery pack and a adapter for that. I have also found that useing my Canon Vixia HF R200 can be used in Dynamic Image Stabilization-which seems to allow the PCIe x-16 video card some relief on the file size. Prior to these 32-Gb SDHC cards..I was useing 2/16-GB Class-10 SDHC cards--that did show some small defects during the camcorder's file-stages. There was a tiny PLIMP/between some of the capture sections../that does NOT happen with these cards.
5.0,Real world performance improvement,"OK, I just dropped this in to replace a same vendor 20MB/s card.  Figured this had to be an improvement, if my camera (Canon t4i) could use the speed.  Other card had images on it, but I hit continuous shooting and it slows to one shot every 2-3 seconds.  With this card (No other images, so could change if loaded, but...) I hit the continuous and it was taking images on average a bit less than every second.  Sometimes 2 per second.  VERY rough estimate by looking through image review and looking at the time of capture, which only shows seconds, and ""measured"" that way.  I'm impressed.  I was going to get a direct replacement, and this was only $4 more, so I said, why not, give it a shot, it's a newer camera, it could help.  It sure did.  Will see if it helps when offloading to the PC, but I'll leave this as my review, as I don't care as much about transferring files.  I can go watch a tv show or something for an hour if that were the case..."
5.0,Extremely happy with Sandisc,I purchased two of these SanDisk Extreme 32 GB SDHC Class 10 UHS-1 Flash Memory Cards for a Nikon D7000 I recently purchased.  I has a chance to use these on a week long cruise and multiple family events.  The cards worked extremely well.  Class 10 cards are highly recommended because of the large RAW file size this camera can put out as well as the speed needed  for video recording.  I recorded several movies and shot in both RAW and JPEG and the cards performed marvelously.  The cards cost only a few dollars more then no name brands and I had the solid Sandisk reputation and my personal experience of never ever having a problem with any Sandisk memory device.  Judging from the performance I have no doubt they meet the 45MB/sec transfer rate.  I also had a chance to use the cards in a GoPro Hero II action camera.  Again absolutely no problems with the cards.  They are simply great and I highly recommend them.
5.0,Pretty much as advertised,I have used this card in my Panasonic Lumix DMC-LX7 since late 2012. It works. No problems.
5.0,Great investment for DSLR video,"I purchased this card to shoot video with a 60d. I found that my Transcend class 10 card would sometimes not be able to keep up when shooting full HD, the buffer would fill up, and the video would stop. This SanDisk Extreme card never has problems while shooting video (unless I turn up the quality settings in Magic Lantern) and it also helps reduce the chance that the buffer will fill when taking bursts of photos. There is also a substantial speed difference when transferring files to a computer from the card. Using a USB 3.0 card reader and transferring to and from a SSD I see speeds of 15-20MB/s faster with the SanDisk Extreme than with the Transcend class 10 card. If you need a fast card then this one will fit the bill, I'm thinking about getting another as a backup just because this card is so much better than Transcends I currently have as secondary cards."
3.0,does what I needed it to. however,purchased on amazon 04/2014 (2nd one) for use in our digital SLR for shooting live video of bands. it has been reliable and works properly as it should with daily use now for over 1 year.
5.0,Gold Lable is NOT fake - SanDisk Change the Look!,"I order this a few days ago and I was skeptical about 1 star review regards to ""Gold"" label without ""SanDisk"" Etch on the back..."
5.0,Excellenent HDSC Card,I purchased this SD card for my new Canon Rebel T3i.  I have used it for a couple weeks now and it is working flawlessly.  I have used the card in the camera and transported pictures to the computer by just plugging in the card to the Card Reader on the PC.  I have hitorically had a few problems with cards transferring from my camera to my iMac but no problems with these cards.  I bought 2.
5.0,"fast, reliable","While I use SanDisk cards for all of my digital cameras, I purchased these SD Extreme cards because the specs of this card are suggested by my camera's manufacturer.  Have not run a large number of files thru the cards yet (including video), but initial perceptions tell me that it is the fastest SanDisk card I have used, either SD or CF; in writing data to the card.  Good price for the capacity."
1.0,Nikon D3200 owners: DO NOT BUY!,"It did NOT work properly on my Nikon D3200. It made the camera terribly slow, sometimes buffering each picture for over 10 secs. after shooting. Even playback took about 15-20 secs to load. Camera start-up, don't even think about it, you will miss the moment to shoot, it loads and loads... that darn hourglass on the screen of my camera...  That is not acceptable. RETURN! It might be a good product, but I wouldn't know that since it never worked for me. It did save every shot I took, but it's slow, slow, slow! The camera works perfectly fine with three different cards we tested, all non-Extreme."
5.0,SanDisk Extreme 32 GB SDHC gets 5 stars,I purchased the SanDisk Extreme 32 GB SDHC card for my Nikon D5200 DSLR.
5.0,Reliable and fast. Sandisk is the leader for flash memory.,"ok, I realize that sounds like I'm in their marketing department, but I have no affiliation with Sandisk. I've been using Sandisk cards for a few years and have never lost any data and found the transfer rates to be as advertized (when put into a suitable card slot). This card advertises 45MB/s transfer and that's exactly what I got when copying files to it using a MBP 15 Retina. While all cards can have problems, the Sandisk cards are reliable and the company stands behind their products with it's warranty. They're not a fly by night company or new to the scene, so you can be certain that if you do ever have a problem you can get in touch with them and arrange a replacement."
5.0,The goods,"I think everyone knows the Sandisk has earned a reputation as a high-quality flash memory maker. Other manufacturers will often ""stretch"" the truth when they rate the read/write speeds. Sandisk typically is conversative when rating the speeds of their cards - you always get at least the advertised read/write speeds, and often more."
5.0,SanDisk Extreme 32 GB SDHC - Excellent Performance,"I purchased two of these SD cards for use with my Nikon D7000 DSLR camera. The D7000 takes up to two SD cards that can be configured in a number of different ways. I save RAW to one card and high-resolution jpeg to the other, but you can mix and match in a number of ways. With the above configuration (the largest file sizes), the camera tells me that I have room for 899 pictures, which I haven't come close to hitting yet. The D7000 also takes HD video, and the fast cards and large capacity are very welcome there; HD video saved to these cards comes out looking excellent. These cards have been used extensively for almost 6 months now with no problems at all. I use Sandisk cards almost exclusively and have never been disappointed."
5.0,Very fast,"This card is VERY fast.  In a USB 3 reader, I get the following speeds from Crystal Disk Mark:"
2.0,2 died within 11 months; SanDisk no longer the standard?,"SanDisk has long been the standard, and I still love USB flash drives (especially the tiny Cruzers), but I've now had two 32 Gb SDHC's die in my phone , each after 11 months."
5.0,SanDisk Extreme 32 GB SDHC Class 10 Flash Memory Card,"I bought a new Pentax K5 II camera and needed to buy a memory card for it.  Having used SanDisk before and having had good experience with it, I decided to order this card for my new camera."
5.0,Perfect.,"I've never really had problems with this kind of stuff, but this one seems as good/better than the rest I've owned. I bought several of these for a project I was working on, and every single one of them has worked flawlessly. They each were running videos from a raspberry pi for something like 90 hours."
5.0,Works as promised,"The Sandisk Extreme 32GB SD card works as promised.  There is no lag in read/write on my Pany LX5 in video mode or from my laptop since it is 45 MB/S.  Given the relative low price of SD cards these days, I didn't mind paying a little extra for this Sandisk Extreme card over the Transcend brand version.  The unfortunate part of this purchase is that this card is actually my second Sandisk Extreme 32GB card, since I lost my first card at an airport lounge just 3 weeks after purchasing it from Amazon.com.  Oh well, can't well penalize Sandisk with any stars for my loss."
5.0,Faster than my HP USB Flash Drive,This SDCard is awesome. It is faster than my HP USB 2.0 Flash Drive. The construction is pretty descent. Below is my CrystalDiskMark test results.
4.0,"Nice fast card, ok price","I bought this card for my new DSLR, seemed decent, had all the right speed specifications. I paid 32 dollars for it, so i was a little disappointed when just a couple of days later on amazon i saw that there are 64 GB class 10 UHS-1 cards going for 40$, so just 8 dollars more could double your memory size... but i had already bought the card, and i needed it right away so i decided to stick with it rather than the hassle of sending it back and waiting for a different one, so oh well. My fault for not checking thoroughly for the best deals beforehand. Otherwise, the card performs exactly as expected, no complaints there."
5.0,Quality and great for Traveling,"I've had this for over 5 years and it has never failed me. For me it's all about quality over quantity. This is a great investment for any DSLR owners and photographers. The storage is amazing and great for travels. I love how i can continue to take images without the ""no more available space"" notice. And let me tell you, i take a lot of shots. I only need 1 or 2 of these for my trips depending on the length of the travel"
1.0,Avoid SanDisk - The card caused corrupted file when recording movie mode,I paid the premium price for what seems to be the industry preferred card for DSLR video. This will be my last SanDisk purchase.
5.0,GoPro HERO2,"When I first bought this item, I could believe how much more expensive it is compared to other Brands and other Class 6 SD cards.  I could have opted to purchase the Ultra version but I went with the Extreme instead because I just wanted to get something more out of it, something of higher quality and/or faster speed.  I used this for my GoPro HERO2 camera and boy I tell you, the moment when I connect the GoPro USB cable to my computer, the process of data transfer between the GoPro cam and the computer was at a lighting speed.  Now I know why there is something that costs more than others, there is a reason behind it."
5.0,Very good and lots of room for pictures,I bought two of these for our trip to the Galapagos.  The one in the video camera gave me over 9 hours of time (Tho the camera - an older model Canon - didn't trust it and kept warning me that it might not work.)  My waterproof digital camera had no problems at all and I went the whole week without changing back to the original memory cards.  One of my fellow passengers only had a 4 GB card and he ran out of room.  Not what you want to happen when you are on a boat miles from the nearest store and surrounded by things you will never see again.
5.0,Fast and good quality,"While a bit more expensive than the standard class 10 cards, it is well worth it. No issues with recording 1080p HD video and the build quality of the card (f one can even comment on such a thing) just seems better than what other manufacturers bring to the table. Granted, I don't know if the card can 'survive' all the items it has listed on the packaging (I have not heard of other cards being affected by airport x-rays) and most of the toughness is marketing, but overall the card is fast and seems very solid. Well worth it."
5.0,Tons of space even when shooting RAW + JPEG,"Purchased two of these cards for my Nikon SLR.  One of these SDHC cards allows me to take over 500 photos in RAW + JPEG setting on the D7000 with fast write times.  I'm not a big techno geek on these things but to sum this up easily: it does what I need it to do.  I regularly purchase SanDisk CF and SD/SDHC products for their stability, fair price, and quality performance.  I have never had any issues with SanDisk products.  While everyone's experience is different, in speaking with several of my photographer friends they too feel the same about SanDisk products."
4.0,"Great ""TRUE"" Class 10 Memory Card","Before these came in I bought and used a PNY 32GB Class 10 Card. I thought the PNY, being a 'namebrand', would be fine. Little did I know that the PNY actually performs around the Class 6 cards from speed test done on the Nikon D7000."
4.0,"Fast, but not as fast as advertised.","This SD card is quite fast. On my Nikon D5100 it can maintain shooting at 1 frame/second in RAW for a time lapse. It can shoot 17 RAW photos at full speed before it slows down to one shot every half second. Benchmarks on my computer show that this card does not maintain 45MB/second though. Nevertheless, it's fast enough for me and is definitely fast enough for most people."
5.0,Quick quick quick!,"So I bought into the hype and finally went for the faster memory card, not expecting much.  The difference between the regular cards and this is pretty significant, but you'll only see that in certain applications.  I use this in my Canon T2i and there is a marked improvement in write speed which translates to more shots per second, and a better chance at getting a shot when there is quick moving action.  If you're putting this in a video camera or DSLR, you'll definitely see an improvement, but if this is going in the digital photo frame for example, don't spend extra for speed you'll never use."
5.0,Excellent card,"This is a super fast card.  In addition, this was really packaged well."
5.0,So reliable I could kiss it,"Sandisk has never let me down. I own 3 of these and 5 of their CF variants. Never ever, ever, ever have they had any kind of failure or hiccup. Not after years of use."
3.0,"Not Disappointed, but could be a little better","Nice size/speed for the price.  Write should be about double what it is IMHO here are my results from an ""rsync -avz"":"
5.0,very very very fast,"This SD card is for real !  its is so nice to download 32 gb's in the blink of an eye.  Here is a real life story,"
5.0,Works great with my Canon PowerShot SX260 Camera,"I bought two SanDisk Extreme 32 GB SDHC Class 10 UHS-1 Flash Memory Card 45MB/s SDSDX-032G-AFFP, as recommended, for use with my Canon PowerShot SX260 HS 12.1 MP CMOS Digital Camera.  They worked great!  I'm not sure if this camera would work as well with a lesser card.  Be sure to order the card in the RETAIL (original) packaging, rather than in the 'Frustration Free' packaging.  Per other reviews, there appears to be a problem with counterfeit cards if you don't get it in the original, hard plastic wrapping.  I ordered two of the RETAIL cards, and my order came with only one card.  That's the first time an Amazon order hasn't included everything I ordered (which seemed a little suspicious), but Amazon quickly sent me another one."
5.0,This was such a great deal,"This was such a great deal! My wife was an amateur photographer two years ago when I bought this.  She is getting really good now.  This memory card has been excellent for her.  32 GBs is enough to allow her to take tons of pictures, try out all her settings for lighting, aperture, etc. without having to worry about using up to much memory space.  The fast recording speed helps too.  She can click away without having to stop and wait for the pictures to record to the memory card.  These are both problems she runs into when she uses her other smaller memory cards."
5.0,SanDisk Extreme is Worth It,Once more I am very satisfied with a SanDisk purchase. I have an 8GB card and was running out of memory to record HD videos when I decided to upgrade it.
5.0,Excellence in memory,"Once you spend the extra bucks for the read/write speed this card offers, you never turn back. I just returned from a one week trip, i shot nearly 600 photos and various video and I barely nicked the capacity of this card."
4.0,"Works Great, No Problems Shooting 60p Video","I've been using this card in my NEX-7 and it has been holding up just great.  No quality issues here, just flawlessly storing my photos until I can load them on my computer."
5.0,Better than Transcend 32GB Class 10,Using a Canon 60D. I always used Transcend 32GB Class 10. I have 3 of them. Then my niece bought a T3i but did not get her own SDHC card so I offered mine and will just get a new one. I was going to get another Transcend but did more research and found this card with good rating and feedback and decided to get it.
5.0,Great product,"I got this for my Canon SX40 camera to video tape my nephew's baseball games.  This card has been great!  Each game is about 1.5 hours long and in 1080p HD video I've been able to record the entire game along with about 20-50 still photographs, and there's still room for over 6,000 additional high-res photos left on the card.  The speed is really good - since it's a class 10 card, there's a much shorter lag from when you take the pic to when it's ready to fire up again.  Also, the video is great - no choppiness or pausing at all.  I noticed on lower class cards, when I was videotaping my nephew's taekwondo classes, there was some pausing and choppiness in the action parts where he was moving a lot.  No problems of that sort at all on this card."
1.0,Bummer,"I've used these cards for years in Leica M8, M9 & Monochrom but this one proved the weak link and failed first time out. After a few exposures got the ""Attention NO SD Card"" or "" Reading Folder Data Please Wait""."
5.0,Great for Canon 60D,"We have a Canon 60D and we have been using this SDHC card for a year now without any problems with speed regarding taking high-speed multiple photos or making 1080p movies on our Canon 60D. We have not lost a photo yet.  I wound up purchasing a second one a few months ago.  I have a long history of success with the SanDisk Extreme products (prior to the Canon 60D, all the SLRs we had used CF Cards and I have repeatedly purchased them from SanDisk Extreme line)."
5.0,"Works Well, Great Speed",I bought this right after I bought my DSLR. The SD card I had before was very slow and I'd have to wait between pictures and it could only take a few seconds of video before it stopped. I've never had a problem with this card. It saves images and videos quickly and I never have to worry about missing shot. It's also faster at transferring the files to my laptop than my other SD cards.
5.0,only cards I use,"Card is fast, reliable and the only card I use.  i get the retail packaging as I like the plastic holders that come with it.  Also less likelihood of getting a counterfeit  32 may be too big for some.  Cards fail.  Even the best do, so having a smaller size card limits your risk and possible loss.  i shoot raw so 32 megs is what i need.  If you shot JPEGs I suggest you buy 2 16meg or 4 8mg cards and rotate to limit possible issues.  that said I have only had one card failure in 10 years but it was a doozy"
5.0,Use on Canon T3i,"Casual user, not a professional. Researched a lot before buying because most of the cards have bad reviews- being failure rate and data loss or speed not matching the posted from manufacturer."
5.0,Works great in my Nikon D5100,"I read the reviews on this cards, and figured it was worth the extra 12 dollars to get the SanDisk over the Transcend card. I have not been disappointed. I've used the card exclusively in my Nikon D5100 where I used the camera to format it. I've taken 200+ pictures, about 30 minutes worth of HD video, and have not missed a single shot or second of video. I have even taken pictures in burst mode with no problems. Downloading from the card to my desktop computer (a 2010 HP model) was a breeze. On my first download the pictures were done in less than 45 seconds for a batch of 80 (jpeg + raw, about 1.75GB, and three four minute videos (1.86GB) took around a minute. I'm just an amateur photog, so I can't speak to whether this card will hold up for pro users. But for the average user, this card is spot on.  Highly recommended."
5.0,Whats left to say...,"Top quality, long lasting durability, fast enough for 95% of folks taking pictures & videos. Just get 1 (or 2 or 3) already! Also, a little tip  you noobs out there: Once you copy your photos to you computer (that you are surly backing up *cough* *cough*) Make sure you format the card to properly erase the information and ensure you have the full amount of space for your next photo outing. You can't just drag your images to the trash & hit delete (mac users), you need to preform a proper format."
4.0,good price for SanDisk Extreme 32 GB SDHC Class 10,I didn't do any in depth price speed/price comparison but I've had good luck with SanDisk products and this was an excellent price for their SanDisk Extreme 32 GB SDHC Class 10.
5.0,These 32G cards work for everything.,"I also reviewed the 64G.  They are both fine memory cards.  These 32G cards are surprisingly, my preferred memory cards for my Nikon DSLR.  I thought the 64G would be… but my iPad card-reader attachment won't read any cards above 32G.  So… the 32G became my favorite for the Nikon."
5.0,Very good and fast card - 45MB UHS-1,"I am using this card in my Nikon D5100.  I took 100 pictures full resolution of continuous shooting without any delay.  it probably filled the buffer, wrote to the card, and continued.  I did not notice any delay.  I stopped the sequence myself.  Very good and fast card.  I ordered from Amazon.  I got he 45MB version and it is UHS-1 card."
5.0,Fast in every regard,"This SD card is to replace a previous 32gb Extreme card I've been using in my camera; it got damaged and was no longer readable.  I bought this card because I was totally happy with the previous one, and so far see no decrease in performance.  The last time I bought the card it cost $150 and the price of this time really, really makes me happy."
5.0,Fixed a problem.,"GoPro doesn't mention it in their manuals, but Sandisk is what's recommended by the manufacturer for SD cards used in their cameras.  Prior to that, I had tried other big-name brands of SD cards and ran into failure after failure.. and sometimes, an hour would go by before the failure happened.  After contacting GoPro tech support, they said they build their cams to use only Sandisk (class 6 or higher).  Sure enough, no more camera lockups or corrupt files."
5.0,Fast card with good capacity,"I was using a transcend 32gb sd card in my Rebel T2i and it worked well for the most part, although after a lot of use it would stop recording video randomly (which is remedied by a low level format, then back to normal).  I picked this up on sale and did the same test one of the reviewers did with the number of continuous shots before the camera starts buffering and got the same results.  The transcend could only do a dozen or so shots and the sandisk kept crusin.  Great cards."
5.0,"sandisk, of course!",This card is fast and works great in my wifes newly purchased nikon d5100 (which I also highly recommend). It formats no problem and has never had a read/write issue or and issues in keeping up with rapid succession picture mode. All around great memory. I use only sandisk in everything I own. Never and issue! Just watch for fakes as they are the most duped/cloned ones out there because of their popularity. Buy it!
5.0,Great card for DSLR video,The card has worked flawlessly for about a year of pro DSLR video and still photography and has never slowed me down. I've never had a card failure with any of the dozen or so Sandisk cards I have owned in the past 10 years. I know a lot of pro and pro-wannabe shooters who think they have to spend three times as much for a card. I don't. This class 10 Extreme card gives me all the performance I need and let me put that extra money on another piece of gear or toward the grocery bill.
5.0,Excellent!,"I originally ordered this disk as a supplementary drive for my Acer Iconia Tab W500 (Windows 7 based) tablet as a drive to install Ubuntu on.  After a week or two of owning the tablet (I ordered the Sandisk SDXC card at the same time as the tablet and received the card a few days before the tablet), I realized that I would need that extra space for how I prefer to load out a Windows system (minimum, 2 partitions, with the 2nd partition being for Users' personal data and folders), So I removed Ubuntu from the SDXC card, repartitioned and formatted the SDXC card, and then loaded out a separate Sandisk USB Flash drive (16GB) for Ubuntu."
5.0,The Real Thing!,"There are many top rated SD memory cards out there, and Sandisk is either at the top or close to it.  The biggest probelm with Sandisk is that they are most imitated or copied memory card out there.  I bought several believing they were the reasl deal only to find out they were a cheap copy and didn't have the rated perfromance.  This one is the real deal and works perfectly.  Regular Sandisk retail package too.  With my informal memory tranfer rate test, this card is a real class 10 SDHC card."
5.0,Works well for GoPro,"Bought this SD for my new GoPro Hero 2, upon their recommendations and have absolutely no complaints. Very fast, the camera had no lag writing to the card and was much faster than a few other cards I had tried out. I definitely recommend this for use in the GoPro, or in any other camera where you're recording HD video (1080p). If you're looking for one for a regular point and shoot, perhaps go a little lower, you don't need the extreme read/write speed for pics."
1.0,Sandisk Extreme,"April, 2014-Card quit working with pictures from hunting game camera. PC won't read card anymore. Camera doesn't recognize card anymore. I have several different memory cards for several game cameras and personal camera. This is the only one that has failed. I search recovery for card. The company that sandisk wants you to use for recovery service wants to charge over $200.00 to recover data. This card isn't worth the trouble to even purchase."
5.0,Works well with Sony Alpha A77,"I had previously used a Lexar 133x card with my Alpha A77 and it was more than a little pokey. Especially when using burst mode. I would get the 12 shots in and the camera would just sit there, writing to data and taking plenty of sweet time to do it. Not the case with this card. Burst mode finishes and around two seconds later I can get back on it. Previewing images on the camera is a lot faster and I generally don't see the red light lit for long, like I was used to seeing with the Lexar."
5.0,Works well,Old product so probably worth buying something more modern now but was excellent for when I go at it.
5.0,Using with a gopro original HD,"Fast enough to do 1080p at 30 FPS and it makes the battery last for around 4 hours. Also, quite fast to transfer the files from this card to my laptop at the end of the day. This is the card they sell with their cameras on their website, so you won't be dissapointed."
5.0,Totally Worth the Money!,"This SD card is one of the fastest advertised. I got it for my new GoPro HD Hero 2, and it really writes quickly. Do not let the price steer you away! SanDisk is one of many builders of insert-able cards, but they seem to adhere to more stringent tolerances, making their cards more reliable than others. Give it a try, you will not be sorry."
4.0,Good SD Card; Crashed Once...,I've been using SanDisk Extremes for a while now and I've been mostly happy with the cards. They deliver great quality (using AVCHD at a data rate of 22MB/s) and are durable and reliable.
5.0,For Use with the Sony Nex 5N,This is the card recommended by Sony for use in the Sony Nex 5N.
4.0,SanDisk Class 10 SDHC Card,"I use this card in my Sony Alpha 65 camera. I have a lot of problems with card speeds because the when you're pushing the A65, it's pumping ten 24MB pictures per second. It takes a lot of write speed to keep up with the camera and this card delivers. Know this, not all Class 10 cards are alike, I have several that can't keep up. This is only card that has consistently allowed me to use my camera to its fullest capabilities which is why I own 4 of them."
5.0,The only brand I use,"I have used the SanDisk SDHC cards for years; first with my Nikon D90 and now with my D7100.  They are fast, durable, and best of all reliable.  Maybe someone has had one of these fail but not me.  Yeah they are a few bucks more than some other brands but one dead one with 500 images on it is a disaster.  One I am not willing to risk.  I'll continue to give them five stars until one disappoints."
5.0,Fast and reliable for photos and video,"I bought this card to use with a GoPro 2 and a Canon T1i and it works very well after several hours of video and several thousands of photographs. Do not be hesitant about the extra cost- this card is well worth the money. I have heard and experienced many horror stories about losing photos taken with low quality memory cards. It's not a fun experience, and you can minimize the chances of it happening to you by using a high quality memory card like this. The write/read speed is excellent and it records 1080p video from my GoPro 2 flawlessly. Buy with confidence!"
5.0,The best SD cards on market,"I Have bought 4-PCS  32GB SDHC 45 Mb/S  cards , i love them, they work perfectly with my Canon 60D and Canon rebel T1i , high performance, also they stay cool in summer I`m from Caucasus,Georgia,Tbilisi it`s very hot here in summer so it works great dont have any bugs in camera and working at PC."
5.0,Very fast,I had a generic class 10 SDcard and I was under the assumption I wouldn't notice a difference between class 10 speeds. Boy was I wrong.
5.0,Sandisk Extreme 32GB 45MB/sec SDHC card,"There are some confusion on this product description for quite some time: The product picture show a card with 45MB/sec, while the text title said 30MB/sec. I have read couple reviews but still confuse, so I decided to call Amazon. Amazon Cus. Rep w/ funny accent ensure me it is the 45MB/sec card and promise he will change the title text of this item."
5.0,No issues here.,"Great memory card. I have had no issues with write errors, syncing, or whatever which tells me that the write speed has been able to keep up with my camcorder and DSLR which aren't expensive models, but they are hi-def (Sony HDR-CX260V High Definition Handycam 8.9 MP Camcorder and Sony Alpha 55). I would recommend this card for any device that can use it."
5.0,Still the best of class,"I bought this SDHC card to replace the one that I originally had for my camera (it's an older model, a Canon Rebel t1i, because my previous card kept buffering out when I was taking too many photos  or taking videos (I take photos and video of fencing matches, so capturing photos quickly is essential.)"
5.0,Quality SD card!,"I've always been a fan of Sandisk. A good quality, high speed card. I have had a few of these that I use with in my Nikon D750 and they do great shooting RAW photos and video as well. And for the price of this, it's hard to beat."
5.0,Achieves 45MB/s Regularly,"I really try to research products before I buy them, and this SD card was no exception, and it's performance was also no exception."
5.0,Fantastic card for my Sony NEX-6.,"I tried another card which was noticeably slower and so I had to wait at times when shooting Raw + JPG files. Using this card also boosted the continuous shooting performance of the camera probably because the buffer was utilized less. It also reads and writes faster when I copy files to my computer using a USB3.0 card reader, another plus."
2.0,not as fast as i expected,I'm shooting a Nikon dslr in raw format.  I had both class 4 and 6 cards in the past and expected a big boost in speed when upgrading to a class 10.  I think it's a little better but still slower than I expected (continuous shooting and loading files to my computer).  I'm not sure I'd spend money on this speed again.  It's just not fast enough to justify the premium price.
5.0,Acceptable Shipping and Good Performance,"I ordered 3 of these memory cards. They were sent promptly and I filled up most of the space in Alaska. I was using a Nikon D5100 & a 28-300 zoom lense. I could not tell if this was faster than a standard class 10 card. I could only get about 10 or 11 continuous shots before the buffer slowed the shots down; however, it only took maybe a second to load all of the pictures and be ready to shoot again."
5.0,Can't get better than this!,"These cards are so awesome, I've switched to only using this brand and model (in the microSD format also). It has endured several hours of HD video recordings, and a lot of professional photographs too! I must say it was definitely worth every cent."
5.0,"Fast, fast, fast!!!","San Disk has a great reputation which it has earned over the years. This product does NOT disappoint! Storing 1080p video requires a fast processor and fast memory. This card is definately fast enough to keep up with 1080p and holds hours of it as well! There are other Flash Memory Cards available, but when you want reliability from a manufacturer you trust, this is a good way to go."
1.0,I am not happy.,I ordered the 45 mb/s card and I received a 60 mb/s read speed 40 mb/s write speed card. They even had the 45 mb/s sticker on the back. The card I received is less expensive and slower than the one I purchased; I was very intentional to buy a card with a faster write speed. I am not happy.
4.0,Works great for DSLR,"I purchased this for the faster read/write speeds when using my Canon T4i. My previous card would only take about 3 raw shots before slowing down to a crawl. This card would get nearly 8 before slowing down, but it also only slowed down to about half speed (much faster than last card)."
5.0,Best for the price with my Canon 70d,For the price these are the cards you need. I film tv commercials for a living and these get the job done with my Canon DSLR. You can upgrade and but the next level up if you want to show off but I've had no issues in speed. I don't take many photos but even with what I do it keeps up with the 70d. For filming it works like a champ.
5.0,great!,"This allows my android tablet to play and scrub HD video directly from the card.  I still own and use Class 2 and 6 cards, mostly for MP3's and documents, but I wouldn't pay a the price of a Class 10 card unless high res photo/video were being used."
5.0,SanDisk makes a great product,I bought this memory card to use with 
5.0,"Fast card, holds 3100 pictures","I bought this because I was taking a long trip to England and wanted to be sure I had room for lots of pictures and maybe a few movies.  After installing this in my Nikon, the camera estimated there was room for 3.1K high-resolution jpg images. This card is fast enough to keep up when recording HD movies or when simply taking virtually unlimited ""bursts"" of photos.  I'm happy with this card."
5.0,Amazed with the difference in write speed between the high ...,"Amazed with the difference in write speed between the high speed sandisks and the vanilla ones.  Wife's camera would take at times 30 seconds to show a snapshot of what she just took, this card fixes that."
5.0,SanDisk. And only SanDisk.,"I have been shooting photography for over a decade seriously. I started with a few off-brand models of compact flash cards. When I bought my first DSLR years ago, I chose to stick with a top name--SanDisk was it. Recently, I switched to Fujifilm's mirrorless system. So I had to move to SD cards. SanDisk will always be my card of choice."
5.0,Ultra High Capacity,"All of the pics I take are at 12MP and figured I needed tons of room some I ordered this 32gb class 10 card.  I recorded three 10 minute HD videos and took 1126 pictures and the counter on the camera that indicates how many pictures you can still take has not changed from 9999.  Transferring pics to and from my computer is a breeze.  Reading and writing times are pretty quick.  For around $30 dollars, this card is definitely a must."
5.0,No problem shooting HD video,"So far, absolutely no freeze-ups or any problems shooting 1080p24 or 720p60 on my Canon DSLR's with this card. Got this when it was on sale, which happens fairly often. Gold label is also kind of nice because it's hard to lose this card... not that I've ever had an issue with that before."
5.0,great. Fast transfers of pics and quality and reliability is what I hoped for,Used for Gopro video and pictures on my DSLR.
5.0,Rock solid memory card,"You can't go wrong with the Extreme SanDisk cards. I have many cameras and lots of cards. I've tried off-brand cards and they work OK, but they don't last forever. The Extreme cards are fast and I've never had a problem with any of them. Don't waste your money on less expensive cards. The cases are weak and break."
5.0,FAST FAST FAST,With 1080p camcorders you have to get a FAST SD card and this one fills the bill.
5.0,Best card I ever owned.,"This card is very fast.  I am using it with a Canon Elph 310, so I'm not using the fastest speeds that the card is capable of, but in a previous camera/card combination I had to wait maybe 3 seconds for a photo to be saved and that annoyed me.  With this card it's well under a second; the card is more than capable of keeping up with the camera.  I wanted a huge card that was very fast, and I got it - well worth the price."
5.0,Worked,It work what else can one say
1.0,"This item could be Counterfeit or defect item, This Sandisk ""32 GB"" SD card but had a storing capacity of 12.4 GB","I have taken about 2000 pictures with my Nikon-D7000 and used this memory card on this weekend. When I downloaded the photos to computer, at least 200 photos are missing and about half of photos did not save properly. Some pictures is just black blank and some pictures are overlap two pictures each-other. Overall, about 800 pictures are good out of 2000 pictures. I am very frustrated with this incident."
4.0,SDHC Memory card,My wife uses this card in her digital camera.  She likes the speed with which it clears images from her camera's buffer and she likes being able to shoot for a couple days or more with out filling it up.  On a recent trip to Europe she took two of these and had plenty of storage space for her pictures taken during her two week stay.
5.0,Perfecto,Llego antes de tiempo y es tal como la descripción
5.0,Need more memory,Never enough memory when video recording!  Got this to go with my Olympus TG-2 tough camera.  Good storage capcity.  Since my camera is waterproof I wanted to minimize the number of times I would need to open the access doors.  Less wear and tear on a critical waterproof seal.  Works as expected.
5.0,good item,"i seen many reviews stating that this memory card was thicker then the black and red label, that it is not a good card, that in fact the speed is not as good, well saw many bad reviews. and once again i did not pay attention to them. and am glad i didn't. card works good and it does what it says its supposed to do. i recommend this card."
4.0,"Quick transfer speeds. Quality is a little flimsy, but for the price....","Quick transfer speeds. Quality is a little flimsy, but for the price...."
5.0,Sd card,Product was exactly as described
4.0,Lots of space,"I am a photographer hobbyist and have been using two 16 GB, but I was going on vacation and wanted something bigger. I'm glad I did! I took lots of photos (around 1300 in jpeg) and some videos and there was still plenty of space. I'd much rather use this and bring along another 16 GB than carry around a few. It's also good to see these coming down in price a bit."
5.0,yes!,"got this to accompany my Canon T3i and honestly, it just makes the camera even more terrific, in my opinion. 32GB is a good place to start with full HD and 18MP storage. Class 10 is just a requirement for video and photos of this caliber. plus the 45MB/s makes transfer nice and fast. Not to mention the read and write speed. Buy this card now! Kudos Sandisk."
5.0,Never had any problems.,Bought this as a backup for my DSLR and it's worked perfectly.
5.0,SanDisk A Trusted Name!,I purchased this memory card not knowing whether or not my Cannon T4i accepted this new UHS-1 technology. Thank God it did! I love SanDisk.
5.0,What a difference!,"I purchased this card to replace the generic one that came with my camera kit. I did not know there's such a huge difference in class 10 cards. I am using a Canon T3i. After shooting a few hundred pictures it is still fast! I highly recommend this to anyone needing a good memory card, especially for digital photography."
5.0,REALLY fast card,"By the time I got it it was the fastest card and even the Class 10 out there, now you have other brands."
4.0,"Fast write speed, does what it says it will",I purchased this Sandisk recently in order to use it in my new 
5.0,Works as expected!,"Having this much memory is a pleasure, worry free of running out of space, especially with the more advanced cameras with higher pixel capacity.  But must remember to down load them cuz one wouldn't want an accident of malfunction or losing it with so many stored photos! Promo Price was great, can't find my sale price anymore!! timing was everything!! Highly Satisfied!"
5.0,SanDisk always top notch,"I laugh about not too many years ago when I had to purchase a 16GB SanDisk Class 4 SDHC card and paid, well, a lot of money.  SanDisk's have always been extremely reliable and perform great; well above transfer rates of competing cards that claim the same throughput.  Never failed me yet even in harsh damp near salt water conditions.  Five Stars all the way!"
5.0,Great!!!,"I am a field biologist and I work mostly in the Andes. I collect much of my data in picture form so its important that I have enough space.  This card had more than enough memory to store all my pictures for a day of so's worth of work and it worked the whole time I was in the tropics, which is not the most friendly environment for electronics."
5.0,Perfect for 3DS!,"Great as a 3DS storage unit. You won't need more than this, unless you're going to download the entire eShop contents. I have at least 50 games on this right now and I'm barely over the halfway point, I think. Nintendo uses ""blocks"" so it's hard to tell."
4.0,32 GB sdhc card,"Bought the 90 mb/s card first for considerably more money to use in my Sony A77 digital camera. Followed that with a cheap 16MB slow card, but had to wait for the buffer to download before taking another picture.  Finally purchased this card which is some what in the middle. This seems to be the best compromise of price and performance."
5.0,Great!!!,"Use this card in my Nikon D5100. Works fast, and allows my to review pics fast. Also used on my Canon HFR10, actually when this card is in my Canon, it boots a lot faster, and is already to record. I only have used this card across Macs, never tried it on a PC."
5.0,Unstoppable Card,"If your thinking of upgrading from a 20mb/s' card to this 45mb/s' it is totally worth it. With A 20mb/s' card I can take a burst of around 6 pictures with my 550D/T2I and with this card its hard to count how many i can take. I think it was around 60 shots nonstop in continuous set on 18MP/JPEG but, in raw I get about a burst of 9 shots. Great card  so far."
5.0,review of sandisk extreme 32 GB class 10,"Quick delivery on time,"
5.0,Good for shooting with high-speed cameras with small buffers shooting raw and or with flash,Not having the money for a SanDisk Extreme Pro 64 GB at the time in finding that moving to a DSLR and shooting raw and JPEG that I needed a faster card and that and a photo shoot especially with the model that I could fill up a 32 GB SanDisk Extreme Pro and still need more. So being in a rush and not having the money for the larger card I settled for the Extreme 32 GB.
5.0,Love it!,I only use SanDisk and have had great success with them. Like all SDHC card its biggest weakness is the thin plastic housing and tiny plastic separators on the contact plate which can be easily damaged and render the card useless. At the very least they'll become too damaged to risk shoving into my $7000 camera and potentially getting it stuck.
5.0,Speed rating a little generous but still very fast,"I have tested this card for speed and in terms of read it exceeds my USB 3.0 Card Reader, but as far as write it does not seem to approach the rating.  I use it in a Canon 5D MKIII.  That being said it is still the fastest card in my arsenal.  Impressive for an SD Card."
5.0,I love these disks!,I am just amazed at how many pictures that I can store on these digital disks.  So far I have over 1400 photos on this one disk and no end in sight.  Thank  goodness for this technology.  Long gone are the constant changing out roll after roll of cameral film. Thank you.
5.0,Blazing Fast,Super blazing fast cards. I use them for a GoPro camera and the read write speed is faster than the one they list on their site. It's great for burst ( 10 pics. in 1 second ) other cards can not handle the demand. Great addition for anybody with this type of camera or have a high res. camera to handle that once in a life time shot.
5.0,"Wow, sorry this is old but...","The card still works like a charm.  But, the reason why for this review is for the company.  I had forgotten about the Recovery software that is included with he memory card (downloadable).  SanDisk provided a new code upon verification of proof of purchase.  The software -Rescue Pro Delux - is a life saver."
5.0,very good product,SanDisk Extreme 32 GB is fast and reliable  and sold at a price point that combines economy of cost with utility of usage resulting in a WOW! factor that is off the scale.  I use this in a SLR camera and the memory gets a workout keeping up with multiple shots with no pause in between them.  The SanDisk Extreme 32 is up to the task and performs admirably.  I highly recommend this very good product.
5.0,Great Flash Card,I bought this memory card for my Canon VIXIA HF M500 camcorder.  Using this card I get flawless video and fast r/w capabilities.  I have used it in multiple computers to transfer the videos and everything has worked great.  Boot up time for the camera is minimal and the card is always ready to go.  I am thinking about buying this card for my DSLR now.
5.0,Great!,"I purchased this SD disk to be used as a bootable SD card with ubuntu linux for my samsung chromebook. Had to reformat it to work(not unexpected), but after that, the install went smoothly. Transfer speeds were good and the install runs smoothly on the chromebook. Plan on eventually buying the 64GB version for more capacity."
5.0,"Nice card, fast write!","I've been very pleased with the performance of this card. I got it to use in a Sony RX100, and for a P&S that's often doing duty chasing after shots of kids, dogs, outdoor sports and so on I have to say I'm very pleased. As all the other reviews have mentioned it is smokin' fast compared to a standard SD card. Highly recommended."
5.0,Good product,"I received it on time by the end of October and I started to use it inmediatly. The card works perfectly in my Canon EOS Ti2. It is fast and safe, at least at the moment I haven't lose any picture. I take videos and continuos photos and there is no delay on the camera. I recommend this card, although it is more expensive than the other ones."
5.0,Awesome quality,"This is an awesome quality for an sd card, perfect for my Nikon D3200 camera.  It came in its own package, easy to open and use right away without any hassles.  The card is quick to read my photos and quick to transfer to my hard drive.  I will be getting another so I have it on hand when/if this one ever gets full!"
