ratings,rev_head,revs
4.0,Initial thoughts and tests,Received both drives in their retail packages. Both packages were inside a zip type bag with the lanyard.
5.0,Tiny!,"Note: I gave this five stars on battery life, but since it doesn’t have a battery or use batteries, and it is very hard to measure whether this drain’s laptop batteries faster than anything else, the battery life rating is quite irrelevant. Anyway, these are good, tiny which is what I needed, and otherwise live up to what they claim to be. My only concern is that they get very hot when used in some machines. I’m not sure if that is an issue but I thought I would point out."
5.0,They are fast!!!!,"I like the physical size!!!!!  They seem like they are going to break every time I have to retry them from the usb port because the material look fragile. I have had their just a day ad so far thats the only problem I might encounter with this usb drives. So far I recommend them for the speed, price, and physical size."
5.0,GREAT for the car!,"I got these small form flash for music in the car. My issue with the other drives was they stuck out too far and could be bumped, damaging either the drive or the outlet. These dont stick out much at all, and they sit in the outlet securely...so perfect for my use. Also easy to clip onto a keychain, or wear on a wrist lanyard. Good speed and quality too!"
4.0,Worked great.  A little hard to handle in tight places,"I used these to put my entire music collection in my truck and my Dad's car.  Worked great, but the ""handle"" can be difficult to get ahold of in tight places like center consoles where the angle is bad or you can't see what you are doing.  If space isn't an issue I would get something a little easier to grab."
5.0,Perfect size!,"My last USB drive went kaput, so I got a smaller one! Of course it’s good quality (Sandisk), but it’s plenty big for what I need. Amazon delivered it promptly in two days, of course, too!"
5.0,Very happy with this purchase,I have a lot of small children in my house. And all of them like pulling cables and adapters. This USB makes it so the kids never notice the usb. And we can put all the movies for the kids for the car or the movie theater.
3.0,good: small bad: not fast,"gets little hot, little picky with some puppy linux distro...., overall seems good if small size is important"
1.0,one is dead already,"they where ok, not super fast or slow, but here 4 months later 1 is dead, and the other is intermittent"
5.0,Reliability,"Bought the pair of them, one for my truck and the other one for SUV radio, and boy do they work, sincerely I am very satisfy with them."
4.0,Everything But,"funny I read it then figured that two of the pictures are not included funny """" Everything But lanyard"""
5.0,I like th round ends,"I wanted some small thumb drives.  These fit the bill perfectly.  I like th round ends, it looks nice and makes it easier to remove fro my laptop."
5.0,Very slim,Slim!!!
1.0,"Not really 32GB, just 28.7GB!","This is not as advertised 32GB so if you need a 32GB for a specific use like for PS Classic game image, this will not work for you."
1.0,Died after 5 months.... womp! womp!,I don't think I can say enough bad things about a flash drive that dies shortly after the return window.
5.0,Great,"Great USB drive, I have multiple, recommend to everyone, would order again"
3.0,Slowww,These USB 3.0 run much slower than other flash drives I've used.
5.0,Make sure to have something to attach to the second one.  Is small and can easily be misplaced.,"Love these.  However they could come with two straps.  Really!  However, it is a good product."
5.0,go fast,fast but even faster in you computer has up to date usb 3-1. warning there thumbnail size and easily misplaced
5.0,simply works,"they are what they are, work fine"
1.0,Drive Broke 10 Days After Return Policy :(,"Very disappointed. Transferred some files between laptops, now the drive is write-protected and I can't add anything to the drive. Delivered March 30, Broken May 13. Worked for Approx 1-month (didn't use right away). Return deadline was April 29. Very disappointed. Recommend you find another product."
3.0,SanDisk can fail too,I bought these for my Tesla Model 3 dash cam.  Unfortunately both USBs failed.  I don’t know if they do not like the heat or I just had defective product.  I only buy SanDisk but this was not a good experience.
5.0,Perfect,Super small. Works perfectly
5.0,As Advertised,As Advertised
5.0,Great deal!,Great deal!
5.0,very good,very good
5.0,Tesla dash camera,Works like a champ for the Tesla dashcam mode
5.0,Better than expected...,This product was better than expected.
5.0,Excellent,Excellent
5.0,works as advertised,works as advertised
5.0,SanDisk,Works great.
5.0,Great Price for 3.0 USB,Great!!!!!!!
5.0,so far so good,If it fails within the next year I'll let you know. So far speed has been fast and it has been reliable. I love the small size.
5.0,Smallest in town,Awesome speed & size!!!
4.0,Muy útiles.,"Excelentes, pequeñas, portátiles, taza de transferencia alta. Lo único es que se calientan mucho y no sé hasta qué punto eso sea bueno."
4.0,Very good product works well,Works well on the Nvidia shield stays hitting behind very well do not know the storage cap because I do not save a lot of games
5.0,Bought several,Perfect and Discrete
5.0,Five Stars,Great Product!!
4.0,Buena,"Practico, con buena portabilidad y capacidad."
5.0,"Very small, works great, great price","Very small, works great, great price"
