ratings,rev_head,revs
2.0,Insanely HOT after just a minute or so of use! Be VERY CAREFUL!," These get hot!, I mean burn your fingers hot! There is something wrong with the design of this and it really has made me switch to Samsung USB all metal. Be very careful if you have bought one of these USB drives as they could potential cause damage to your USB port or fingers from the extreme heating!"
1.0,Extremely hot.  Dangerous product.,"I copied ~15GB of big files to SanDisk 32GB model from a ThinkPad X1 Carbon. I noticed that the speed quickly dropped down to less than 10 MB/s, so I was disappointed because my USB 3.0 drives are consistently fast."
1.0,It does not transfer data as fast as it is supposed too and burns you.,"It does not transfer data as fast as it is supposed too and burns you.  I was excited to use it for the first time, plugged it into the USB 3.0 and attempted to move 45gigs of data with a 40 MIN eta, yay!  After five minutes the 30 min eta went to 6hrs and 45mins! the drive was slowing down... but why? I touched it and it burned me, so I busted out my thermal imaging camera to check and it was in excess of 130 degrees Fahrenheit, after it cooled down and started transferring slower. This is obviously a dangerous product as applied heat of 131 degrees Fahrenheit causes second-degree burns on exposed skin, how can they sell stuff like this?"
1.0,"Gets too hot, ended up being corrupt on the first attempted use.  READ REVIEWS BEFORE YOU BUY!","Of the (literal) HUNDRED+++ ""SanDisk"" storage drives I have purchased for over a decade, this is the first that's failed me.  Not only did it fail me, but it failed on my FIRST attempt of use! :(  I transferred 78GB file (Photo library - 1 file - Mac).  Albeit, it took almost 7 hours to transfer, it did end up fully transferring).  I then went on to transfer enough (additional) files to fill up 94-95% of it's registered capacity per my computer's displayed capacity of 124.22GB.  I do this with all new storage drives I purchase - I fill them up almost to 100%, then transfer the files to another external storage system I have and check the integrity of the files sent from the new device to my ultimate backup device.  If they made the transfer successfully on and off the new drive, I then precede to use it for whatever my heart desires."
5.0,In response to the heat issue . . . and a couple other notes.,"I'm slightly perplexed by the plethora of negative reviews here. I rarely post reviews, but the recurring theme that this product dangerously overheats had me worried, and I almost passed on Amazon's ridiculous sale price in favor of the Samsung Fit (which was considerably more expensive at the time). The short version: I haven't had any of the problems described by others. Does the Ultra Fit get warm? Yes. It's really freaking small. Does it get hot enough to burn you? No way, at least the one I received hasn't. When it first arrived in the mail, I immediately transferred 50+ gigabytes on it via USB 3.0 . I immediately pulled it out of the port, fully expecting it to be smoking based off all of the negative reviews here. It was warm - not hot - and it was no where close enough to actually burn my finger. Luckily, other websites have compared this model to similar products on the market by Samsung, Transcend, Lexar, and PNY, and the increase of warmth is prevalent with them all. If you see any statistics between this and the Samsung model for instance, you'll find there is only a few degrees difference between the two while running similar tests. I'm not sure where the negative perception lies. Perhaps the Samsung model hides it better from one's touch because no metal (a better conductor of heat) is sticking out of the USB port, only the white plastic nub. The Sandisk Ultra Fit sticks out about the same amount, but the plastic piece is considerably smaller and the metal casing is slightly exposed (as you can tell from other uploaded pictures). This is probably where one 'feels' the heat."
1.0,I do not recommend this item.,"Purchase at your own risk. This product is advertised as a 3.0 usb and it only worked in a 2.0 usb. I called SanDisk and they asked me to jump through hoops (take photos of every angle of the device and visible pictures of the writing, not that easy since this thing is so tiny) to get it replaced although it was under warranty. I did exactly as required and they approved my warranty replacement. I inquired about the laundry list of requirements especially the return shipping requirement that states ""no accessories"". I was told that applied to other items not the flash drive. I sent the product back in it's entirety which included the cap. After a few weeks I finally got the new one in the mail with no cap. I called them and spoke with 3 different people who told me they could not help me or send me a cap and that I shouldn't have sent the cap in the first place. Well that's not what they said on the phone. Anyway, I offered to purchase a cap they refused because they don't sell them and apparently they don't have a single cap for this flash drive anywhere. Now, not only can I not use this item as intended which is store data, toss it in my bag and go because without a cap I fear it would get a fuzz or a crumb or something in it and fail again. I would not purchase again, all I wanted was the entire item I purchased in working order, it's very disappointing and not worth the $ or the trouble."
1.0,"Way too hot, way too slow, look elsewhere!","To anyone that finds and reads my review... like many other reviewers, this product should be pulled from the market. Sandisk makes excellent products.. most of the time. I swear by their SSD drives, and have had many USB flash drives of theirs over the year. So, as a company..they do make fantastic products. This, however, is not one of them."
1.0,Do you want to melt your USB port?  Because using this thumb drive is a good way to melt a USB port....,"I saw the sale and now wish I would have checked the recent reviews below prior to  purchasing.  I was excited about the size / form factor of this drive for use with my work laptop.  However, the act of merely copying files from my PC to the drive (≤ 1 GB) generated enough heat that I a.) practically burned myself pulling it out of the USB port and b.) nearly melted the USB drive on the system.  I honestly can't imagine how hot the drive would have gotten if I was trying to actively read/write files on the drive over the course of a standard business day.  Any information from this manufacturer stating that this drive gets no hotter than 95 degrees (F) with use is utterly false.  Would not recommend and have immediately RMA'd this drive."
1.0,"Heat, stability and life longevity issues result poor performance or replacements, excellent support and replacement policy","As many of the other reviewers state, these drives suffer from high heat issues.  I bought 4 of these on special, and the 3 that I've used stopped working.  In some cases, they would only work in certain ports on a specific machine and as soon as I plugged it into another computer it couldn't read the drive."
1.0,Buy this flash drive as a chance to play the will-it-copy-this-time lottery,"Three hours of attempting to make a simple copy of a directory of files have left me unwilling to trust any data I care about to this flash drive. What you've read in other reviews about the extreme heat of this flash drive are completely correct. Don't just reach in and pull one out after using it, give it a few minutes to cool. (Does this seem crazy to anybody other than me? A flash drive that is so small - likely for reasons of Marketing fashion - that it can't be safely used until minutes have gone by?)"
1.0,Can be used to keep warm in winter - it gets that hot.  Common flaw with this product.,"Like the many MANY MANY other reviewers have said, it does get VERY VERY HOT."
1.0,This drive is a joke! Speeds are not as ...,This drive is a joke! Speeds are not as advertised AT ALL! Here are the Crystal Disk results for this drive. Out of the box it was formatted FAT32. I reformatted it with exFAT(128kb sectors) and this is the speed. I also tried it with NTFS (4096bytes) results weren't much different.
5.0,Compact and Performs Well at USB 3.0 Speeds,"I really appreciate this thing's compact size. I haven't been able to get full USB 3.0 speeds, but nothing really does. I managed to get a throughput on it of up to 40 Megabytes a second, which is much faster than most other flash drives I have bought in the past."
2.0,Hotter than a warp core breach,"this little fella stores lots and lots of stuff.  if you have to carry lots of data in a very tiny space and do not have to worry about how long it will take to write to it, then your fine."
1.0,"Heat issue, SLOW transfer rate","Bought it a more than a month ago and finally opened to use it. It could not be detected with my USB port extension and had to be plugged in directly into my laptop. Not only that, I noticed that my USB port got really hot from it, although it was not working! I had other items plugged into my port before, but no heat issue. Anyways, the transfer rate was extremely SLOW and not only that, it completely sucked out my laptop's operating speed (I can't even type!). Mind you, I've used my laptop with other USB drives before with no issue. The Sandisk Support was trying to imply that it's my laptop's fault and I assured the support that that was not the case! Anyways, I'm returning this product"
1.0,it arrived in not a good state.,it arrived in not a good state...
1.0,lava destroys everything,"I bought this to move large files conveniently but from the start i had issues. File transfer started good then slowed down and it ran hot. I was ok with that because of the capacity of the flash drive but when I actually transferred the file to the new computer, the files didn't work. Word, excel files, all small ones transferred ok but anything over 1gb was a waste. Of all the products i've bought on Amazon, this is the worst. I would only recommend this product as a disk cleaning program. I must say that i have other scandisk products which are excellent,just not this one."
1.0,Its hot and not nearly as fast as advertised. Maybe 4x as fast as usb 2.0 which isn't a lot.,"This product is an epic disappoint in so far as it is marketed/advertised. I have multiple extreme pro sd cards from Sandisk for my Canon Rebel T4I to shoot raw video and they are excellent. This product as many others have mentioned gets extremely hot and the transfer rate reduces significantly. Is it faster than usb 2.0 specs? Sure. I ran several tests with programs to test the speed and it is bad in comparison to what is marketed/advertised. I ran some real world transfers and the results were even worse. For the price I paid and the amount of storage I got its not a bad product, despite how hot this flash drive gets. But I bought this product because it was marketed as significantly faster and it isn't. No sandisk I'm not going to contact your support to troubleshoot or go through the trouble to get a replacement. I just don't see myself buying another sandisk flash drive in the near future when I want something that is fast.I don't write reviews often, but because this product performs so poorly I thought I would throw out a warning to anyone wanting something with high performance transfer rates. Do not buy."
4.0,"Compact, fast and large capacity!",I bought the 128GB capacity with the prime deal and I am really satisfied with the price and fast delivery.
1.0,"0 pins is very poor, and they will bend on you with normal ...","Stay away from these - go with a Lexar or PNY. The construction of the 5 usb 3.0 pins is very poor, and they will bend on you with normal use. I have had 2 of them get bent pins in less that 30 days of use. Look at the construction of the 5 USB3.0 pins compared to another brand (PNY). The Sandisk pins stick up and have a gap - this allows them to catch something in the USB port and bend back. These are poorly constructed and will fail under normal use.  Both times I contacted Sandisk support they told me this was considered ""Physical damage"" and isn't covered under warranty, but they extended a one time courtesy to RMA it. As much as I appreciate the ""one time courtesy"", it's also very frustrating because I'm not doing anything unusual to damage them, they are prone to failure."
5.0,Great size but heats up,Pros:
2.0,"Cool design, poor execution","This thing is fairly quick, absolutely super tiny, and has a decent aesthetic design. The issue I have with it is, whenever I try and transfer large files to it, the device seems to disconnect from windows, then reconnect, then disconnect, then reconnect, and so on. So, larger files are not able to be transferred reliably."
2.0,EXTREMELY HOT!!!,"I took a chance based on the HEAT ISSUE, others have posted on their review.  Even though it says latest model, as of september of 2016, I notice the heat issue has not been resolved."
1.0,Too hot to handle,"Bought this a few weeks ago as a common storage drive via my Netgear router.  Unfortunately I didn't read all the reviews about heat problems before purchasing.  I noticed right away that the thumbdrive seemed very hot and on removing was too hot to handle for several seconds.  The site of the USB 3.0 port on the router is narrow and there is no fan so that probably contributed to the heat.  Foolishly, I continued to use it and the other day the port stopped functioning.  The drive still worked on the router USB 2.0 port and on computer 3.0 ports and the data was intact.  So the drive itself did not seem to be damaged.  The port on the router did not work with any other devices initially.  I erased the router settings back to default and left it off overnight. Fortunately, the 3.0 port function returned.  I hadn't saved the Ultra Fit's packaging or I would have returned it. I don't know if it caused the dysfunction in the router's USB 3.0 port but the Ultra Fit will be relegated to a drawer until I can find a cooler place to use it."
5.0,Low profile and holds up well so far,"These are awesome. They are very low profile and I don't worry about breaking them off during use. They also seem to perform well (I haven't done benchmarks though). I've used 1 as an Ubuntu ""hard drive"" and another as an Xbox 360 ""hard drive"", each for over a year. That's supposed to be a lot of I/O with an OS on one and downloaded games on the other, but they've held up perfectly so far. I just purchased two more and we also use these at work (smaller size) for OS loaders and they are great."
1.0,Badly designed.  contacting Sandisk for RMA for 2nd time.....,"DO NOT buy this item.  It's badly designed.  Lot of reviews already covered the issue with this drive getting real hot.  On mine, after using it for 2 day, it stopped working.  It would not get recognized by any device I plugged into.  Upon close inspection inside the drive, one of the contact points were bent up and in.  So I contacted Sandisk, got an RMA and few weeks later, they sent me another Drive."
5.0,I am very happy with this purchase,I am very happy with this purchase. I use my computer for work daily and like to save my reports and pictures to an external drive instead of my laptop. Up until now i have been using a SD card in the reader slot that i leave in all the time. While it causes some inconvenience with fitting into a bag the big problem is that the SD card is not very sturdy and i have been afraid for some time now of breaking it and loosing data I have yet to back up. Regular flash drives are simply to big to leave in all the time.
1.0,Do Not Buy - Overheats and Crashes Due to Metal Housing,"Usually SanDisk puts out a fantastic product.  I purchased two of these a few months apart and while they work very well for super small files like text documents and things under 10MB such as documents, when you attempt to transfer large files, things that are GB in size or multiple files that total 1GB+ in size such as videos or many pictures or games etc, the metal housing of these get very hot.  Even hot to the touch and it causes the computer to fail when attempting to read or write to the device.  Simply put, there is a terrible design flaw due to the metal housing that causes it to overheat and become non-functional until it cools down.  This prevents you from transferring large files or large amounts of data which is almost certainly what you purchased it for in the first place since it's a 128GB drive.  I have purchased many SanDisk items in the past that have been wonderful, but this specific design which causes it to fail so often makes this purchase one I wish I would have avoided.  Look elsewhere for a 128GB drive.  I couldn't believe how cheap these were being sold for, especially for being USB 3, but now I know why and caution you to avoid these all togeher.  This will not completely sour me on buying SanDisk products, I will continue to purchase them in the future but this specific model I will never purchase again and wish I could get my money back.  Thank you."
3.0,"Super Tiny, Speed varies, Can Get Hot", Size:
1.0,SO DISAPOINTED!!,"YOUR ENCRYPTION SOFTWARE SUCKS!!!!!  Why can't you guys get this right!!!  It's not rocket science!!  I have pictures.  I put them in the vault and now I can't see the thumbnails. It's kinda hard to organize your pictures when you can't see them.  And even if you could see them, the icons are so small that you wouldn't be able to tell what the picture was anyway.  MAKE THESE VAULTS COMPATIBLE WITH STANDARD MS WINDOWS, where you can choose large icons and see a preview thumbnail of your documents or pictures.  It took 2hrs to copy all of my documents to this thumb drive only to find out the I can't see the picture thumbnails that help you organize your pictures.  Expect a return."
3.0,Too hot! Hot hot hot!,"As other reviews have mentioned, this drive operates at an unacceptably hot temperature. After sustained writing of many gigabytes the device will actually get so hot that it fails. After a few gigabytes I tend to take it out, blow on it, put it down for a while, and then insert it in a different usb port so I can continue. Reading for sustained periods also gets very hot, although so far not to the point of failure. I think that this device simply is too much chip packed into too little heat-dissipating package. Your device's USB port is part of the thermal heat sink which keeps this tiny device cooled - and it just isn't enough. There is not enough exposed area for cooling. In retrospect, I wish I had bought a larger form factor drive with more heat dissipation."
4.0,It Works,"I originally purchased this for holding video content and had it plugged into my Fire TV Box but, I just upgraded to a 1TB external hard drive, so this will now be loaded with music and plugged into my audio receiver and it will only be used to play music occasionally. It's really perfect for that because of it's low profile since the USB port on my Onkyo receiver is in the front. I'm able to keep a backup copy of 7 seasons of Game of Thrones on it and still have room for a little over 17 GB of music. Works for me."
3.0,Conveninet Size but don't believe speed specs.,"Very nice size, read speed is about 39 MB/s and maintains that speed for very large files - not sure how SanDisk can spec up to 150 MB/s as the device seems incapable of that speed.  I have achieved 150 MB/s with other USB 3.0 storage devices, so I'm very sure speed is not being limited by the PC hardware, software.  Write speed starts out at 25 MB/s but slows down to 16 MB/s after about 1 GB.  USB 2.0 Cruzer runs at 4.5 MB/s write speed, so actually runs at 4x-6x faster than USB 2.0 for write speed, not the 15x advertised.  This can get hot when writing large files but it seems to be machine dependent - in my laptop, it gets hot, in my desktop, it runs cool, so I think that if the USB 3.0 socket is connected to a metal bezel vs. plastic, the flash drive runs cooler."
1.0,"Works great, when wrapped in ice packs. Otherwise ... useless.","I've always been really happy with SanDisk cards and flash drives, both for speed and reliability, unhesitatingly recommending them vs playing data roulette with generic drives. So I didn't really think twice when I needed to upgrade to a 128GB flashdrive from my smaller ones, I just ordered another SanDisk Ultra Fit."
1.0,Overheating and Dropped Connection Issues,"Aside from the overheating issue, both the 128GB Ultra Fit (Old and New Versions) and the newer 256GB Ultra Fit, when used with a USB 3.x connection have a habit of dropping that connection.  Unfortunately, I own multiples of these and for the most part they worked fine when connected to a USB 2.x hub, however on USB 3.x, dropped connections almost a given."
5.0,Good fit for Wii U,"Works perfectly as expasion drive space for Ninetendo Wii U -- dropped it in, formatted it via the Wii U, and copied data right over. The Wii U complains that it may be slower -- but as far as I can tell Super Smash Bros loads and plays just as well as local storage."
5.0,"One of the bests drives, ignore the other reviews","For reference concerning the comments here: All flash drives get hot and this one doesn't get nearly as hot as others do. The Ultra Fit also out performs others. I would not listen to what people who have no idea what they're doing have to say. If you abuse a flash drive you will obviously cause it to heat up or become corrupt. I have abused this drive for a very long time and I have not had issues before. I also own a plethora of flash drives, I consider the SanDisk Ultra Fit the best. It has better functionality and performance than others. I use it on a lap top for work. I changed all the directories such as Pictures, Desktop, Videos, Downloads, etc to folders on this drive. So, this drive actually contains all personal files on my computer. It acts as an internal drive for me. It has never failed doing this and has never become hot doing this. I have also abused it by adding a large amount of files on it randomly from different directories simultaneously. That is where it becomes hot but it still performs well. If you have speed issues when doing something like this, cancel and transfer files like a normal person. No flash drive likes being abused that way."
5.0,Perfect little USB drive for those tight spots!!!,"I have a car with a USB socket in which I keep a small micro card reader, with a card in it, with all my music. Though it was small and relatively short, it always bothered me that it stuck out and I worried about hitting it with something I threw in the console. Not with this!!! It just barely sticks out enough to be able to grab it and get it out. No more worries about hitting something. I'm sure the same would apply if you often use a laptop and various USB drives. If you need the space, or just don't like another type of USB sticking out, this is a highly recommended choice. Reads fast, great capacity, and SMALL!!"
1.0,Careful. It had a lock feature.,"It has a good size, but be careful when saving big files."
1.0,Beware of high temperatures,Not sure if this was intended to be a storage device or an alternative for cooking eggs.
1.0,Unacceptable Slow/Interrupted Speed and Burning Hot Temperatures,I highly recommend NOT purchasing this product. This is coming from a long term user of sandisk products from flash drives to memory cards.
5.0,"Works with WinToGo for Win7 on UEFI netbook with GPT, NTFS","This is a Removeable bit set, non-Fixed HDD USB3.0 Flash drive.  You cannot flip the bit with Lexar BootIt to make it RMB compatible with Windows To Go for Win8 or Win10 - which also means you ""are not supposed"" to be able to make more than one partition (or) install Windows to this type of Uncertified USB Flash drive. (BUT) it does work with a few tricks during setup. Also - you ""can"" slipstream install USB3.0 drivers so that on a UEFI only system like a Win10 netbook you can install Windows 7 as long as it has a BIOS legacy CSM for video and can be set to boot Unsecured (unsigned) Operating System kernels (like Windows 7). This means like for the HP Stream 11 - G2 netbook it boots up fine and has the speed to be very useful. For something more niche like a Kangaroo PC it is still possible, but since that does not have CSM and only has GOP for boot graphics it will hang at the VGA screen.. unless you manually disable the VGA boot up screen.. usually this would be difficult.. but since W2G can move from a system that has CSM to one that does not.. it becomes fairly easy. - I've included a screenshot of the Disk Management showing the partitions after W2G setup. I didn't show the properties of the disk, but it does show GUID Partition Table (GPT) style disk .. so its not MBR and it is definitely ""not"" a full FAT32 of the whole disk. The eMMC of the netbook is naturally not available.. it is not NVMe compatible and there isn't a 64 bit device driver for eMMC that I know of for Windows 7. But the netbooks original Windows 10 is still available in emergency situations. Since both Win10 and Win7 natively use NTFS, booting into Win10 files can be copied back and forth to the USB drive and accessed when booted in Win7."
3.0,Get a warranty replacement if yours overheats!,EDIT: Updated to 3 stars as SanDisk's warranty replacement was relatively painless. The new one no longer overheats on large file transfers and is now completely usable.
1.0,Heat and failure on multiple machines in a normal environment,I have no idea how this particular product has such a high rating with this many people experiencing the same issue: Heat and failure.
5.0,No heat problems for me after a write session of 35 minutes.,"After some shopping around I purchased this drive in the 32gb version. I was worried about the heat situation that so many seem to have complained about. When I received this, I checked first to see what software was installed on it. The usual security software which I don't need to use. I didn't even format the drive. My reason for purchase was to load it up with music so I can pop it in the usb drive in my car. Well, after loading 17gb of music on it in one shot I can report that I didn't have any heat issues at all. Warm yes, but not hot. 17gb of music took 35 minutes to load, not the fastest, but not too bad. I previously loaded the same music on a usb 2.0 drive and it took around 90 minutes.So, this one was roughly 3 times as fast, not the up to 15 times faster as advertised. Overall satisfied because now it's all about the read function from the car audio system. The drive works flawlessly in the car. My reason for buying this drive was to have a very small drive that didn't get knocked around in the console where it now lives."
5.0,"Small, fast and reliable brand, highly recommend","This is my second time purchasing this flash drive, for a good reason! I love it. I don't know all of the speed tests and all of that stuff, but I'm using it for computer backup for my mom's laptop, so it doesn't need to be insanely fast (besides it's on a USB 2.0 port anyways)."
4.0,"Great drive, but it gets really hot in a short amount of time.",I really like this flash drive a lot. It's got a huge capacity in a tiny form factor. I am getting high transfer speeds when using USB 3.0 ports. What more can you really ask for in a flash drive?
2.0,Gets so hot it makes the speed pointless,"SanDisk may claim that they follow the industry standards, but obviously other companies have a higher standard."
2.0,Hot With Bit Errors,"I originally gave this drive 3 stars... ORIGINAL REVIEW [June 16, 2016]:"
5.0,"Small form factor, big value!","For the price of this flash drive, you simply can't beat it. The small form factor, the fact that it's USB 3.0 capable and of course... the price! I highly recommend this flash drive as a backup solution as well as a hard drive image storage solution. I actually use two of these now I loved the first one I bought so much. One is used to store and backup all my important data and I use the other one to store hard drive images. Combined with a program like Macrium Reflect, this makes re-imaging computers a breeze! Since this is USB 3.0 capable both backing up images and restoring from those images is lightning fast."
1.0,"Overheats, low write performance, stopped working, lost 100% of data","As others have stated, this drive seems to be extremely poorly designed and manufactured.  It always ran very hot, and like others have said, write performance to the drive is abysmal -- copying ~70GB to the drive takes upwards of 5-6 hours on a USB 3.0 port -- a far cry from the advertised speeds.  Transfers drop off after about 2 minutes of copying as the device heats up.  Similar to other users, using a probe thermometer against the case, I measured temperatures as high as 163F."
4.0,"First unit DOA, second one seems to be working","So I had to order a second one of these, the first one I received was DOA. The second is working much better. I haven't had a ton of time to speed check it on my work computer yet, but my work computer is pretty slow anyway. Later today I will try transferring some large files to check speeds, but it moved a 700mb file over to the drive in about 30 seconds, which works out to something like 30mb per second, not great but not crazy high. I'll check out more. My original review also got a response from Sandisk which is at least a good sign they are looking to help, I don't mind that I had to send the original one back to Amazon, and I'm glad to see they are at least trying to make an effort. This one also does not get nearly as warm as the DOA one when simply plugged into the drive, and during my limited transfer tests still was cooler. I assume something was simply shorted on the first drive"
5.0,Very fast flash drive.  Upgrade your Kodi box.,"I purchased this flash drive as additional storage for my NVidia Shield which had only 16GB of memory.  I am not a Gamer, so this was probably overkill for me.  After installing all the apps I'll ever use, I am now only using about 1% of my available storage."
5.0,SanDisk still doing things right.,"Working great. I ordered this as I really like SanDisk products as they have always done me well. I ordered without reading any reviews since I have had good experiences, so they have earned some loyalty. However, when the flash drive was in shipping I started reading reviews, and many stated this drive gets really hot. I was very concerned, so the first thing I did was a file transfer of about 5-6GB of files. Guess what...I touched the drive, and.....room temp. Not hot at all. The drive is now in my truck playing music for me just fine."
5.0,USB 3.0 Flash Drive - Compact Design Great For Cars and Computers,This small compact USB flash drive is fast.  I have purchased two of these and use them in our cars and computers.  The small compact design is perfect for cars with a USB port for music.  Its small size  means it will not stick out like other larger USB drives.  The benefit of not sticking out is it will not get hit or bent when in your car's USB port or your computer's USB port.  I leave it plugged into the side of my computer when traveling.  The 64 GB of memory will hold more than enough music for those long car trips and is plenty of data storage for computer files.  It also has a small red light that comes on when the device has power.  SanDisk also offers these with smaller and larger amounts of memory.  Could not be happier with this product.
3.0,Great little travel storage solution,FOUR MONTH UPDATE (-2 Stas)
5.0,Worried about one of the two I bought.,"I'm not sure if it's normal, but the second one I used didn't appear to register in my computer using one of my frontside USB 3.0 ports. I unplugged it and plugged it back in a few times, letting it sit a minute or so in between, and nothing happened."
2.0,Design Flaw Makes Flash Drive Run Too Hot for Practical Use,"As many reviewers have noted, this flash drive runs VERY hot. Too hot for practical use. I had hoped, given the age of some of these reviews that SanDisk had taken notice and corrected the problem but alas they are either still ignoring it or they simply just do not care."
1.0,HEAT ISSUES... BEWARE,I have purchased 3 of these drives.  Everyone get hot... very hot.  As they say... heat kills.  Well it must... all 3 have died over the last 3 to 6 months.  I used these in my vehicles for MP3 music.  I have seen posts of other people having this drive get hot and burn up their USB port on their computer (I can believe it).  Never again... cheap or not these are crap.... I purchased a couple similar sized Lexar models and  they never get hot.  Something is wrong with the design of this model.
1.0,Try something else and save money,"I loved this drive until 3 weeks ago. Long story: I bought this drive some time ago and used it daily until about 3 weeks ago it suddenly stopped working. At first I thought there was something with my computer's USB port to I tried it in different ports, on another PCs and then finally on my Mac to find the same results. Thanks God I had backups of most of the files so I did not lose much data. So I ordered a new one from Amazon only to find it DOA. What a bummer I thought, returned it and ordered a replacement. The replacement arrived, so I copied my files onto it and started creating my VMs, then left it running for couple of hours only to come back to a dead drive!!! Really? I tried the same thing - plugged it into other PCs but nothing helped, so I had to return it again. Lost confidence in this drive, will have to try something else"
3.0,Only 115 GB available...,"The drive is nice and compact (the size of a wireless mouse dongle). As far as slowness, as with anything, including hard drives, you have to set it up the way you plan to use it.  For example, if you store movies/music on the drive, you will want to reformat it with a higher allocation size.  Its currently formatted for 128K on a exFAT file system.  exFAT is good for USB3 but 128K is going to be slow for large files.  Its ok for normal ""documents"" being stored.  If you want this for music and videos, reformat is choosing an allocation size much higher.  I personally use it for a mix of things so I chose a 8192K allocation. And if you ONLY use this on a windows box, you may as well change it to NTFS instead of exFAT.  exFAT is cross compatible so if your using it other places, leave it alone."
1.0,Avoid this product. Technically inferior and only fit for the garbage can.,"This product is complete garbage, avoid purchasing it, the low price is not worth it.  I got the 128g model and completely hate it."
5.0,The 128GB Drives Are Awesome!!!,I absolutely love these drives. This is my third one (128GB model) and not only am I pleased with the read/write speed but their utility impresses me the most. I leave one plugged into my laptop as I travel and its micro form factor (compared to traditional drives) means I don’t have to worry as much about knocking it loose as I slide it in and out of my backpack. Plus its diminutive size means I can keep it on the side of the computer and not have it protruding out to the point where it would be at a risk for getting caught on something. These things are insanely cheap and incredibly versatile. Plus it’s always fun to blow people away when they ask why I’m holding a wireless mouse receiver and I reply that it is a flash drive and it has my entire music and photo library on it. I have had the oldest one for about 4 years and they all see near-daily use. I will continue buying these especially as they continue to get cheaper! 5 stars!
5.0,"Great, high capacity tiny drive -- with a cap that's a bit of a pain","Two things always stand out for me with flash drives, capacity and ease of use.  SanDisk, which has been historically reliable for me, meets both of those criteria with this tiny drive.  This drive is small.  I mean, really small.  As in like smaller than your thumbnail small.  But the ridge (the black part) is raised and serves as the grip for it, making this drive very easy to put in and out of a computer or even tablet (provided the drives are side by side and not stacked -- you can pull out fairly easily if they're stacked because the sides are also extended, it's just not as easy).  At 64GB, this drive is big enough to carry all my documents (I'm a writer, so it's extensive), digital music, and even images and videos.  And it's SanDisk, so it's reliable."
5.0,"A ""Must Buy"" for Tech Enthusiasts of All Types!","As an individual that has been in the IT industry for more years than I care to admit, our current technological abilities never cease to amaze me.  If you would have told me 20 (or even 10) years ago that there would be a storage device with this capacity, with the size of a Tic-Tac, I would have found you insane!  The device is small, fast, and totally inconspicuous.  I installed it on my Nvidia Shield.  For those that know of this device, you can attest to the fact that peripheral 'real estate' is at a serious premium.  I swapped out my full size flash drive and plugged this baby in.  Now, I can actually use the second USB slot on the Shield.  I am completely happy with this purchase, and the price is delightfully low.  Also, Amazon Prime is awesome.  I actually received this order less than 24 hours after placing it...At no additional charge!  Highly recommended."
2.0,"I have purchased 2 of these now, one for ...","I have purchased 2 of these now, one for each of my cars for listening to music. Both of them run extremely hot when transferring files to the point it could burn you when removing. Since mine are set and forget once I copy music to them I looked past that issue. However, a couple months of use in one of my cars, it now randomly disconnects. I have tried switching USB drives between my cars and the problem follows the USB drive so it's not my car. The unit isn't usually that hot to the touch when it happens, so not sure what's wrong with it. Given that they get so hot during transfers, maybe its weakening the chips and causing durability issues. I really needed the small form factor since it sticks out of my head unit, but really wish it was more durable. I'd take a replacement if SanDisk wants to replace it, but I'm not willing to go through the effort of dealing with support to get one. Next time I'll buy a different brand."
5.0,"It may be small, but it's the best flash drive I've ever had.","When you decide to buy the San Disk Ultra Fit and you open up the package, you're going to think some of the parts are missing, like I did.  But keep looking--it's all there and when everything is put all together (there isn't much), you will find you have the  smallest flash drive you've ever owned.  But what makes me most happy with with this drive is that every computer I use when I put the San Disk Ultra Fit in a USB port, the computers tell me that this ""device will  be more dependable and  stable.It does not offer me the option to  scan the disc. And the data that I've copied to this little flash drive has been 100% reliable and usable as often I want."
1.0,Doesn't work on USB 3.0 ports (and runs very hot),"I've had little luck with this product.  I have a Dell E6530 with two USB 3.0 ports and one USB 2.0 port. It only works on the 2.0 port despite claiming to be 3.0 compatible.  I have another Dell 7510 with four USB 3.0 ports and it doesn't work on any of them.  Perhaps it's a Dell issue but I've found several threads online with the same troubles and not a single one has a solution. They all say, ""Update the driver"" but the driver is fully up-to-date.  They say uninstall the drivers and then reinstall but that doesn't work either."
5.0,"Fast, But a Little Smaller than 128gb","Actual capacity: 122,980,466,688 bytes, 114gB."
1.0,Gets too hot to touch and slows to a crawl in use !,"This drive becomes excessively hot in use, and file transfers slow to a crawl or a virtual standstill.  I used it in a new HP laptop, and it became so hot (it was very hot to the touch) that I thought that it might damage, (or may have already damaged) the computer !  I have a similar size and form factor USB drive (the 32GB Samsung) which does not become excessively hot, and data transfer does not slow down to a crawl, so I doubt that it's the fault of my computer.  I believe that this is a serious problem, and I'm sorry I bought this product. I have transferred  about 11GB at once onto the Samsung drive and it both maintains a steady speed, and stays cool enough to touch, and handle, and cools fully to room temperature (even if left in the computer) within a minute after transferring large amounts of data at full speed."
1.0,Ran so hot that it damaged USB ports,"This drive works fine for what it is. A nice form factor, decent transfer speeds."
1.0,DO NOT BUY - Extreme Overheating!,"I purchased this item for on-the-go storage of movies for my kids.  I plugged it into my computer and copied a couple of movies to give it a test run.  The flash drive was not in the USB 3.0 port for more than 5 minutes.  When I removed it, I nearly dropped it because of the intense heat coming from the aluminum.  It was as hot enough that I could not let my fingertips touch the aluminum, which is 90% of the body.  I continued testing for compatibility of the videos and our car DVD player, however as I was working to move different videos over, it continued to get hotter and began disconnecting and reconnecting itself from my computer.  This caused my Windows Explorer to continue opening and closing a window.  The area of my laptop where the flash drive was plugged in also was heating up.  I carefully removed it and dropped it on my desk.  Very disappointed."
5.0,Best Bang For Your Buck!,"2 months in and I can tell you that this is a no-brainer must buy! I mean, look at the regular price, the size (physical and flash), the speed, the brand... and then look at that price again. Yeah, that's a bang for the buck no-brainer."
1.0,Extreme Heat,"BUYER BEWARE!!! While I like the small form factor, this thing gets extremely hot, after being plugged in for a very short time of use. Whatever port or accessory you plug it in is also going to get extremely hot, and may even cause damage to the port. When unplugging, the metal can get hot enough to burn your fingers. I initially thought I had a faulty port that may have been causing the extreme heat, but I have used it on several different types of devices, with the same results. I do not recommend leaving this plugged into any device, as it may cause severe overheating to the port."
4.0,Great for video & music,Speed does drop significantly after about 10 seconds of file transfer.  There just isn't enough mass to absorb the heat or surface area to dissipate it.  The initial filling of this drive took about 8 hours which is abysmal.
3.0,Enormous storage in an extremely tiny package,"A great little flash drive, and because it's USB 3, it's fast.  But beware:  Tiny devices like this are easily lost and, in my experience, more prone to failure.  When this one failed it just went dead.  No way to recover what was stored on it.  That's ok, because I understood the danger and used it only for ""sneaker netting"" copies of data that I had elsewhere."
2.0,Automatic write protection will make this a junk,"3 of my purchases turned out to be junk in few uses. I have been using ScanDisk for years but not sure if the issue is with this model, the drive turned on write protect automatically for some unknown peculiar reason and that's it, all three flash drives are junk. Raised the issue with SanDisk support and they acknowledged the issue and wanted me to send the drives for replacement. Here is the catch. They won't send replacement unless I send the defective drives. I had some official work copied in these drives and SanDisk won't take responsibility for safe deletion of data on disk and they have a big disclaimer that they are not responsible for data. Since I did not want my company data to end in wrong hands, I decided to take this loss."
1.0,Designed to force you to buy more of their products; not generally usable.,"Unlike Lexar, Maxell, and other flash drives, the so called secure software Sandisk provides leaves you stuck with only proprietary access using other (need to buy) Sandisk products to use it.  Once you encrypt their flash memory, your operating system can no longer access the drive; you are forced to access it ONLY via their software products.  For me, and I'm sure many others, who want to be able to do things like: see sandisk drive like any other disc drive, to synchronize backups to it using any such software you possess, to have a public and a private partition, and many other functions, the Sandisk product is useless.  Rather than having designed it to be universally accessible as other manufacturers have, they've designed a product specifically to hook you into buying more of their products to have full function.  I returned mine, and unfortunately wasted a lot of my time to learn this information, the mistake I made buying it."
4.0,Good product but 128GB capacity needs a tweak/workaround to access in Windows,"I bought the SanDisk Ultra Fit USB 3.0 128GB flash drive, but when I plugged into my Windows 8 HP laptop, it showed as only 32GB available."
2.0,Short life span and HOT,"I use this product very successfully for a couple of months. I used it almost daily to transfer usually between 2-6gb. I rarely was transferring more than 10gb at a time, but when I did, the speeds were consistently fast. It would get warm, but not hot. Then after about 6 months, it started acting up. If I was transferring more than 2gb at a time the speeds would start off normal then slow down to a CRAWL and the unit would get EXTREMELY hot. I've tried it in multiple different USB ports and experienced the same problem, so it's definitely the drive. It's now 8 months old and it's still limping along. I'll need to get a new one soon, but it won't be buying this one again."
1.0,Possibly the worst flash drive ever sold by SanDisk.,I placed about 10GB of music on the device to use in my car. That was working OK for several months despite the device getting excessively hot during use.
2.0,Sneaky SanDisk pulled one over on me,"Like a bunch of others have pointed out, this USB 3.0 stick is basically a sham. SanDisk has sneakily crafted this drive with a buffer to transfer smaller files very fast. Once the cache is used up, this thing slows down a ridiculous amount. My take on it is that SanDisk did not put in a memory chip fast enough to actually keep up with real-world transfers. Shame on them. See a photo for a 2.36 GB transfer I was doing from my PC's hard drive to this drive, using a USB 3.0 port. I've circled the part of the transfer where the SanDisk could not keep up."
3.0,better recommended flash drive (specifically,"I'm on the fence for recommending this USB drive.  I bought it to use with a GPD Win, a UMPC, and I had a few issues with it.  The most concerning issues were related to heat - the heat this device gave under minor load was impressive to say the least.  Not warm enough to cause physical damage to one's flesh, but warm enough that I was wondering if it was operating under normal parameters.  I didn't notice any read/write access issues, but knowing that heat is generally an issue with the GPD, I honestly couldn't trust this flash drive.  As a comparison, I also tried it on my desktop, and had similar performance - for USB 3, it definitely was quite fast for Read/Write times, but the heat the device gave off for even a simple 10-20 file transfer of under 20 MBs was something that I wouldn't have expected for a flash drive.  I ended up returning this flashdrive to get more efficient, better recommended flash drive (specifically, the Samsung 128 GB USB Flash Drive Fit), and have been much happier with that one."
3.0,Gets Hot and Speed Reduces Drastically,I bought this to use as portable linux drive. Initially I didnt notice any problems as I was using smaller files. The real problem begun when I started to use it as movie storage. If the file is more than 100MB the transfer speed (write speed) is reduced to 2-3 mbps. It takes forever to trasfer 4/5 movies.
1.0,"Poor transfer rates, drive gets hot","I am getting transfer rates of 6 to 8 Mbps, slower than USB 2.0.  This is doing the exact same operation which gives transfer speeds of 30 Mbps using other manufacturers drives (same folders, same ports, same write operation to the USB drive).  I also tried a variety of different USB ports with the same result.  The drive initially copies fast (26 Mbps) but slows down after a few minutes.  It also gets very hot to the touch, too.  As I have recently had trouble with SanDisk SD cards in my dashcam, this is the last time I buy a SanDisk product.  It's also the last time I buy a micro-sized drive as I am suspecting it's prone to manufacturing defects.  I am returning this drive."
2.0,Fails on usb 3.0 but ok on 2.0,"Maybe I got a faulty one but it doesn't like to be plugged into USB 3.0 ports. First, windows wouldn't recognize it but when I changed it to a USB 2.0 port it was fine. Mind you, I just had a large external hdd plugged into my 3.0 port and transferred files so it is working. After a while of SLOW transfers I tried the 3.0 port again. This time it worked... For about 5 min. When I tried to transfer files the second time it failed to recognize the device. I pulled it out and it was very hot to the touch. These nano usb devices are just not made as well as the larger ones."
1.0,And like many have reported,"I wish i could give it 0 star.  The usb drive arrived completely squished in the middle, causing the metal nearly touched in the center.  Tried to carefully fix it (dumb move, should've sent it back immediately), and was able to insert it but was not able to format it.  And like many have reported, this unit runs extremely hot after just 2 minutes.  I also noticed the little plastic cap for the drive was melted and cannot be used with the drive.  This is by far one of my worst experience on Amazon, but thanks god it's only a $10 unit."
5.0,"Finally, something cheap(easy on wallet) that's worth more than the price would suggest! Best flash drive of its size and kind!","For $30 I thought it was going to be like buying the same size SD card for this price...turns out this thing is super fast, offers encryption program already on it to keep files from prying eyes, and is the size it states! Has a nice clear cover and has been in my destructive pocket for a hot minute jangling around with magnetic things even and still works as well as the day I got it! Was very impressed. I use it as a compact extra bit of storage on my smartphone with the addition of a tiny OTG adapter. So small and useful that I don't know how i ever dealt with Katherine junky us devices that never worked as long as I'd have liked them to in my on the go lifestyle! Looks just like the picture so I'm not going to take a picture of the device and save it to itself... Too weird for me to process doing. Just trust me and get it before it's gone! I'd buy em out if all my cash didn't already go-to Amazon in some form haha. Seriously tho, I hate reviews and only do them for the items I can't live without anymore! Def not paid for my opinion tho it's be nice to. I digress. Just get it if you've read this much. You owe it to yourself!"
4.0,"Good capacity, good size, good speed...gets really hot though","I like the fact that I can store just about every mp3 file I'd ever want to listen to on one drive...the thing that concerns me though is the same thing I've seen many other users mention...this gets so hot it is almost to the point of being uncomfortable to touch.  As a reputable company I am assuming SanDisk has taking the heat into consideration and done the testing to make sure there is no possibility of damage to the flash drive or any device it is inserted into but it still something I am concerned with as I've never had any other flash drive that had such issues dissapating the heat. Hope it holds up as I've spent countless hours copying files to the drive. I also like the small size of the drive, it is discreet in my car stereo and there is little risk I'm going to bump it and snap it in half."
4.0,"Great for Archiving, Music, Pictures, and Video.","I only use these for Archiving Purposes. For all of my Audio Compact Discs, I rip my C.D.'s into WAV Files (Uncompressed) as well as an mp3 version of the disc, and I also make a Master Image Copy of the Entire CD, using Nero's .NRG Image Format. Yes they do get extremely HOT! But since I keep most of my media files on a Western Digital MyBook USB 3.0 External Hard-Disk Drive. I only use these for backing up my entire CD Collection. To take with me wherever I go. If I want a file from these Ultrafit Drives. I only plug them in long enough to copy a file from, and to these USB Drives, to my Computer or Device. So far...So good on my other 2 ""128 GB Ultrafit"" Drives. They haven't died on me yet. I'd recommend these for Archive Purposes only. Not to keep in for long on your usb ports. They do get insanely HOT!"
5.0,Small and Fast! Great for the Raspberry Pi.,This is the second time that I am using this instead of a hard drive or SD card on one of my Raspberry Pi's.
1.0,"Defective unit, possible defective product line! Beware. I will attach videos of this (machine not recognizing it, etc)","I am really, REALLY disappointed by this product. This is unacceptable. I read the reviews of this USB getting ""too hot"" - which is fine, I don't mind that. But this drive doesn't even work! I connect it to my Macbook 2015 via the Apple USB to USB-C adapter, and 1 in 10 times does it even show up as a drive on my machine. And when it does, good luck trying to transfer more then two files at a time. The Macbook auto-ejects it as if it was removed/pulled out. And yes, by this time it's BURNING hot. So I paid for a 128GB flash drive that doesn't work, and gets so hot that touching it is like holding your finger on a lighter that's been lit for 10 seconds. I really don't care how hot it gets, but it seems to be interfering with it's basic functionality. The laptop has stopped recognizing it. And this is an isolated incident - I have tried several other USB 2 and USB 3 flash drives via this same Apple adapter, and they all work fine - and the machine recognizes them immediately, let alone just ""stop"" during the middle of transferring files. I am positive either this unit is defective, or the entire product line is defective. I'm disappointed because SanDisk has always been a reliable company. It seems I got screwed over. Is there any recourse for this?"
5.0,This flash drive is great! It's probably one of the least expensive 128gb ...,"This flash drive is great! It's probably one of the least expensive 128gb flash drives you can find, and it is usb 3.0, so it has very fast read and write speeds. I have been using it for the last year and it has not slowed down at all."
4.0,"Good for moving files from one place to another. For continuous use, look for another drive, these get really HOT (way hot!)","Bought a couple of these to be used as a storage or share drive while attached to a NAS capable router. They work well but if you are constantly accessing it or playing a video or music files from it, it gets really hot, to the point where you can actually get burned. If you plan to use it to store things and copy them somewhere else, you will probably be safe. For more intensive use, try buying a different one."
1.0,ABYSMAL Write Speeds,"I was in the process of migrating over to a new computer and this was an opportunity to really put this flash drive through it's paces.  Write speeds were absolutely horrendous.  I see people here talking about slow speeds of 20mbs, while here I am getting sub-1mbs speeds, sometimes even only 355kb/s.  I'm using this with my Surface Book with usb 3.0.  When transfering a large folder with many files, the drive will intermittently stop completely and write speeds will drop to zero.  I thought SanDisk was a reputable company, but this product's performance is absolutely appalling."
1.0,Overheating and slow write speeds,"This drive gets extremely hot. Even when not data is being transferred it is hot. Once large amounts of data are transferred, it gests even hotter. Hot enough that it can only be touched for a few seconds. When using a USB 3.0 hub, the drive kept disconnecting and re-connecting. I used an extension cable , then it worked with the hub.. With the extension cable, the computer port or hub port was cool. The end of the cable with the drive plugged in was still very hot.The write speeds are also slow. According to the packaging, it is supposed to write 15 times faster than a USB 2.0. It is not even twice as fast. I am not comfortable using this drive and will be returning it."
5.0,"SanDisk Ultra drives seem to be the fastest available, and this one is no different.","Starting with my first 2 GB U3 Cruzer drive in 2005 (which is still in perfect working condition to this day despite heavy use), SanDisk has been my preferred brand of flash storage for years. I use a couple Class 10 SanDisk Ultra SD cards with my Nikon D3200, so I'm already familiar with and extremely satisfied with the Ultra line. When I saw SanDisk had an Ultra USB flash drive in the form factor I needed, I decided to try it out. I'm glad I did."
2.0,WAY TOO HOT!,"What in the world is going on with this USB drive? It gets waaay to hot, even when not actively reading or writing! I was shocked to touch the drive, which was still plugged into my game console, which was powered off for hours, only to feel a burn, from the metal contacts. Wow... what a poor design. With this much heat, I wouldn't be surprised if the data on it, would eventually get corrupted or stop working. Just had it for one day.  I wish Cruzer drivers came in 128gb, because the 16 and 32gbs are very cool in temps. This new one scares me."
5.0,"It's not quite as fast as advertised, but works well enough","I wanted to store large amounts of photos & videos & selected this SanDisk 64GB USB 3.0 version flash drive because it's suppose to move data faster than the USB 2.0 versions. Yeah most of the data did move at over 15MB's/per second as they said, but noticed quite a bit were sluggish at under 1 mb/per second....as good as the USB 2.0 version. Other than that, no problems with these flash drives. They are tiny, come with a clear cap to keep the USB port covered/protected and basically easy to use. No overheating issues with mine at all, more a sluggish speed issue was my main issue with these USB 3.0 flash drive units, but that's not giant issue for me. So, despite that....it gets a 5 star rating."
4.0,Allot of freedom in a Little Space,"I bought this on cyber Monday to fill a very specific hole in my workflow. I have a 16 GB chromebook which is good enough for mobile web browsing, but since I do data analytics sometimes I need a real OS (like Linux). Problem is, 16 GB of internal storage is too small for even some of the lightest Linux kernels."
1.0,Do not buy the 128GB version,Do not buy the 128GB version. I own the 32GB version and really like the small form factor. When I saw the 128GB on sale I decided I’d step up.
4.0,Hot flash drive,"I bought the 64GB version to make the Linux Mint persistent Live USB. While the speeds were pretty good (91.6MBps & 9.45MBps read & write, respectively), this little thing got hot so fast that it froze my laptop after transferring about 10GB of data from the laptop to it. I had to remove the flash drive, reset the laptop and wait for roughly 5 minutes for the flash drive to cool down before it started to work again. Also, as other reviewers mentioned, when the flash drive got warm, it slowed down remarkably. Next time I will try the Samsung fit drives to see if they're better."
5.0,authentic; tested; holds 128 gb of data. great product,"This is a great inexpensive product and I have had this exact brand and type for over 2 years in my pc and another in my Amazon box and had no issues. Yes it can get warm but it is small and it does no harm; but don't buy the black plastic one  since it has been known to separate. Yes I did get speeds of 140ish but expect 20-40 MP/s and that is normal for any flash drive of this type. What to worry about is the fake ones that look like they hold 128GB but don't. Just load this one up, open a few files then delete them to make sure on any flash drives. The testers are not as good as this simple test: Proof is in the pudding."
1.0,"Too hot to handle, unreliable","Bought for size and speed.  Runs very hot.  Stopped working after a few months.  To clarify, I bought to record video from a video game recorder.  After a few months I started noticing lots of dropped frames.  Then I began to notice copying files *TO* the drive would fail.  Now when I plug it in to my PC, it will randomly disconnect.  Just for grins, I tried doing a surface scan, and it failed with a random disconnect."
2.0,"Small, cheap, big, but has real problems.",This is an extremely small stick with a ton of storage at a great price.
2.0,"Awesome item, just be careful for the heat.",Edit after 3 weeks of usage: I refunded the item. It's no use for me if I cannot even copy 5GB of single file at once.
1.0,Failed after 5 months of light use,"Bought in September 2016, failed 5 months later in February 2017. Would not recommend to anybody. Wish the seller would refund this product. Obviously defective and probably a knock off. Disappointed. How convenient that returns are only eligible until one month after, while it fails not much longer after the end of returns deadline. Planned obsolescence at its finest."
5.0,Super Compact & Works with Roku,"Pros: 128GBs, USB 3.0 (FAST), Compatible with Windows/Mac, Compact, Compatible with Roku (allows playback of video/audio)"
5.0,Perfect for my truck,"I didn't get this drive for it's speed so the heat issue has not been an issue for me. I got it to use for playing MP3s in my truck, and it works perfect. I haven't had any heat issues, corruption issues, or lag loss issues."
5.0,Low Profile USB drive. Works Great,"works very well. I bought this to store movies and pictures in the back of my Samsung Smart TV.  It's difficult to have a longer one sticking out the back of the TV when it's hung on the wall. This USB flash drive is very low profile and suits it's purpose very well. Warning: It's small and you could easily misplace this unit on your messy desk. Or, at least, on my messy desk... but I found it."
4.0,Good tiny form factor device with acceptable performance and SanDisk warranty/support,"I use this in my vehicle's infotainment system to play music from.  Because of it's tiny form factor it's great for that purpose.  I can also see how it would be excellent for expanding storage on a tablet- again because of it's small form factor.  The read write speeds are acceptable for what I use it for but for resource intensive tasks I rely on USB 3.1 high speed ultra compact external SSD's.  My point is as USB 3.0 drives go, this one is pretty average from a performance standpoint but it has advantages in certain applications and is a SanDisk and therefore has the excellent warranty.  I have not experienced some the the overheating issues other reviewers have noticed.  On occasion there have been times where this drive was not always recognized by several different manufacturers infotainment systems and it had to be reinserted hence four stars instead of five."
2.0,Seriously hot!,"I bought two of these things. The only defense I have for this mistake is that I obviously didn't take one out before letting it cool down. I'm not concerned by the poor transfer speed that others have mentioned. My main concern is that the heat they generate might actually damage the ports on my computers. I would appreciate an engineer's comment on this. The generally good reviews are most likely based on the incredibly small size for such a large capacity. That is why I bought them and, since I don't have any toddlers around, they are not a choking hazard. They are, however, a serious misplacement hazard."
1.0,It feels like it failed,Overheating! Stay away from latest SanDisk USB drives.
1.0,Fire hazard,"I wanted to love this chip. I am a fan of Sandisk, and all of my camera and phone storage chips are Sandisk, and I wouldn't use another brand.But this chip is not just bad, it's dangerous (in a bad way). After less than 2 minutes of use, it is literally too hot to touch. Once it's at that heat, it overheats and takes the USB channel down with it. I have run it in several different scenarios with different connections: Anker aluminum USB3 hub, Manhatten Mondo hub, plugged directly into my IBM and Alienware laptops, and plugged into my desktop. It's just bad. I have seen other reviews with this same problem, so this is clearly a design flaw that has not been resolved. Sad too, because when it works (before it heats up), it is really fast. I guess every manufacturer has to have at least one failed product, and for Sandisk, this is definitely that product."
5.0,since the design tends to lend itself to a fairly easy to contain in a port for the long haul ...,"Sandisk has been a go-to for memory products for years, so when I needed more storage for my Raspberry Pi Video Camera System, I immediately bumped their product line to the top of the list.  Being that the Raspberry Pi is a small package anyway, I didn't want a memory solution that was literally as large as the device itself, so the Ultra Fit was really appealing to me – I ordered it via Amazon Prime and had it within a couple of days."
1.0,Hilariously unreliable,"Please be aware that when you buy these you are *not* getting the metal 3.0 editions, rather the newer USB 3.1 units which are a black plastic."
5.0,"Excellent Product, Practically Disappears","I originally bought one of these to extend the memory on my color laser printer.  I was so impressed with the size and durability that I purchased another one for all my music in the car. This flash drive practically disappears when plugged into a USB port leaving just enough to grab a hold of to remove from the port. I have been using it my car in place of my iPhone and it works flawlessly, voice commands and all. I have two USB ports in my car, one near the gear shift and the other inside the center console.  I just leave this one plugged into the center console for quick, continuous access to all my music. It take so little space, its barely noticeable.  Unless something better come along, this brand/model is the ONLY flash drive I will ever purchase."
1.0,Terrible product,"Received the the SanDisk Ultra Fit 128GB USB 3.0 Flash Drive - SDCZ43-128G-GAM46 on Aug 4.  Drive failed today 9/28/2018.  Warranty was only 30 days (I assumed, my mistake, that there was a 90 day warranty); anyway no longer can be returned after 50 some days.  This is a known issue (didn't realize it before) with this drive.  I contacted Sandisk and Amazon.  Neither would admit this is a known issue with this product.  I will NOT recommend nor BUY this product again.  DO NOT PURCHASE THIS PRODUCT!!!!  THIS DRIVE IS A PIECE OF GARBAGE!!  I WILL NO LONGER USE SANDISK AS A REMOVABLE DRIVE SOURCE.  If I am going to have to throw it away after a short period of use, I might as well buy a cheaper product, hey, it may be more durable."
5.0,Perfect form factor for MP3 storage in a car,"I use this SanDisk Ultra Fit in both of my cars to play my mp3 collection of music. It's just a basic thumb drive, but the big difference is that the form factor is perfect for the use in a car. In my case, the USB port is located right inside the console between the front seats. And I carry all sorts of stuff in that console. So the likelihood of a conventional thumb drive getting snapped off is very high. In fact, I would likely damage both the thumb drive and the USB port in the car."
4.0,Fine but causes WiFi interference in router.,I got this to use on my router as I didn't want to have a regular thumb that sticks out... I got the USB 3.0 because it was cheaper than the 2.0...
1.0,This is the first bad review that I have ever written,This is the first bad review that I have ever written.  These drives get excessively hot.  Once heated they throttle badly and you lose performance.  I will be sending them back.
5.0,Best Flash Driver Out There! Comparison Between The Black Version And This One.,This is by far the best flash driver that I've used. I bought 3 of the 128GB so far. There is another one that SanDisk sells the black one with similar storage sizes but this one is by far better. I bought the other one the other day just to compare between the two. The only advantage that that one has over this one is the option to have 256GB storage size which is still not available in this one but the product quality is very poor in that one while this one is very rigid metal that one is cheap plastic that you could break by just squeezing it. Also this one comes with a cover and that one does not and even the cover is made of more expensive plastic than what the black flash driver is made of. This one emits light when plugged in and that one does not.
5.0,"Other companies may sell something simiilar or even better, but this is one of the best bargains ...",I was doubtful about the ad for this device -- how could anything so small be able to hold 128 GB of information and be a USB 3.0 and all of this fosr less than $30.
2.0,1 month in - only 2 of 3 purchased still work,"Bought three of these about (if not less than) a month ago...2 expanding storage in Xbox 360 Slims and another for hot swap use between my new PC and files I find myself needing to retrieve from the Macbook Pro I upgraded from.  This thing gets pretty hot, make no mistake.  And as of the other day, it no longer reads on my newer USB 3.0 PC (on any port).  It will however read on the MBP (which is USB 2.0).  Not sure what is going on there, it does not even register in device manager/safe mode/boot/etc.  Plugging into a Windows 7 machine...no go either.  But the 2 in the XB still work.  The form factor is what drew me in but maybe it's just not plausible to have something like this in this size at this capacity.  I'd avoid honestly."
5.0,The low profile is perfect for this and at 128GB for such a small ...,"I go this so I could plug it into the aux USB port in my car and have my entire library available.  The low profile is perfect for this and at 128GB for such a small device, I have tons of space.  So far it hasn't overheated as others have complained about.. I'm actually updating my library at the moment and its been constantly transferring files for over an hour and its fine to touch.  My only complaint so far would be the transfer rate.. But I'm going to blame that on the car stereo requirement of the FAT32 file system, and then just the nature of transferring thousands upon thousands of small files.  I will say, I've tried in USB2 and USB3 ports and they appear to transfer at the same rate.  Again, really don't care though.. It works great in the car, low profile, high capacity.. Thats all I really wanted."
2.0,My Very First Issue with Sandisk USB Flash Drives,"I purchased this on Nov. 27, 2016 and it failed today, Dec. 7, 2016, only after a few uses."
3.0,Dissapointed with usable space,"The formatted size of this 128GB flash drive is 114.56 GB, I also know that it will never be 128GB but I also have a 128GB PNY USB 3.0 drive which shows a 125.94GB of usable space. The difference is a whopping 11.37GB of lost disk space. I would recommend NOT to get carried away with this so called ""128GB"" flash drive, no wonder it costs only $25. Its tiny size is a super pro factor and if thats what you are looking for, go right ahead. Calculate the cost per GB and make your own decisions. Amazon, pls enforce listing of the correct formatted disk space for all flash drives you sell, so buyers are fully informed before making decisions."
1.0,Great while it lasted,"I loved the size of the stick, and the memory, It was my favorite, UNTIL!  One day it decided to blow up, die, whatever you want to say.  All my data was gone.  Because of the size of it, it is almost impossible to recover the data."
4.0,Nice Little Flash Drive.,"This is a great little flash drive, I had no trouble with it whatsoever. I use it to play songs in my vehicle and my computer. I have a Targus high-speed card reader that I would use to play music, but it keeps vibrating out of the USB port in my car. So I bought this SanDisk because of the small size and it works great. It does get a little hot and that is somewhat of a concern to me, but at the time of this review it's not particularly an issue. Just for safety sake I do unplug it from the USB port when I'm done using it in the car. It runs flawlessly. It came with software so that you can actually lock it and no one else can get to your files, I thought that was pretty neat. I would purchase another one without any hesitation and recommended to my friends."
4.0,Tiny; good price to capacity ratio,Pluses: barely discernible when inserted into one of my laptop’s USB slots. Nice capacity; I am tired of small USB drives.
4.0,Pretty decent about 200 degrees Fahrenheit,"Tried on a PC and it said it was a 16 GB card. Placed it into my Shield and formatted it (I was warned it was too slow) and after going through hell (browser won't download, amazon underground has nothing and no search and then the apps don't run) but I used my phone and OTG  to DL  SD bench."
5.0,Works for me. lot of storage space in small form factor...,"Works for my purposes - sync files from a computer i use primarily at home to this flash drive so i can have those files with me on a laptop i take with me when traveling (i.e., i plug the SanDisk with the files from my home use computer into the USB port on laptop i travel with)."
1.0,I wish I had read the reviews on Amazon about ...,I wish I had read the reviews on Amazon about heating issues before buying this flash drive.  I simply will not use a flash drive that can heat up to 120 F.  This is too hot for a laptop USB 3 port.  I have an expensive MacBook and did not want to take a chance with the heat issue.
1.0,"Mean, Nasty, Little Thing","Hey, I'm a computer consultant; and, have never previously encountered anything like this.  These devices are good only for VERY short-period usage.  Longer use causes them to seriously overheat, to the point they literally scald fingers upon touch.  Immediately before that, they lock up not only the device itself; but, also throw even high-end W10 boxes into out-of-memory warning and even lock-up and problem-reporting states.  Don't put critical, large files on these, as retrieval will be more than problematic.  Cute they are.  Effective they are not. ScanDisk truly failed on this product."
4.0,"Small size, large capacity... a little slow.",This thing is amazing small and huge in storage.  The price point is fantastic.
3.0,Mine fell apart taking it out of the laptop. ...,"Mine fell apart taking it out of the laptop. I contacted sandisk and they did replace it, 5 year warranty. BUT, if that happens to you remember one thing, they tell you to send back all the pieces, I did, including the clear cover. When I got it back the protective cover that came with the drive was not sent back. Called them and they told me they only replace the drive itself and that probably the cover was disposed off, and could not replace the cover. I escalated the claim with them today, waiting to see how they answer that."
2.0,Frequently disconnects and reconnects to my computer by itself -- afraid I'll lose data.,"Nearly every day, my laptop makes noises as if I have removed and reinserted this flash drive.  Then a screen will pop up showing the contents of the drive, again as if I had just inserted it.  I've been using this as my main backup for several weeks, but think I'm going to quit using it before I lose important data.  I've never had a USB do this before, and every ""fix"" I've tried has not worked.  What a disappointment.  I should have sent it back when I first noticed the problem.  I bought it because I liked how small it is (I thought I could leave it plugged into the computer without worrying about bumping it).  This is the first time I've ever had trouble with a SanDisk USB."
5.0,"Double up your storage, quickly and discreetly!","Purchased this SanDisk Ultra Fit 128GB flash drive for a friend, as a gift.  Saw how cool it was and ended up buying myself one and have loved it every since.  The form factor is perfect, just enough protrudes out on the side of my Macbook Pro, so that I can easily remove it and move files from it to my iMac without worrying that I might damage it.  It is VERY fast in reading and writing files, thanks to USB 3.0 connectivity.  I've used it long enough now and give it a pretty good work out each day moving files, that I feel conformable in saying I think it will last.  I've checked with the friend I purchased the first one for and they report still loving it, as it in effect, doubled their MacBook Air storage capacity.  Its been a great purchase for me and I would recommend it for those that need a slim profile flash drive (especially if your laptop bag doesn't have extra width) that you can leave in and literally use like an extension to your build it hard drive."
1.0,Dangerous,"This is for the 128GB drive. It runs abnormally hot. I inserted the drive into a 3.0 slot and a 2.0 slot on my PC and no matter what, after a few minutes of transferring data it becomes WAY too hot. I also used this in my Raspberry Pi 3 and it made the USB port extremely hot. I hurt my finger pulling out the drive after a few minutes of transferring data. I've never experienced this before with any flash drive and I think SanDisk really needs to pull this product. I'm afraid of this drive (along with any replacement SanDisk feels like sending my way) burning my skin and damaging my electronics. I've read several reviews stating customers had to jump through hoops for a replacement and in the end still were unsatisfied. I don't feel like doing that and it shouldn't come to that after so many people have brought up this issue, it should be pulled."
4.0,Good for keeping on a lanyard under your shirt,"I purchased this to wear on a lanyard, after losing my last one while out and about despite the thing being tied to my neck (encrypt your data folks). It's about what you expect from a drive, but it is very small - small enough to wear on a cord and it doesn't make a noticeable bump under your shirt - and it has a cap that snaps pretty snugly over the USB connection. In the past I've had problems with the gold contacts wearing down over months on account of perspiration and dust getting into the connection, but this cap may help prevent it. No transfer errors yet. I like it as it is for now, will leave a review if it starts to act up."
