ratings,rev_head,revs
5.0,Up until now I had been using an 8gb card so I feel like I will never run out of memory now and ...,"I got this card to use with a recently purchased SJCAM 4000 Wifi Edition camera purchased over a year and a half ago. I had not realized how much the speed of Micro SD cards increased over the last few years until I tried this card and wow was I surprised! This thing is lightning fast in regards to transfers, formatting, or browsing files on. Up until now I had been using an 8gb card so I feel like I will never run out of memory now and with the included MicroSD card reader its a total necessity for anybody using a go-pro/action camera as frequently as I do! Highly reccomend!"
5.0,Takes a beating and works well in extream enviroments.,This card is used in a 4k dashcam that has been continuously on and overwriting for 6 months now with no problems. At times it's subject to very high tempitures 120 to 150f and vibration in my big rig
5.0,Flawless install!!!,Flawless install!!! This micro SD card came in original packaging as the seller stated.
4.0,It does what it is supposed to do,It works like is should. Using this in a dash mount camera and it is recording HD just fine. In HD the the card fills up quickly. Maybe a 64 gb or better next time.
5.0,Everything is perfect.,Exactly as described.  Brand new and in a factory sealed package.
4.0,Adequate,Does exactly what it should. Holds digital information for later recall on the compatible device of your choice. Seems to be a bit slower than I would have expected used with my smart phone (hence the 4 stars)
5.0,Perfect. We chose this to go with a Raspberry ...,"Perfect.  We chose this to go with a Raspberry Pi that we bought our son, it serves his purposes nicely."
5.0,Excellent Product- Fair Price - Fast Shipping (Thanks Amazon!),"I've purchased SanDisk products for many years. They are reliable and cost effective. Reliability is the MAIN THING. That's why I continue to purchase SanDisk products. If you need an excellent product with large storage capacity, buy this product."
5.0,Card is working great,I needed a faster memory card for my Nikon digital camera and the sandisk ultra is working out great. No delays writing even in burst mode. I might not have got the best price on this buying at amazon but the price was respectable and sandisk makes good memory cards. I would buy again although next time... I will spend extra and go for the 64gig card so I have double capacity!
5.0,Use in our remote house camera - works great,We needed this for our exterior home camera
5.0,Raspberry Pi SD,Picked this up for a raspberry pi.  It works very well.
5.0,Great price,"My Samsung Galaxy s7 edge says the card has 29.7 GB. I bought the 32. I dont know what the discrepancy means but I'm not arguing with 99%. Arrived on time, in very large bubble envelope.  Very pleased"
1.0,I DO NOT RECOMMEND,"It was mediocre while operational. Not sufficient for hot wheather- when exposed to 90 degrees for too long, the battery overheated thus rendering the camera unoperational permanently. When I tried to return it, the link didn’t work. I wasted 60 dollars and feel played. It didn’t work well enough when operational to warrant the price either and the battery life was pathetic."
5.0,One of the best,SanDisk started it all and they know what they are doing. This particular micro SD card (class 10) is recommended for use with video applications and works very well.
5.0,Five Stars,It's a micro SD card...and it works...consistently.
5.0,works as advertised,Scan disk works as advertised. Holds lots of video info. Came in packaged securely and on time.
3.0,Gets lost easily,"Was so small it literally got lost in shipping,twice. This is some amazing memory card if i can't even get my hands on it."
5.0,Worked really well for Berryboot with 3-4 distributions installed on ...,Worked really well for Berryboot with 3-4 distributions installed on a Pi Zero.
5.0,I needed a new memory card for a cool rear view mirror camera but it maxed out at ...,"I needed a new memory card for a cool rear view mirror camera but it maxed out at 32 gigs. Purchased this card, had it installed in minutes, and its worked perfect for the last couple of months"
5.0,Great large storage for cheap!,"I don't know how many of these I own (12 or more). No problems with any of them. Great for computer, tablet, PVR, and TV."
3.0,memory card,"very small and hard to handle with big clumsy hands, but works good."
5.0,Micro SD card for my action camera,Bought this to use in a action camera. It needed a Class 10 Micro SD card to record at 4K. It works great! The action camera was a $59 Maginon AC777 from Aldi's.
1.0,Refuse possible :-(, I've got a refuse. It simply does not fit in the adapter so I can't use it with my pc to transfer files needed.
4.0,Works great,Nice to have this and it is so handy
5.0,An Elephant's Memory for Sure,I've had no problem from either Micro SD.  One is in my tablet and other is in my wife's.
5.0,worked right away,tablet seems good with it as well.
5.0,It worked great with no issues,Loaded a lot of mp3 files for use in my car.  It worked great with no issues.
5.0,Worked on my Apeman Car Camera,Fit right in the camera.
5.0,Five Stars,very good item
5.0,super service,Excellent as it is described without a doubt a good purchase
5.0,... 48 mbps although it still seems to work just fine for my needs,Well i thought it was the 80 mbps one but it's 48 mbps although it still seems to work just fine for my needs.
5.0,It works 'nuff said.,Storage in a chip.
5.0,Worth the money,Works well
5.0,Buy it,No issues
5.0,Solid memory card,My RPI 3 is running great with this card. I have not run any benchmarks but it is running much better than the old card I original was using but that was only a class 4 so the improvement was expected.
5.0,Great product,👍👍
5.0,Does what an SD card should.,Does what an SD card should.
5.0,Five Stars,"Just what we needed, for my son's MP3 player"
5.0,Don’t know if UHS-1 and USB are the same!,"I wanted a tf card music playing, at max 32gb or usb-disk music playing, at max 32gb.  The ad said that it was a tf card.  The item I received says it is a uhs-1 card.  I don’t know if that is the same as the usb- disk?"
5.0,Worth the price!,Use it with my Dash cam.  Performs great!  Wonderful tech - the size of a fingernail.
5.0,Good price and works well.,Loaded it with mp3's and installed in my Mini 503 headset. Work good.
5.0,Quick service,Good value!
5.0,Five Stars,The best
5.0,Excellent,Works perfect in my Moto phone. All I do is store MP3s and phones on it so nothing too jarring there.
1.0,Poor quality knock-off,"Died after 3 months and is no longer able to be formatted.  Also, I purchased a SanDisk Ultra but what was shipped was a G-Skill. Due to the different ""manufacturers"" and poor quality, I'm assuming this card was a knock-off."
5.0,Good product,i am very satisfied
4.0,Four Stars,Ok for my i pad
5.0,Five Stars,works great
5.0,just as advertised! no issues or complaints!!,just as advertised !  no issues or complaints !!
5.0,Five Stars,Works perfectly
5.0,Good card?,Seems like a good card.  Decent price.  I bought 3 for various devices.  I've had them a few days.  No problems or issues.  I'd recommend.
5.0,Five Stars,excellent
4.0,Four Stars,Works with dash camera. Thanks!
5.0,Quality of product,Like: Quality and reliable product
5.0,Works great in my cell phone.,Works great in my cell phone.  I use it for the camera feature.  Didn't realize it came with an adapter to fit a regular SD card slot
3.0,I just bought 3 of these and with only 2 ...,"I just bought 3 of these and with only 2 days of use there is one that just stop working, i atempted to format but its just not working anymore"
5.0,Great MicroSD,"Easy to install, great storage capacity for the lightning deal price, keeps my phone from bogging down with pics and apps. Should have purchased more!"
5.0,Good purchase,Works ok
4.0,Four Stars,GOOD
5.0,Five Stars,Nice
4.0,Four Stars,good
5.0,Exactly what you think it is.,"It's a 32GB microSD card.  Works fine in my Kobo Aura, no complaints, even though the vendor only officially supports 16GB max."
5.0,MicroSD Card,Using this to store video from by security cameras. So far it works great
5.0,Five Stars,You cant go wrong with Sandisk.
1.0,"falsely advertised as class 10, still listed as such ...","falsely advertised as class 10 , still listed as such."
5.0,👍👍👍👍,Awesome card
5.0,poor packaging,"Works great , didn't like packaging"
5.0,Great for video cameras.,Works great in my Akaso EK7000 and my GoPro video cameras!
4.0,What can be said other than it would have been ...,What can be said other than it would have been nicer to have a plastic case to prevent damage or loss.
5.0,used to replace my second Samsung card that had died ...,used to replace my second Samsung card that had died in less than a year. been a couple months so far this one is ok.
5.0,Five Stars,It's what I expected
5.0,"Good brand, good card","Good brand, good card, and good price! I always buy my memory cards on Amazon, it's a lot cheaper than in stores."
5.0,Y,Fine
5.0,"Simple, I love Sandisk chips.","Simple, I love Sandisk chips."
5.0,Good product,This item works well. I really like it.
4.0,Four Stars,it does as advertised
5.0,Five Stars,works well with my action cam
5.0,Five Stars,As expected
4.0,Four Stars,Worked for my purpose. Little flimsy just need to be gentle with use and it will work for you.
5.0,Five Stars,A+++++
5.0,... think anything this small could work this fast or good. I just love it,Did not think anything this small could work this fast or good.  I just love it.
5.0,Five Stars,"Worked fine for new chip,"
1.0,"Corrupt card, no return policy, Do not buy!!",Horrible CORRUPT. I have a brand new phone and have lost pictures without back up because of it. !!! I wanted to see if I could get it replaced. Seller has a NO RETURN POLICY. I  didn't think I would need to return it.
5.0,good speed.,"Works, good speed. :)"
5.0,good,good
4.0,Good Value,Works as expected. Good price.
3.0,Three Stars,works on some things.
5.0,Works!,Works flawlessly in my GoPro Hero3 Black Edition
5.0,Great price,Works as advertised
5.0,great memory,works great in my camera system
5.0,Five Stars,just like expected
5.0,Five Stars,as expected
5.0,Five Stars,Nice and fast! Quality card always Sandisk!
4.0,Four Stars,its a ultra micro sd card just like it says
5.0,Five Stars,Fast shipping and love the memory card. Its fast...
5.0,Five Stars,Reliable item.
5.0,Five Stars,It works
5.0,Great price and works perfectly in my MP3 player.,"I found this product to be exactly what I needed to get my MP3 player to download music.  It works perfectly, is a good brand and worth the price."
5.0,All good and very pleased,All good and very pleased. Note: does not come with an SD card slot adapter but no worries. I'm happy
5.0,Five Stars,Works great.
5.0,Works great,Works great.
5.0,Five Stars,fix good work good
5.0,Great product,"Works as described, great price."
5.0,Five Stars,great product
5.0,Five Stars,Does what it should!
5.0,Five Stars,Excelent!
1.0,unusable product,could not format even after IT guy tried
5.0,I give this product an A,Does what it's suppose to do. I will be returning for another one.
5.0,Five Stars,Great happy happy joy joy
5.0,no problems,it is what it is. no problems
4.0,Four Stars,great product
5.0,Five Stars,just put it in...will see how it do
5.0,Transfer Speed is great,"Data transfer speed is great, works very well in my switch and Drone"
5.0,Five Stars,works
5.0,This is perfect at a great,Needed extra memory.  This is perfect at a great price
5.0,Works,It works
5.0,Five Stars,Works like a champ!!!
5.0,Five Stars,Super!
5.0,Five Stars,came in fit the product works great
5.0,Five Stars,Always the name you can trust
5.0,Five Stars,Does the job
5.0,Five Stars,Great SD card for the gopro camera!
5.0,Five Stars,Works great in my drone
5.0,Five Stars,A great memory card for a great price.
5.0,Excellent!,Excellent!
5.0,Five Stars,Seems to be working so far
5.0,Very Good.,card came two days after it said it was delivered but very good!
5.0,Memories,Works great
5.0,Works great with my GoPro.,"So far, so good."
5.0,Five Stars,It functions great
5.0,Five Stars,great price for a 32G microSD. - works great on a dashcam (in heat of the summer!)
5.0,"Great card, great price","Great SD card, I have not had any issues.  I'm currently using it to extend the storage of my Nvidia Shield Tablet."
5.0,Five Stars,Great for my RPI
5.0,As anticipated,As anticipated
4.0,Four Stars,ok
4.0,As advertised,Works as advertised
4.0,Good,Works perfect.
5.0,Five Stars,It works perfect.
5.0,Price,Great price
5.0,Five Stars,"Worked, arrived quickly, no problems. Thanks."
