ratings,rev_head,revs
5.0,I bought this for my Nintendo Switch and it's great. I formatted it using Nintendo's recommended formatting tool ...,I bought this for my Nintendo Switch and it's great.  I formatted it using Nintendo's recommended formatting tool and I haven't had any issues w/ it.
1.0,Warranty not honored - product not valid for use in webcams,Warranty not honored - product not valid for use in webcams
5.0,Great Storage Solution for Watching Movies on your Android Tablet,"I've been using this SanDisk Ultra 64Gb Card in my Verizon 8"" Ellipsis tablet for about 6 months and it has been extremely reliable for storing and allowing playback of a large amount of movies I've converted from DVD to MP4s for the kids to watch.  Since the card comes with an SD Card adaptor, I can easily copy the videos using my Mac's SD slot and then insert the microSD card into the slot of the tablet.  At 64GB, I have plenty of room for 50 or more videos.  I haven't noticed any lag or buffering issues when playing the movies back using the VLC Video application on the tablet."
4.0,"128GB card tested at 88MB/s read, so it meets its claim","This card tested at 88MB/s read, so it meets its claim. The 4K speeds are fairly slow at 5MB/s and the sequential write is 15.8 MB/s which should suffice for most applications. This will work well for most people's needs."
1.0,Initially it worked great; recognized immediately by my Droid Maxx 2,"Initially it worked great; recognized immediately by my Droid Maxx 2, fast transfer times, etc. However, as of last night (just short of a month of use), it started doing the infamous 'random unmount' bug. I was playing music and it started to fail reading files, then after a few minutes and a few reboots/rescans it got to the point where it consistently unmounted within 30 seconds of a restart and I haven't gotten it to work since. Apparently SanDisk and PNY SD cards are both notorious for this issue in Android devices, as per researching the issue on the Android forums."
1.0,Corrupted in under 2 weeks,"Well it worked when I got it 12 days ago, I put it into an Honor 6X and all was well, but yesterday the phone started saying no storage space, I'd look and it would recognize the SD card but say that it had no storage space. I'd take it out, put it back in and all was well... for a few minutes. Today I put it in an adapter and attached it to my computer and windows saw it for a few minutes, I ran the partion wizard mini tool and suspicion confirmed the card is completely corrupted... in under 2 weeks. That's just peachy."
1.0,"Melted in my laptop, shorted out my GoPro.","My GoPro said ""SD ERROR"" and kept shutting down, so took the card out of my GoPro, and put it into SanDisk's adapter, and inserted it into my laptop to try to format it."
1.0,Horrible speed that hinders usability.,"I just can't recommend this to anyone. Yes it's cheap and I guess you get what you paid for? I don't know, however, I did NOT expect it to be this slow. I only use it on my phone so I didn't really think the speed would be an issue. I was wrong. Save photos and videos on it is a pain in the ass, it takes a good 5 seconds after every picture before I can take another one. Just today I was deleting a fairly large file(2.2 gig) from it and it literally took 10 minutes just to delete it...it even said so on the prompt. You also CANNOT format this thing as internal storage because an error will come up saying it's way too slow and does not meet the speed requirements. So yeah, I can't recommend this to anyone...even for people who don't care about speed and just plan to use this on their phones because the slow read/write speeds will actually affect you."
5.0,Awesome!,"Bought for my Nintendo Switch. So far, so good. You'll need to update your Switch online in order to use and acknowledge this product."
1.0,Failure after a few days.,"Loaded up some files before the weekend when I first received the sd card. Then I went to retrieve those files on Tuesday and the card won't read. Keeps giving error message and saying card may be corrupted, if it reads at all. It's hit or miss it the computer even recognises it's there. Amazon has a great return policy and I can return it for a refund/exchange/replacement, but my files may still be on the card and could possibly be retrieved. I'm worried about my personal info/documents/files falling into the wrong hands. Sandisk warranty requires sending in your sd card too. So, I'll have to cut my losses and just buya different brand. Better safe then sorry."
5.0,Couldn't Be More Satisfied - Great Value!,"I bought this for my Huawei Honor 8 and I couldn't be more satisfied. For only around $20 I increased my phone storage by 200%, which is a great value. With 64GB available, I can download thousands of songs, save thousands more pictures, and have some more storage left over for a few 1080p movies. If your phone supports adaptable storage, you are in even more luck. If your phone supports adaptable storage you can use your microSD card as internal storage, which means that you can use your microSD card to download apps in addition to media. In doing this you are basically doubling or tripling your phone storage for only about $20. All Android phones with Android 6.0 Marshmallow or higher should support adaptable storage, so if you download a lot of games and apps I would strongly suggest this storage expansion. I didn't notice any decrease in speed while using the microSD card as internal storage since this is a fairly fast microSD card. As an added bonus the microSD card comes with an adapter which is useful for transferring storage from your microSD card to something like a laptop which only has an SD card slot. Overall, I am very pleased with the value and quality that this SanDisk microSD card offers."
3.0,"Good for average use, but not recommended for 4K video or similar","Its nice but the read/write speeds dont seem up to spec, when i put in a 3.0 speed port with a 3.0 usb adapter after a 3 run average i was getting about 10.07MB/s / 44.63MB/s compared with the SanDisk Extreme i was getting 52.43MB/s / 65.30MB/s or the Lexar 633x 44.70MB/s / 88.40MB/s"
5.0,Works great in a cheap 4K action camera!,"This microSD card worked exactly like I needed it to.  I bought a cheap action camera from Amazon.  The reviews for the camera stated that it required a pretty fast card to record 4K video.  If the card wasn't quick enough, the video would stutter.  I have been testing it out before I leave on vacation, and it works just fine.  I've bought SanDisk in the past, and they seem to be reliable.  This card is no different."
1.0,Products I received aren’t the same as shown in pictures and descriptions,"By my nature (attention to details) and experience with purchasing of too many MicroSD cards, I can instantaneously spot fake ones. So, on the picture they looked genuine and I put an order order for a couple of them, but what I received are completely different kind and it didn’t take me a second to see they’re fake. I attached some pictures I took. Upon immediate glance at the card itself in its package I could see that the text prints on it are NOT sharp as well as colors being coarse and smudged, all these are typical telltale signs for a fake product. The same is true for other items beyond MicroSD cards as well. Also, the entire informational text on the package is in Chinese, except for the brand name “SanDisk”. Adapter piece is missing. Needless to say, I’m returning the items."
5.0,Great Upgrade for Nintendo Switch,Made for a good update for my Nintendo Switch. Was very easy to setup and transfer all of the files from my older smaller capacity card to this one so I didn’t have to redownload all of my games and save data.
1.0,3 months then dead.,"Used it for 3 months and it crapped out. I was using it in my Galaxy S7 and then the Galaxy said that it was corrupted. I tried formatting it in the Galaxy no good. Tried formatting it in my computer no good. 3 months, That's all it lasts. Not happy. Still trying to find out what to do about this."
4.0,SanDisk 256GB UHS-1 MicroSDXC Card - Fair Value,"I purchased this SanDisk 256GB MicroSDXC card to use in a Samsung Galaxy S7 smartphone.  I am a heavy user and regularly use the phone as a transfer media for large files.  I generally transfer 10-50 GB of files per day to, and from the card. The factors I look at in choosing a MicroSDXC card are the life of the card since I ""wear out"" cards in 6-9 months of use, the transfer speeds to, and from, the card, and the cost of the card since I know it will have to be replaced."
4.0,Great product - Check that your device can handle 64-gig capacity!,"SanDisk makes a super, reliable product.  Check the specs on your phone, game or dash cam to make sure you can use 64GB because many top out at 32GB.  That said, this card is plenty fast for just about any video app.  The adapter is handy for using this and other micro-SD cards in a laptop or devices that take regular SD cards.  The reason for the missing star is the frustrating packaging...the cardboard overpack has to be cut open to get at the plastic case and then there's a clear plastic film over the components that's as hard to open as plastic trash bags."
1.0,Corrupted files after less than 6 months,Corrupted files after less than 6 months of use. My phone stopped reading the card intermittently (Galaxy S8). Now I'm trying to backup and salvage whatever's on the card so I can toss this piece of junk and buy something that's more reliable. I've tried using my Surface Pro 4 and my Sony Vaio laptop to save the files locally to my machine - all 10 times I've tried so far it's either frozen or telling me there is an error with the card.
1.0,Having difficult time reading the card on all devices in just a couple of months.,"Incompatible issue.  When I first bought it, it read just fine in everything I put it in.  Camera, Car In-Dash Stereo, Tablet.  But just in a couple of months, it stops reading on my Tablet and In-Dash Stereo.  If I unplug it many times and restart the devices again and again, it will sometime read it. At first I thought it my devices is having trouble reading it, so I bought another one and the same things happen.  Got really frustrated and just throw it away and bought the Samsung EVO instead and it read just fine everytime now."
4.0,Works with the SanDisk ClipZip MP3 player,"I bought this for my SanDisk ClipZip MP3 player, and with it, this MP3 player can access my entire music file collection from a single micro SD card. But I will mention a few things."
2.0,"Failed in 3 months, do not use for dash cam. Seller is not the real 'SanDisk' according to SanDisk help line.",Purchased this in October of 2017 for my dash cam because the ad says
1.0,I have had problems with any video I take on ...,"I have had problems with any video I take on my phone with this SD card.  The videos will record full length, but then stop in the middle of playbacks with no way to recover the data.  Not only that, it has caused issues with my PC every time I try to download any photos or videos to my computer.  I have a lot of videos and photos of my son from vacations and time together that are now worthless.  Base don others reviews, it could be an anomaly, but not one that I would risk in the future."
5.0,Best 32GB SD Card,When it comes to SD cards I tend to be brand loyal as I've yet to have a total data loss or failure while using a SanDisk SD Card. When it comes to SD cards 32GB or smaller I'm not looking for ultra fast write speeds. I'm looking for reliability and safety.
5.0,Best Micro SD card for Nintendo Switch,"After massive research on what currently was the best card for the Nintendo Switch, I was lead to the 200 gig SanDisk ultra. I bough this directly from Amazon and not a merchant so I knew it was going to be legit and not a counterfeit card. Formatted it in the Switch and saw 183 useable gigs which sounds about right if you know your memory. Can't beat the price per gig on this SanDisk card. It is roughly the same price per gig 128 or 200 so more storage was a no brainer for me. Jumping to 256 gigs of storage is still over priced. It is not close to the same price per gig as the 128 or 200. Also the read and write speeds are the same or even slightly exceed the officially licensed by Nintendo Hori over priced sd memory card. The switch does not support anything faster then UHS-1 speeds currently. Any card faster then UHS-1 is pointless and a waste of money because the switch reverts it back to UHS-1 speeds if you put a UHS-2 or 3 card in. I would say that's a terrible investment because we also don't know if the switch hardware can support UHS-2 or 3 in the future via Software update. I could not be happier with my sd memory card purchase. Buy this card and thank me later! ;-) upc # SDSDQUAN-200G-G4A"
4.0,"Large space, great price, and good support.","Card came in and tested fine in Windows, but did not work in my tablet. I contacted support, and the tool they sent me to use to format it failed to work, so they said request a replacement. Similar issues with the second card, but have tested the card in other tablets on display at Best Buy, and it works no problem.  Looks to be a port or software issue on my device."
5.0,Using for the Nintendo Switch,Working like a champ with our new Nintendo Switch. No issues so far and have it loaded with two digital games so far.
1.0,"Did not work, waste of money.","I would give it zero stars if it was a possibility.  Purchased it to expand my Galaxy S7 Edge capability.  I moved all of my pictures over and everything went well, then my phone began having issues and storage problems within the next week.  I reformatted and remounted the card.  Now it shows 1.50mb of 200 gb used.  However, when I attempt to move anything over to the external storage, it states 'not enough available space'."
4.0,Good enough for the price!,"I picked up three of these micro-SD cards to work in dash-cams that I purchased for my family.  These cards are good enough quality, and even come with a SD adapter.  At most stores, you'll pay more than you will here.  It's handy to have a SD adapter because I've often been left scrambling trying to find one when I really need it.  If your computer has a card reader, it'll most likely be SD, and not micro.  As the other reviewers have mentioned, there's probably higher quality cards out there, but this one does the trick for certain applications.  For a dash-cam, this is perfect to store what you need in a specific snapshot of time."
1.0,What to look for in a counterfeit SD card,"Totally fake card. Couldn't get Amazon to believe me. Tried sending them back, but only received more of same as replacements. Very unhappy with. You've got to be so careful about counterfeit cards out there all the time. My advice if you're going to buy any SD card would be, read absolutely every word on packaging for any discrepancies or spelling errors (fakes have them), check the date of card (should be current year, not a past one). Look at the color shades of pictures on package and the card itself to see if too light or too dark or wrong color completely. And always compare to another SD card and its packaging, see if they match and if not, to see what the differences are and/or the errors that are there. You will spot them, believe me."
2.0,Dash cam usage voids warranty.,thdr; Do not use this with a dash cam as Sandisk will void your warranty if it's used in any continuous recording device (see their warranty PDF).
1.0,DONT USE IT WITH A DASH CAM!!! -PER SANDISK,"I bought this because SanDisk has a reputable brand name and a good warranty..  but read the fine print (I didn't... and it's not listed in the for sale details either) I've been using this in a garmin dash cam for about 6 months, and it degraded.  It cant be formatted either.  So I wrote to SanDisk as it's still within the 5 or 7 year warranty (their website says either or... I don't understand how A product can have an either or warranty date).  They told me that it wasn't covered because I told them it was being used in a dash cam and that it's clearly listed as a use that voids the warranty. I really wish I could check, as I'm sure it wasn't on the packaging, but to be fair, I don't keep the font size 4 warranty paperwork for everything I buy. Furthermore I'd say their definition of ""clearly"" is not what I, as a layperson, would use, nor find in Websters.  So Ok Fine.  Just be warned, there may be other ""clearly"" labeled reasons for how they can skip out on the warranty.  I'll be looking elsewhere in the future.  Shame."
5.0,Perfect for the Nintendo Switch!!,Purchased this for my Nintendo Switch! I do a lot of digital downloading. I rarely buy physical anymore for the simple fact I don't want to carry around cartridges that I could possibly lose or can break.
5.0,Works right out of the box!,"Excellent! Worked right out of the box with my phone, a Samsung Galaxy J3 (2016). Holds my entire mp3 music collection, so I can use my phone as a digital music player in the car (with the output hooked up to the car stereo amplifier & speakers)."
5.0,Save the world,"I've had the 200GB card for about 7 months now.  It has been in regular use, inside of a Samsung S7 Edge phone.  According to my phone, after formatting it, I have 183GB usable of the 200GB card.  I don't have a single gripe about this card.  It holds more than enough data for me and processes fast enough to take the extreme high definition photos and videos.  I have yet to have an issue of any sort with it.  My photo and video libraries load up very quickly and without a hitch.  Sure, you could try to get all fancy and measure the actual transfer rates, but if it works, I'm not concerned about specific numbers.  So purchase this card.  You won't have to worry about losing any of your ""questionable"" bedroom content, or any of your cat videos due to a bad card."
3.0,"Ok, but important video was corrupted.......","Love the space for the cheap price, however...out of ALL the crap I take videos of, my son's High School graduation video was corrupted and not recoverable.  However, me taking a video of some dumb waves on the Gulf Coast works just fine.  Go figure, just my luck.  I did buy two of these, one for me, and one for my son...Both for the Galaxy S7 Edge... My son hasn't had issues, and other than the most important video ever being corrupted, I haven't had issues either... However, just give that some consideration when buying... do you want to spend more to get a higher quality card?  For the most part, probably not.  But, I would backup photos and videos often if you're not sending them to the ""cloud"" like I wasn't...¯\_(ツ)_/¯  ...anyhow, it'll probably work fine for anyone else but me......  (and YES, I did format it before using)"
5.0,Durable.,Bought this 10/05/2016 for my Samsung Galaxy S7 and on 07/4/2018 my device had told me media was no longer being stored on the SD card.
5.0,I use this for my NewN3DSXL (128GB) & Nintendo Switch (256GB) for expanding memory space from downloadable games e-shop/,"San Disk is very reputable for its durability & good long lasting memory. Everything looks perfect. I use 128GB MicroSD for my New Nintendo 3DSXL for expanding memory space. It seems difficult to open from the back of the handheld console because the screws are tight. Nothing to worry as long as you have screw driver #0 to open both screws (+). I formatted the micro SDXC into ""FAT32"" as it is required to be readable by the console. After that, everything is easy. You just need to slot in the card & make sure the console's power is off. *see the picture* after I put it inside."
3.0,"Bought two, One doesn't work quite right...","I bought two of these: one for my Android phone, and one for my Kindle. The one in my Kindle has worked perfectly since day one."
1.0,Went corrupt and I lost everything,"A week ago, I would have given this a five star review because it was working very well for almost a year. But then, a few days ago, I woke up to find all the pictures and files I saved to the disk had vanished because the disk went corrupt. I tried to restore the files and I even reached out to SanDisk, but I had no luck. I understand I should have transferred my pictures over to a computer or similar beforehand, that was my mistake, but I've never had a brand-new SD card go corrupt after less than a year. Not to mention I only used about 15% of the card's storage. It wasn't old or even remotely full. It just died. And now I've lost all my data, and there is nothing I can do about it. I'm pretty sad."
1.0,ULTRA JUNK!,"Received this item early December 2016, return window closed on January 31, 2017.  Stopped working on 2-10-2017.  Perfectly planned obsolescence I guess.  I do not have a single device that can now open the contents on this card.  Lost all data on the 32GB micro.  Would definitely not buy this brand again.  I handled this micro card with kid gloves.  No reason it should be defective after one month of light use."
1.0,They will charge you $59.99 for Sandisk rescue pro Deluxe when thier sd card fails if you want your data back. WHAT A SCAM!!,Died less then 2 yrs in. This is my 2nd sandisk that has failed costing me to lose all I had saved on it. My 1st failed sandisk was 64g which they replaced so I gave them another shot. Regret it now because I just lost some cherished pics. Here is another little tidbit of very important info if you want to recover data from your failing sandisk sd card then you will need to pay Sandisk $59.99 for Sandisk rescue pro deluxe.  They charge you for rescue pro deluxe to get data off their failed product WOW!!!!! LMAO!! WHAT A SCAM!! Sell you a card that fails then charge you $59.99 if you want to recover any data. UNREAL!!!
5.0,SanDisk stands by their products,"I used a 32GB SD card of the same type in my phone for a year, but I eventually ran out of room and thus bought one with 64GB off of Amazon.  Unfortunately, while I could load all of my files onto this card without issue, it would unmount itself without reason when I tried to access them on my phone.  It's a good thing that SanDisk offers a lifetime warranty on these.  I submitted a claim to SanDisk and they sent me a shipping label.  I received a new card shortly after they received my old one, and it has given me no trouble whatsoever.  The entire process took about two weeks from the time I submitted my RMA to when I received a new card.  I understand that having to return a new card is not ideal, but SD cards are known to fail with no apparent cause.  The fact that SanDisk offers a lifetime warranty on the cards they sell is incredible, and I will definitely buy from them again."
2.0,Saves Files But Hard to Transfer,"The positive is that products does save the files (ie, photos, videos, etc) and it provides a lot of space to save them and I'm able to use each file straight the SD card. But, transferring these files from the SD card is proving very difficult. I have about 350 files saved on my SD card (which I used for my smartphone).  I want to put these files on my laptop and hard drives, but this product keeps failing when I try to transfer.  I've used multiple different SD adapter as well as transferring straight from my smartphone to no avail.  On the bright side, I'm slowly able to transfer about 5-10 files at a time if I keep trying over and over again.  I still have over 100 files left and it's been hours of attempt on my part. I'm not sure if it's just my particular product that's faulty, but if I use an SD card, I expect that I can transfer my files that I save in there, which this SanDisk ULtra has made difficult.  Ultimately, I would say it only half works for me."
5.0,This is the best model of the best brand and the best price,"This is the best model of the best brand and the best price. Seriously, SanDisk is the king, love their cards. NEVER ever had one die on me yet. I think I have about 6 or 7 of these in various devices and as backups for GoPro cams and dash cams and security cams."
5.0,Good size and price!,"Decided to get this for my new Nintendo Switch and so far so good.  The size and price were right and I've used SanDisk products before. I have to admit I get tempted by other manufacturers since many of them appear competitive. But for now, I guess I just stick to the brand I know."
4.0,Ruizu MP3 player locked up 13 months after purchased when 47 Mb file added.,"After I added a 47 Mb audio file, the MP3 player locked up.  This had happened once before and I was able to unlock my fully discharging the MP3 players battery and then recharging.  This time, nothing worked.  I RUIZU support (ruizuservice@hotmail.com).  They responded the same day and told me their engineers believed the firmware was damaged, but needed to know my Amazon order number to determine the firmware revision on my unit.  Then they would help me  update the firmware.  I provided the order number the same day."
1.0,Most Sandisk productshave been good for me,"Are these knock-offs or seconds or something... I ordered 3 32Gig cards. Most Sandisk productshave been good for me, one other problem in the past. Open the first one and my DJI Phantom 3 said it needed formatted so I tried to let it format, failed. Tried formatting on a Win10 PC, failed, tried on my Macbook Pro, failed. I was afraid to even open the other two so I did a refund. Was given a return label but I HAD TO PAY to return, not that big of a deal but still that much more that I'm out for returning a bad product. Then today I get them back where they had been REFUSED?!?!?! What??? I got online and did see the refund went through but why make me pay to return only for them to refuse them? Just out of curiosity I opened the other two and sure enough they would not format either. I believe these  are knock-offs or something like that. They look legit but I'm not sure... After I tried to return them I ordered another brand and they worked fine."
3.0,"Worked fine for four months, but no longer responds [Update: SanDisk Replaced defective card]","The device worked fine for four months, but no longer responds. I used it to expand the storage on my Dell XPS 13. It always stayed in the card reader and was never removed. It worked well for a while but now it does not respond. I tried removing it and using it in another card adapter, directly in to a card reader, and in an Android device, but it will not show up in anything. Windows Disk management and Acronis Disk Director cannot find the disk. For the price of this unit, and listed as one of their ""ultra"" products, I would expect it to last longer than four months."
5.0,A great choice for your N3DS system.,"I needed something bigger than the measly 4GB each 3DS system comes standard with and this was one of the recommended supported microSD cards from Nintendo's support website. If I'm not mistaken, any microSD card up to 64 GB is supported by the New 3DS, but you can format anything higher to work, so the only limit is how large microSD cards currently are and how much you're willing to pay."
4.0,"Capacity king, but slower write speeds and durability remains questionable",This is currently the king of high-capacity microSD cards (as of my writing). I need to emphasize a few things:
5.0,"Excellent value, Perfect Function.","I used this in my Galaxy ON5 I have through MetroPCS. As a cheaper phone, I had my doubts if this would work or not, but I have had zero problems or issues, and it actually seems faster than the onboard memory. HIGHLY recommend this product."
5.0,Works well in a Chromebook!,"I purchased the SanDisk Ultra 32GB card to go in an Asus Chromebook ""Flip""."
3.0,the card itself works fine. When I plug my dash cam into my ...,Adapter doesn't seem to work
1.0,Suddenly Stopped Working,"When I first got this, I loaded it up with all of my music and photos, and put it into my phone (LG V20).  Worked like a charm for a year and a half, never had an issue with it until today."
3.0,64GB card having problems that we did not have with the 32GB version.,"Bought this 64GB card with a Fire HD 8 in 2017 for my sweetie. I had bought a 32GB card for my own HD 8 and it worked great - used ES File Explorer to move most of my non-Kindle-ecosystem media from the meager on-Fire storage to the spacious card. Year later my wife bought me a new Fire HD 10 (still miss my HDX which suddenly died...) and she mentioned she had not used the 64GB card for much of anything, so if I wanted the space I could have the bigger card. Cool. I finally got around doing the swapping yesterday."
3.0,Too Many Eggs in One Basket,"This was a great addition to my Galaxy S7 Edge for taking on vacation.  I took photos and videos for over two weeks, and never had to change out for a new card.  After a few months, I kept thinking I was forgetful as I couldn't find photos that I had taken.  The problem got worse, so I made sure to back up what I had left.  I put the card back in my phone and all seemed well.  However, every now and then, I noticed that my photos all went to the internal memory and not the SD card.  Eventually my phone declared the card to be corrupted.  Although it is nice to have such a big SD card, it is also a situation of too many eggs in one basket.  I contacted SanDisk & sent them a phone snapshot of the corrupted message.  They promptly sent me a return label.  In a couple of weeks, they sent me a new card.  But now, I'm hesitant to rely on such a big card."
1.0,Better cards at this price point,"Let me start off with the negatives, the write speed is 15 mb/s and the read is 86mb/s. This is fairly slow for a card at this price point, in addition I know that all memory cards have a little less memory than what is stated, but this card has an actual memory size of 60.8 gb, I ordered the 64 gb card."
5.0,Can't go wrong with this microSD card,"I have been using this microSD card for a year and I'm very happy with it. I use it with my Clip Jam MP3 player and I haven't had any issues or problems with it whatsoever, and if I ever need another one, I would gladly buy it again. Let me know if you have any questions, and if you found this review helpful, please consider leaving me feedback."
5.0,Nintendo Switch Use,Bought for my Switch. Haven't had any issues with performance as seen with other micro SD cards. Also note that this 200GB is 183GB on my Switch after formatting.
1.0,Repeated failures,Nothing nice to say about this product. Given the torrent of positivity in other reviews I can only assume I received one of the many fakes that were going around when this product originally hit the market.
1.0,Big disappointment from SanDisk.,"Been using it for my dashcam. It just stopped working (apparently got corrupted) exactly 3 months after purchase. I called SanDisk customer support who's answer was to simply ""request another one"". Regardless the outcome, I feel enraged SanDisk finds it acceptable for a 3 months old card to stop working for no obvious reason. Their only recommendation is to go through a process that will take ~15days to send the faulty unit and get a replacement."
5.0,"Works like a charm, plus some bonus features!","Title explains it all.  Can't really say more, as it is an SD card that really doesn't have anything ""super special"" going for it.  However, I must say that the price was EXCELLENT considering not only its reasonably large capacity, but also the adapter it comes with.  Beyond this, I am impressed by the fact it is waterproof, which will be very useful since the action camera I plan to use this with (which I don't really know how waterproof it is for $50), might go underwater at some point, and so even if the cheap camera was to be damaged the card would still be fine."
5.0,THEY ARE LEGIT > Maintains 80+ Mbps with small files *,ORDERED = 10/26/2016 || SELLER = Amazon.com LLC || PAID = $10.59
4.0,"Skip the unnecessary software, you do not have to sacrifice privacy to use this product.","This mini-SanDisk works great, just like all the ones that I've ever bought.  They're reliable, and I never had a failure.  Why 4 stars?  This time, the packaging stated that software is ""required"" to use the product.  So, I downloaded it and then was asked to give approval to access features that this product does not need to access, were intrusive and unnecessary privacy violations.  I cancelled the install, and am pleased to tell you that it works just fine without it.  Skip the download!  If you have bought these in the past, then you might remember plastic cases to store them.  This does not come with that.  These days there are options for organizers with pockets for all your SD cards, and those are a great way to go.  SD cards are my preferred storage as they cost less than flash drives, are easy to use, and allow me to organize all clients and projects on separate cards.  Nice!"
4.0,The #1 in Micro SD Cards,"When it comes to reliability for Micro SD cards, Sandisk is the undisputed best. There is no question about that. Having used Sandisk Micro SD cards for over 7 years, I can attest to their reliability. I've used their 8, 16, 32, 64, and 200gb Micro SD cards over the years, and not one has ever failed on me. Other Micro SD cards I have bought over the years like Samsung and Kingston all have given out on me over time. Sandisk though, are honestly the best you can get when it comes to Micro SD cards. When I saw this 256gb card go on sale on Prime Day, I snagged it without a second thought. Having had it for over a week now, I'll say that this is great as always, and with 256gb worth of storage, I'll never have to worry about running out of space again. If you're in the market for a Micro SD card for your phone, camera, or any other device, look no further. This is the answer to all your problems. Besides the delayed shipping on this item (probably caused by all the shipments they had to make on Prime Day), it's absolutely perfect."
5.0,Another good SanDisk product,In service now for over 2 months.  Works great in my wife's Moto E (second gen) phone.  Max memory for this phone is 32 GB on an SDHC card.  I cannot use a SDXC (64 GB or greater) micro-SD card.
5.0,Works as advertised.,"This card is the real deal, not one of those fake ones. I did a full test using a utility that writes to the entire card then reads what it wrote to verify. Works great."
4.0,AKASO is the best bang for your buck,The AKASO Brave 4 is great. I wanted a GoPro but didn't want to pay the big bucks. I have a great vid camera and wanted it just for an impromptu scuba dive to Channel Islands. The AKASO was perfect!
1.0,What a rip off..,"I bought this micro sd card hoping to have 128 gbs to film and save videos on with my phone. When I view storage, it reads 23.8 gbs. That was was not what I paid for! I have gotten more space for way less of a price from previous cards. Consumers beware. There is starting to be many rip off sellers in disguise on Amazon these days."
5.0,Resolution is great. Perfect picture in 1080fhd and almost no difference ...,You cant beat this camera for the price. Cord is long enough to route it from your power outlet around the windshield and over the visor so cord isnt hanging all over. Resolution is great. Perfect picture in 1080fhd and almost no difference in 1080p. 720 is still perfectly clear and also makes the files smaller so more can be fit on the card before it starts looping over oldest footage. With sound off and lowest quality setting you get about 4 hours of recording before it starts to loop. I wanted a camera for when im driving my crane or tractor trailer because of how many idiots cut off large vehicles. The price of the sd card and camera were about $50 total. Very simple to set up and use. Now my boss is talking about paying me back for the purchase because of how great it works. He is also going to by one for every truck and every crane. One accident without witnesses will not cost him any money and raise his insurance rates anymore. No witnesses? No problem. Cameras dont lie.
4.0,Un-Openable,"Chip works well and fast. The packaging is the closest to un-openable yet seen.  The plastic wrap is space-age tough. There is a line to cut with scissors. I did, and only the cardboard backing came up.  I cut around the chip compartment. Nothing. The chip is held in by another sheet of plastic cemented to the back. The compartment is held around the chip almost as shrink wrap. There is no space to cut with scissors without cutting the chip too. I finally had to get my wife's cuticle scissors and nip the plastic to rescue the chip. At least I didn't slash myself this time."
1.0,128 gig micro SD failed catastrophically during first large file transfer.,"It seemed OK at first.  Silly me, I never considered that there was any possibility of a counterfeit from Amazon.  I still do not know if it is a fake, or just a defective drive.  I began by creating a folder tree three levels deep, and started copying files into the folders at different levels, according to my organizational desires.  I had selected several large movie files (about 30 to 40 files) each about 2 gig.  the write seemed to be taking a very long time, 1.5 hours, but hey, it was a lot of big files, so, no problem.  During the copy, I opened the drive to witness the progress.  The first time was about 20 minutes into the transfer, and everything looked OK.  The next time I checked, the directories and all of the files were gone except one, and the transfer was still in progress, but seemed to be stalled.  I freaked!  Several hours searching the net, and several attempts to recover the drive later, I gave up.  Windows will not even try to format, says the drive is ""dirty"", yet file checker says it is ok. I am returning the drive for refund."
1.0,FAILED!!! Every single picture is lost,"I'm totally mad at this product, we used SanDisk for all our storage needs for either photo or storage expansion on our cell phones. The card just died on me this weekend, an hour before the eclipse and won't restart. I can't get my old photos off or my money back, since I'm 5 DAYS over the 30 day return period. I lost so many precious pictures that I can't recover anymore and this thing isn't even 4 weeks in use!!! I backup every 2-3 months, because I'm slightly paranoid about stuff like this happening, but within 4 weeks? Sorry, but I will never ever buy SanDisk again!"
5.0,Consider the High Endurance line instead if used for Dash Cams or Security cameras,"This review is being written 9/5/2016 for the SanDisk Ultra 64GB microSDXC UHS-I Card with Adapter, Grey/Red, Standard Packaging (SDSQUNC-064G-GN6MA), advertised and sold on the Amazon web site."
3.0,DON'T EVER BUY SANDISK PRODUCT!!!  Sandisk Does Not Honor Their Warranty!,This is a great SD card as Sandisk makes a great product.  Let's hope you never need a warranty replacement from Sandisk!  Too bad this level of quality doesn't carry over into the warranty and customer service departments.  My card stopped working just like thousands of others who purchased this SD card!  So I did an online warranty claim and received email from David at Sandisk.  He wants pictures and the card returned to Sandisk.  I can never let the card out of my control under any circumstances due to the sensitive nature of some of the contents.  So then he wants me to physically destroy the card and send him the pieces.  All this for a $20 retail SD card?  No thanks.  I'll just buy Samsung from now on.
5.0,"Beware of the warranty, but they work great","Some packaging reports ""limited lifetime warranty"" and others do not.  SanDisk has updated their warranty details documents to read more accurately, in that none of their SD card products can stand up to everyday constant usage.  I am  a software developer, and for security purposes, we store our code on removable media with high encryption.  Under such conditions, these devices will last for 4 - 6 years before they start to fail, which is the same or better than other brands can claim.  In a camera with occasional usage, you are probably fine for your lifetime, but if you are using them like I do, expect to wear them out in approximately 5 years.  In any case, don't expect a refund or exchange from SanDisk if one of these fail after 3 years of usage."
1.0,Malfunctioning product; I am a photographer and have never had this happen; On 8 month trip and couldn't return,"Malfunction; images won't copy onto it.  I have tried formatting it and have taken it to an expert.  I bought it for my 8 month trip to Australia as I am a photographer and couldn't bring my huge capacity computer but wanted to ensure I had massive extra capacity on any given day so I wouldn't have to worry about limit video or photo shooting.  Instead, I had to purchase another card for 3x this amound with less GB in Australia as their prices are exponentially higher on everything (it is shocking) and Amazon doesn't have a presence there.  Too late to return upon returning."
1.0,Failed after one year of use in a HTC10,The card worked fine for a year.  Then suddenly it stopped working.  I had about 100 gb of data in it.  The phone stated complaining that it could not treat the card as internal storage any more because it was not fast enough.  Thankfully the data was still accessible and I quickly transferred everything from the card.  I formatted the card and the phone still didn't like its speed and wouldn't let me use it as internal storage.  So I started using it as external storage.  Within a week the phone stopped recognizing it and the card could not be used any more.  I tried formatting it using my laptop and even tried force formatting it but no use.  Tried it in multiple devices and none of them could do anything with it.  Again - I was lucky not to lose data!
1.0,"CARD FAILED IN JUST 2 YEARS! LOST ALL VACATION PHOTOS, OTHER DATE! DISAPPOINTED!","I purchased this product in May 2017 for my Galaxy S7. When I got my S9+ in March 2018, I unmounted from the old phone and mounted to the S9+.  Never had an issue, until this past week. I was on vacation in San Francisco, took quite a lot of pictures. The only thing I used this SD card for was photos I took with the phone camera, videos from Amazon Prime, and music that I have downloaded from Google Play or Amazon Prime. Never downloaded anything unsafe. So last week, on vacation, I took a lot of photos, which would save to the SD card by default."
2.0,Cards died very early in their lifespan,"It's an SD card.  All you need it to do is hold your files and transfer at reasonably fast rates.  This card does that, but unfortunately I've now had two of them crap out on me within 8 months of receiving them.  When the first one died I submitted an RMA and received a new one promptly with little issue.  I assumed I was one of the unlucky ones when it comes to getting a corrupted card.  Sure enough, however, another 6 months or so pass and this card goes through the same issues.  I use my card to expand the memory on my Android phone, and as time goes on I began having difficulty deleting files off of the card without it randomly dismounting, and occasionally would experience a dismount during normal use, such as listening to music or watching videos.  Eventually this lead to another corrupt card and another annoying RMA experience."
1.0,Was not New--data already on card.,"I bought this new, but it wasn't there was data already on the card: an android installation, and some pictures of a nice fellow and some friends."
5.0,We bought this to put in our son's new go ...,We bought this to put in our son's new go pro camera.  It required a micro SD for the camera itself and then we obviously needed the adaptor to download videos onto the computer.  The videos were high quality and we haven't had any problems so far with the card.  We have used it both in our Mac Book and our Mac desktop without any problems.  So far he has done hours of videos on the SD card and he still has plenty of room for more.  He has been using it mounted on his ATV helmet or the front of the Quad and the quality has come out as expected.
2.0,Bought new smartphone install SanDisk Ultra 32GB microSDHC UHS-I Card ...,"Bought new smartphone install SanDisk Ultra 32GB microSDHC UHS-I Card, phone stated that SD card was to slow and suggester to get a faster card, on web site states ""Ideal for premium Android based smartphones and tablets Up to 80 MB/s transfer speed, Comes with SD adapter for use in cameras Class 10 for Full HD video recording and playback"""
3.0,Doesn't work consistently with all devices,I bought two of these: one for the Kindle Fire Kids Edition and one for my Android phone.  Neither works consistently across all my devices.
3.0,VERY IMPORTANT STUFF HERE - PLEASE READ PRIOR TO PURCHASE,"I have had this for about two years, and understand, I have used it to write/delete/edit etc. on during that time, but now that it's acting up (which was really about six months ago), video files I record are corrupted, they can't be downloaded, and - worst of all - when I try to delete the contents, they magically REAPPEAR.  I can perform this on both phone and desktop (both Linux and Windows), and the files will always reappear.  Not only that, videos recorded to it from years ago are not able to be salvaged and can't play after a couple of seconds."
5.0,As advertised.,"Packed in legit SanDisk package. Speed appear right. Only showed up as 183gb on Surface Pro 3, but that might be the 1000 vs 1024 issue or a limitation of the SP3"
5.0,Great storage for offline music on my Samsung Galaxy S7!,I bought this for use with my Samsung Galaxy S7 (AT&T model if anyone is curious) as expandable storage for downloaded music (via mostly Google Play Music and Spotify) and I love it. I can finally replace my aging iPod Classic by shoving something the size of a fingernail into something I carry with me every single day. THE FUTURE IS NOW!
5.0,Indestructible little guy,"I never write reviews, but after yesterday, felt compelled to shout-out SanDisk for making this little guy.  I use this SD card for my dashcam, and as such, it sits in a digital camera with the Southern California sun beating down on it daily. For the last year it has been faithful and reliable as a memory source at this post. Yesterday, I took the SD card out to download some files and format it, but forgot it was in my gym shorts pocket. This card, subsequently, went for a wet and wild ride through the washer AND dryer before I remembered it's abnormal location. Just now, I plugged the card into my laptop to confirm whether it was a ""wash"". Turns out it's not only functioning normally, but it still has all the files on it! Clearly an amazing card to purchase, trust, and rely on working, not matter what."
1.0,Flaky in Motorola Cell Phone,"Have had intermittent problems problems with two Motorola cell phones that I have installed them in.  The problems appear to be similar enough to wonder if there might be incompatibility problems between phone and SD card.  The problem that I have is that the phones report  ""SanDisck CD card missing"".  By going online, I find that others are having the same problem.  One recommended ""fix"" is to reformat the card on a computer, then reinsert the card into the phone.  When I attempted this, the computer reported the card as being a 16gb storage device.  I reformatted it, reinserted it into the phone, and there was no change in the symptom.  Both before and after the PC format, the phone would not recognize the card.  Tomorrow I am going shopping for another brand card."
5.0,SanDisk is gold when it comes to SDHC.,"Great Micro USB card and works great for a handheld gaming system upgrade.  I have always trusted San Disk and this was a great price as well.  Shipping like always with Amazon was blazing fast.  Very happy with this product and it has so many uses that it can be used for.  High quality, awesome performance and a great price.  You cannot go wrong with this item."
3.0,Formatting Issue for MAC,I use a MAC computer and was trying to view a video from the card that I took on my new camera. When I put it in the MAC it could not read the card. It was formatted as FAT32 and I could view it on a pc but not my MAC. After searching around I discovered that 64GB and larger have some sort of different formatting that a MAC cant read. So I had to put it back in the pc and format it again to FAT32 and then my MAC could see it. The only problem is now the disk says it only has 1GB space. I then had to use the MAC to format it to EXFAT and now it is 64GB and everything works. Not sure why they do that but it is a pain.
5.0,Love it!,This is a great little micro-sd card.  65gb amd works fast and is very affordable. It came with an adapter to fit SD slots. I use this in my canon eos digital camera and am VERY happy with it.
3.0,64GB seems to work with Pi 3.. but it's unstable,"Seems to work with my Raspberry Pi 3, the write speed is good enough to store high bitrate video with no problems."
5.0,Great value and a must for phone or tablet storage,"I got this on prime day at a discounted price and just couldn't pass it up. I purchased it specifically because I was also purchasing a kindle fire 7. I popped this in and it was ready to go, no set up and no hassle. I have used SanDisk SD product for years and have never had any problems with any of them. There are other micro SD cards advertised just for kindle fire, but rest assured that this one works just fine with the kindle fire with no problems at all. It is worth it to pay its price tag to get the  128 gigs of extra storage. Nothing is more annoying than having to go through and delete media from your device that you really don't want to part with just to make room. This capacity ensures that you can download a variety of apps, take a lot of photos and video to preserve memories,  and not have to worry about running out of space.  Would highly recommend!!"
5.0,Very good product with good test results!," I have a box full of Micro SC cards but I seem to never have enough of the 32 GIG units.  I put them in tablets, phones and speakers and I give them away to friends and family.  98% of the ones that I own are SanDisk and I have had good success with them.  I have only had one to fail."
4.0,I received a fake SD (update),Update 10.17.17
5.0,Works on new 2DS XL,"I bought this Becuase I was getting a 2DS XL. i heard that in order to make this work for your ds that it has to be in FAT32 format. Whatever that means. I plugged it into my computer and it was already in that format. So I just put it in my 2ds and that's it. NO problems. Really, easy as that."
5.0,Such A Deal!,"I use these SD cards for my DJI Phantom 4 drone. Memory has become so affordable, even cheap. The 32 GB size are good for small drone flight clips of 2-4 minutes.  They take up about 1-2 GB for each 2-4 minute flight clip. I could get a larger size chip, but the 32 GB is just about the right size so you don't have to endlessly search a larger size chip. The video and sound are great and, knock on wood, I've had no failures or bad eggs. I would suggest getting an SD card case if you are doing to store multiple chips and to have a consistent way to log/label the content on the chip. Really a no brainer for so many uses."
4.0,fortunately no critical data was lost,"Have had mixed experiences with other sandisk cards purchased off amazon, having one 32 gig class 10 microsd fail to read in both my phone and card readers after around 6 months, fortunately no critical data was lost. This one seems to be solid so far and if it continues to function I will be very pleased. UHS 1 seems to work well achieving nearly 80 mb/s read speeds with a usb 3.0 card reader. Seems to have no issues keeping up with the write rate of 4k videos on my action cam."
3.0,Card failed to read or write less than a year on Samsung Note 4.,I have many SD/microSD cards from SanDisk.  Most of them last a long time.  A few of them failed after several years of usage and were replaced by SanDisk Warranty.  This microSD is worst of all the cards I have.  It did not last a year on my Samsung Galaxy Note 4.  Without any warning the phone started to fail to read or write certain files on the card.  Then phone failed to recognize the card completely after a short time.  Since the microSD card was so new I did not backup my files as often asI should.  I tried to copy the files onto my desktop computer.  Most of the files were saved but some photos and videos were lost and the computer could not fix the bad card with soft and hard format.
3.0,This card serves its purpose; extra storage for my ...,"This card serves its purpose; extra storage for my Surface Pro3.  It has all my photos on it and works smoothly.  The write speed is laughable. So when the product info says ""90 mB/s read speed, write speeds slower"", they mean it.  It topped out at around 3 mB/s but was in the kB/s range most of the time.  Luckily I won't be writing large chunks of data at a time from now on.  So if you will use it for that purpose (or in a digital camera where write speed is VERY important), choose a different card."
2.0,Oh well,"Seemed to work just fine at first on an LG Android 4.4.2 phone that is 16 months old and has never had any problem of any kind. Within a week phone started acting goofy, once a week screen would not wake but could plainly hear the volume button indicator maxing out. Have to remove battery and reboot. When the screen would wake normally, I would briefly see and then disappear quickly the message sd card unmounted but the card would work and the files were always there.... for the time being. - Started from scratch - did factory reset on phone and did full format on sd card. Seemed to work at first, however within 2 weeks of doing all that. I turn my screen on tonight and it immediately says sd card is blank/unreadable - and asks me if I want to format. File manager does not show card is present anymore.  I press cancel, power down phone and remove sd card - re-seat, then turn phone on. Card is recognized but only about 25% of all my mp3s are there, rest of them are gone. Been reading alot of history online about sandisk cards being troublesome, particularly 32GB versions or that some of these can be fake if through a 3rd party seller, alot of info online about troublesome sd cards in general.... oh well. Will be purchasing a different premium brand card from an actual store."
1.0,Format in your phone before use!,"Definitely luxury to have this much space, and the card performs well speed wise.  My only nit, is that it formats as 180 GB, which even after the debate between 1024 and 1000, should still be just a touch over 190GB.  Also, format with your phone before use.  I tried to use it out of the box, and it worked, but caused phone to glitch and reboot intermittently.  After formatting the card with the phone, it was smartened up and no more reboots."
5.0,Works in an LG G4 and Samsung S7 just fine.,This memory card has been working just fine in an LG G4 and now a Samsung S7 -- would be nice of those phones worked as well...
5.0,"Finally an SD card for my phone that will actually last more than a year, esp with all the crap that comes preloaded!","Finally an SD card for my phone that will actually last more than a year, esp with all the crap that comes loaded on the new smartphones now...  Ya feel me here!  I know!  Videos and photos of kids... A 64GB card fills up in under a year and thats with active management of all the stuff.  Who has time to do that, even on the toilet!  Yeah, 200 GB seems like it should get me through at least 2 years of photos and video.  I did put it into the computer with the SD adapter and files screamed off of it, so the high speed feature is worth the money.  Can you believe that 200GB storage is actually smaller than your pinkie nail?  Mind blowing, esp if you are older than 40."
5.0,SanDisk Memory Cards Are Rock-Solid!,"I've been using SanDisk memory cards for well over 10 years and in that time have only had one fail; which I think is a pretty good record. This one card was a 32GB microSD card that was 1-of-4 purchased at the same time, and I didn't use it until after the warranty had expired. So that was my fault for not checking them all after receiving them. Otherwise, as I said, SanDisk is the card to get for your needs. I use them in very hard in all of my cameras; DSLR, GoPro cameras, vehicle dash-cam, smartphones, GPS', etc. and they keep on a-goin' just like that crazy little Energizer Bunny. I take a dump-truck load of pictures with my Nikon D7000 as well as taking high-speed videos with my GoPro Hero Session camera, and I've not had one problem with all the memory cards I use. If you want something reliable and fast, this is the brand to get."
5.0,This is a Solid Micro SD card.,"I bought this to put in the ""TF"" card slot of a small LED projector. I've put over 2GB so far of .MP4 movies and it works perfect. The projector picks up the folder names I created on the card and plays the movies back flawlessly. (NOTE: I was actually unsure what the ""TF"" terminology was but it seems that despite a few technical differences in the type of data that can/can not pass through it, ""TF"" is nearly interchangeable with ""SD"". True ""TF"" cards are limited so if you are seeing ""TF"" cards cheaper, go with the SD card since it will be much more versatile across your other devices (including cell phones). I would have liked one of those small plastic snap cases to be included with this but it's not a deal breaker."
1.0,"Worked fine for 7 months, caused serious issues with Fire 10","I ordered this card 7 months ago, only used in my new Fire 10, it worked fine until 2 weeks ago, then suddenly my WiFi would not connect, it would freeze, when I finally got it turned off tried to do a factory reset, well, I had to call support, the Fire 10 was blank black screen, Tech support trouble shooting did not work, they were great! Sent out a replacement immediately. At this time I did not think it was the memory card causing issues. I took the memory card out so I could use it in the new fire 10, I thought I'd tried to start my Fire 10, it fired right up, WiFi worked, the freezing stopped ect, put the memory card back in to double check, the issues started up again, then I put the memory card in my Adroid phone, it kept trying to reformat it, didn't work, then the phone went blank, same issues as Fire 10, removed card, phone works fine... I'm very disappointed, I've never had this happen with a memory card before ( had memory cards for 5-6 yrs), and I only used this with Fire 10 and only with Amazon download, to watch shows off line and music and rarely to surf the web...."
5.0,Terrific capacity for Nintendo Switch,"I installed this 200GB Micro SDXC on my Nintendo Switch. The 256GB costs too much for me per GB, and this offered over 50% more capacity than 128GB, at about the same cost per GB."
3.0,Memory card developed a weird condition,"I've purchased many memory cards over the years, several different brands. Never had a problem with any of them till now. The problem with this particular SanDisk memory card is it has some how become read-only, and you can't erase or delete anything off of it. Well, you can delete the files and it looks like the card is empty, but once you eject the card and put it back in the computer the old files are back. I've looked online for information on fixing this, but apparently it's just something that happens to some cards and can't be fixed. You just have to buy a new one - which is what I did."
5.0,Great for putting your music library into your phone.,"I purchased this card for use in my Samsung Galaxy S5 to store a good portion of my music library. As some of the other reviewers have stated, this card isn't meant for use in high-end DSLR cameras or the newer GoPros, but it works flawlessly for what I need it for."
1.0,Watch out for fakes.,"I have purchased this card in the past, but got a fake one this time on Amazon that wouldn't speed test over 10Mbs as where my known authentic cards read at 80Mbs and write at 30Mbs or so.  There are so many fakes everywhere you need to be careful even on Amazon (at least you can get a quick refund here).  Always speedtest the card when you get it with a free program like Crystal Disk Mark. And as others have said, check whether the hole for the retail hanger is NOT punched out completely, that is usually an indication it is fake. And stay away from the cards with graphics that are easy to copy.  I have switched over to Samsung EVO cards because they are white and the counterfeiters haven't starting making white cards yet."
1.0,"Garbage, actually melted in my PC","Arrived unformatted, so it wouldn't mount in an Android tablet. Upon trying to format the product in a PC, it would not, giving multiple errors. Upon removal of the product from the PC card reader, I found that the card was extremely hot. Furthermore, upon removal of the card from its adapter, it had melted and the card then curved at a 45 degree angle, so I couldn't return it. I've used a lot of portable media over the years, but this was a new one on me."
5.0,Great product BUT NOT compatible with Moto X Pure - Be careful,"I would give it a 5 Star, I think the product per se is great, but Amazon would have to look at how it is specified here. This was not recognized by my new Moto X Pure Edition. I checked that the issue is not with the phone since it went pretty well with a SanDisk Ultra PLUS (this one is just the Ultra). In fact, the Ultra (this product under review) went very well with my LG G4. No complains there. May be it is not exactly a UHS class 10 device - I am not sure at a technical level. bottomline - in addition to checking the product reviews, be mindful of the compatibility between what you are buying and the device you will be using it in. The differences can be really narrow."
2.0,SanDisk maybe not as reliable as I thought,"I got this 64GB card initially for a camera for my wife. It worked well enough in that role (although access time for pictures and videos was never stellar), before my wife upgraded camera's and no longer needed the card. I then took it and formatted it for my Moto G4+ android phone. Again, no issues for several months. Had apps and photos stored on the card (formatted as internal memory). Then out of the blue, card dies. Android can't read it, Window's can't read it or format it, and  recovery software on windows and linux both fail to retrieve anything. CATASTROPHIC device failure would be the term I think. I had a positive impression of SanDisk, but have since seen a lot of complaints of similar nature for their lower end memory cards. Any failure can be a fluke, so I can't say it's an across the board bad product, but I'll have caution in my mind from now on."
5.0,I believe this was the second largest and wasn't a bad deal considering the next step up what is a ...,"Took a long time for me to decide to actually spend the money on an SD card. I decided that if I was going to it would be one of bigger once. I believe this was the second largest and wasn't a bad deal considering the next step up what is a considerable increase in price. It arrived fast, I installed and I'm very pleased I can now put tons of things on my phone I have probably 40 full length + movies, a couple  full  seasons of The Walking Dead, some documents for work and have only used about 60 GB  of the 183GB we start out with on the card after install. Pretty awesome. I have a Samsung Galaxy S7 and I love my phone it's been great, only real  negative has been the lack of storage space, didn't take long to fill up but this solved that and made my phone even better! I haven't yet tried to transfer any games or apps yet but with what all I can move to SD card now i shouldnt have the need to so no issues, no complaints."
2.0,This is NOT a true 128 GB SD card! Sandisk is ripping us off!!,"Sandisk is pulling the stunt pulled by hard drive makers to rip people off!  An SD card is a MEMORY device and is expected to stick to memory standards for units!  That meeans it is supposed to plug in and be recognized as having the stated number of computer units:  Bytes, KB, MB, GB, etc.  This SD card fails!  Instead, Sandisk is defrauding us by only putting 128,000,000,000 Bytes or 128x10E9 or 119 GB instead of 128 GB or"
5.0,Perfect...,"I usually buy SanDisk because I've had no problems with this brand.  Class 10 is a good SD card to use.  Less like, class 4 won't run properly in a phone,  that's why you'll see them usually very cheap,  less money.  A 64 gig sd card that is a class 4 will usually not work,  can't really give you 64 gigs of memory and your phone will often tell you this,  or that its not compatible.  SanDisk class 10 have been perfect,  i have used these in my phones,  now Samsung isn't including sd card slots. But i did always use these.  In my digital cannon cameras too.  A good brand,  not overly expensive at all.  They hold up,  they last forever.  Good product"
1.0,Error message: Card is corrupted,"My 64GB card failed unexpectedly.  It worked fine for about two weeks in my smart phone. But then it suddenly kept asking to reformat the card which I did not want to do since I had photos and other media saved on it.  Then it gave a message that the card was ""corrupted."" Within minutes it said ""blank card"" when I didn't format it or do anything to it.  I cannot return the card as I'm trying very hard to retrieve my data which I hope it's not lost forever.  Various data recovery programs I have tried do not recognize the card.  My laptop says the card must be formatted before using it, other times it says card is corrupted and cannot be accessed and properties shows 0 bytes capacity, 0 bytes used.  Very disappointed.  I hope I can finally retrieve my vacation photos."
5.0,"Excellent Quality, Very User Friendly","We purchased a couple of the SanDisk Ultra 128GB microSDXC cards for the family and absolutely love them! More than ample room for a domestic trip and excellent for longer international trips. We've used them in our cameras, Go Pro and video camcorders. Works great. Extremely user friendly. Great for kids' sports games and programs. Don't have to worry about changing the card or running out of space in the middle of a school concert or game. The reading and writing speeds may be slower than expected but for the capacity it offers, that is tolerable. Overall, a great purchase."
1.0,I do not recommend this product,"Corrupted in my phone after a few months.  Bought it to go along with the launch of the Galaxy S9.  Luckily most of my pictures were backed up on the cloud, but I lost hundreds of pictures of my family."
5.0,I tried two other 200GB cards. Both failed within ...,"I tried two other 200GB cards. Both failed within minutes of first use. One failed after copying a gigabyte of music to it, then the write protect came on, and that was that. The second one allowed me to copy all 150GB of my music files to it, but when I put it in my phone, the phone reported that the card was corrupt. I took it out and checked it on my PC, and a) it was indeed corrupt--none of the files I'd copied were there; and b) the write protect came on."
5.0,Solid Product been around for a long time!,"Have used SanDisk for years and never had an issues with them in camera's to dash cams to POE camera's. They are reliable and durable as I went to push the card in a small camera, I missed the slot and it went inside the camera! Thought I had lost a $24 card! My lovely wife shook the camera and used tweezers and dug it back out of the camera (25 min later) and the card was scratched all to pieces and when I installed it in the proper camera slot, it is recording perfectly. I have found these cards most versatile &  when Micro cards are needed, San Disc always works for me."
1.0,No more SanDisk,I need 17 hours to copy 16Gb data to the card. USB 2.0 is MUCH faster. I complained to the SandDisk and received answer:
5.0,"Amazing SanDisk Card, no issues, & includes case and upload card.","The is by far the best 128GB microSDXC chip on the market, and I use it on the driving camera.  It is a level 8 or 10, and will record in higher  definition compared to regular microSD cards.  MUST BUY!!!  I’m buying more for my GoPro, CANNON SLR, and GoPro Seasions I own.  It will keep up with slow motion and very high frames per second.  Also a level 8 or 10 vs a normal one, when viewing it on a computer you see the higher quality from this chip compared to a cheap SanDisk!"
4.0,Functions Well on a Samsung S7 Mobile Phone,"After purchasing a 32GB Samsung S7, this product was offered by Amazon at a discount on one of its 'Daily Deals,"" so the timing was right.  I want to be clear; the manufacturer DID NOT provide me with a discount as compensation to write this review.  Amazon offered the sale price through an email alert.  It just happened to go on sale at a fortuitous moment (either for me or for Amazon....)."
2.0,"Lasted ~1.5 yrs, then corrupted itself","I purchased this drive in September 2016 for use with my Samsung Galaxy S5. It worked with few (if any) issues during that time, and last Friday began acting up."
1.0,Not sure if broken or fake.,"Be careful with what you receive from this vendor. I got my SD card only to find that it could only hold 1.6 mb of data. The numbers didn't even make sense. So I have a Mac and it shows the drive's partition with the total amount of space on it being 1.6 mb. Well, when I look at the available space after formatting it says I have 2.4 mb of available space. Oh and guess how much space is being taken up by whatever partition files are on it? -975 kb. Yeah. Be careful guys."
4.0,expanded phone memory,I got this SD card to expand the memory on my phone (Droid Turbo2). I was starting to get low on memory to the point where it was having an effect on performance. My device formatted the card and finished moving around data in about 10 minutes.
1.0,Didn't last for me :(,"I bought this memory card at the end of January, put it in my new phone Feb 1. I had no problems until 2 days ago, my phone started doing some wierd things and then I noticed that 12 of my apps were gone, then my phone kept giving me errors and saying there was no memory card in there when I never removed it, I didn't do anything then it was saying it was corrupt. Then it said I needed to reformat it so I did and it shows that it's there and it's empty but when I try to put anything on it, it says it's full and corrupt again. I think this thing should have lasted more then a little over 3 months. Very disappointed and Amazon won't help. I lost so much on that card, pictures etc :("
2.0,Doesn't Quite Stand Up,"Had multiple microsd cards from SanDisk, all failed. Reformatting helps for a short period and then failure soon after. The company was great and replaced the microsd card. However, the replacement failed before I even used it. It's unfortunate but that comes with the territory when dealing with microsd cards I suppose. Some work flawlessly while others can't quite stand up."
3.0,These fail. Back your crap up!!,"I bought it, it works. I will say I use mostly San Disk and make sure I don't get fakes.  Having said that, the failure rate has been ridiculous.  It seems they all get corrupt and fail given enough time.  I am thinking about trying out another brand."
1.0,I got this and tried using it in two different ...,"I got this and tried using it in two different phones, a GoPro, two different DSLR cameras, and four computers.  It gave me an error message in each device.  Either is said the card was not supported by the device or the device would not read it/save to it.  With each of the 4 computers I tried it on a message came up that I needed to format the card which I attempted and the process failed each time.  Needless to say, there is something wrong with the card and for $50 this is very disappointing.  I have not had any other issues with the SanDisk SD or Micro SD cards I own and I have a lot of them.  I suppose this was just a manufacturing defect."
4.0,Too Slow for Internal Storage Android,"I bought it to use as internal storage on a Moto G5+ (Android 7.0). While installing, the OS warned me the SD card was too slow and could affect apps. I have only found this to be true for the Fitbit app with my Blaze (possibly because it is Bluetooth heavy?)- the music controller either doesn't work or works with an annoying lag, but notifications work fine if I reset everything every day (otherwise, they will just stop working altogether until I reset)."
5.0,Good Quality Video/Good Price,"Good performance for my cameras (non professional). Car dash cams video quality is outstanding. Delete, erase, format, many times, still working and performing like new. Can't tell any difference in quality. these cameras work and stay in the car all year long. Hot and cold weather. Cameras work in direct sunlight everyday, and in a hot car when parked. That's why I keep buying this brand. I can trust a good quality video/photo from these cards..and the price is right..thanks."
1.0,"Help. Can't download videos, or photos.",64 gb MicroSD card will not work in my late 2015 MacBook pro.
5.0,"I am no techie, so you're reading a review from an average person who just wants her electronics to work well.","I am no techie, so you're reading a review from an average person who just wants her electronics to work well.  We purchased a dash cam for our boat last year because my husband is a fisherman and he wanted to be able to easily shoot video of all the excitement.  The manufacturer suggested SanDisk and we took their advice.  It's worked really well so far, so naturally when we wanted one for our cell phones, that's the brand we went for.  Santa is also bringing new tablets for Christmas, so I'm sure SanDisk will be seeing us again real soon.  The transfer speed on this card is rated Class 10, with an 80MB transfer speed, so I'm sure it will do everything we need it to."
5.0,"Will get you ~238GB of usable space, works fine months later with regular usage","It is important to know pretty much any storage medium you get these days will not be 100% of the advertised number since some portion of it is set aside for it to operate and due to formatting. As such, mine has about ~238GB of usable space and while a little lower than I would have hoped, it is pretty typical to see the usable space being lower than the advertised amount. If you have a problem with that, you should blame lack of regulation more than anything since that is an industry-wide issue rather than a SanDisk issue."
5.0,Best microSD Card You Can Buy!,"(+):  One of the best microSDXC cards you can buy for the price.  Works great with GoPro Hero3/4 or any other digital camera.  Very fast Class 10 speeds and no lag in image recording.  I highly recommend SanDisk over all other brands.  You can't beat the performance or reliability of the SanDisk Ultra cards.  These are also great cards to use to upgrade storage space in tablets or a Microsoft Surface, for example.  Fast speeds = fast data transfer and/or disk space.  They're competitively priced, but worth the extra money over other brands."
