ratings,rev_head,revs
5.0,Best there is! Top FULL HD Video and More.  No need to hesitate Here.," I did a lot of research to get the best SD card for my use (Mainly video) with my Canon T6i.  I am convinced this SD Card is best on the market. The reason it is Labeled *****""Newest Version"" ******is because they have a new ""Video Speed Class"" rating system V10, V30, V60, V90 which means 10/30/60/90 MB/s (megabytes per second) these are MINIMUM WRITING Speeds for when you are actually recording video or taking pictures. With v30 or higher you get best FULL HD quality video and great 4K. This card is BEST for HD video and fast motion picture taking (sports) because of fast writing speed. So you are able to get more frames in your burst shots or vid. **I uploaded a opening review video to help anyone contemplating this purchase, and share what I've learned."
1.0,"Buyer beware; if yours doesn't work, it may be fake","Buyer beware. The cards I bought should have worked beautifully in my Sony 4K camcorder. The unit refused to recognize the cards after formatting. Sony support suggested a few check-over steps and workarounds. They said these cards are known to work just fine in Sony products. After contacting SanDisk and sending pictures of the packaging and cards front and back, they informed me that the cards were not their product; in other words, they were counterfeit. The packaging did not match the card shown; the package showed extreme PRO, 95MB/sec, U1, C10. The Extreme Pros have different labeling on the card. SanDisk cards that I have all say the country of origin on the back and have a serial number (nearly microscopic, but there); these were blank."
5.0,"90MB/s Read, 50MB/s Write",I was skeptical about buying a non-pro version of this card but it's clear that it's high quality and and that write speeds are above what they promised.
2.0,"Not as fast as SanDisk says, even while using an expensive SanDisk reader","For most applications, this card will be plenty fast.  Your camera will likely be the bottleneck, not this card."
5.0,Flash memory upgrade for your digital camera or similar device,"The SD card in my Fuji digital camera had been acting up for a while, often throwing card errors on card insertion.  Recently it got much worse, then fell apart altogether, so I looked for a replacement.  I settled on SanDisk, not the only option out there, but a good solid brand.  The claimed 90MB/s transfer rate for the SanDisk Extreme is a huge improvement over the previous card, which was also Sandisk but was a Class 10 card which (if you search a little, you will find) is rated for only 10MB/s sustained transfer."
5.0,I was so disappointed with the degrated quality from when I first got ...,"Before buying these, I had thought that my Nikon camera was worn out from 4 years of use. I was so disappointed with the degrated quality from when I first got it as a package that also came with a card."
1.0,Read type of card this is,"I thought this would be good to have a lot of GB but when I inserted the card into the memory card slot it took a long time to get this out.  Luckily this was before an event and I didn't have any image son it.  I had make sure I got this out and need to return.  Even after asking questions and reading reviews I thought this would be good for my Nikon 5600. Maybe the Extreme type memory card is not appropriate for my camera.  I am not sure if the card is defective but all of my other cards are ""ultra"" and they are fitting just fine!  I need to return this.  Luckily I caught this in time ."
5.0,Works like a champ,"I bought this specifically for the faster transfer rates.  Not so much for the camera side - but rather for transferring the photos to the computer.  I can tell you it works as expected.  While I don't regularly fill these guys up, it was a bit annoying having to wait 15+ minutes for all the files to copy over.  Now wait times are regularly in the 3 to 4 minute range."
3.0,Deteriorating Quality,"I'm a big fan of SanDisk, however, I've been noticing recently that their cards have been deteriorating: little strips of plastic fall off. In less than one year, this card has physically fallen apart ~ making it difficult (and likely not a good idea) to insert into my camera. I actually purchased this 'gold' version thinking the quality would be improved but it's broken faster than ever."
5.0,Works great,There is a lot of debate among my photographically inclined friends over it this is useful or overkill.  My feeling is that even it it is not absolutely necessary now it will be in the future as cameras are designed with more megapixels and faster speed.  For a few dollars you can have something that will last you a little longer.
5.0,Excellent memory card for my Sony A6500,"Excellent price, fast shipping and good quality memory card that takes fast continuous shots even in low light with my A6500. Playback on full HD videos taken is also super clear and crisp. Tried a short 4k video and again superb quality. Highly satisfied with this card. Thanks."
1.0,Fakes - Stuck in cameras due to size,"The cards I received were much different than my other Sandisk Extreme.  They are much more textured and thicker and I got them stuck in both cameras and had to remove them with tweezers.  My other cards work fine in all of my cameras... I definitely feel I got a ""fake"" version on this product - which almost damaged two $3000 cameras."
5.0,"Fast speed, great capacity","Very fast read/write speeds, and very expansive storage capacity."
1.0,Defective,"I was extremely happy when the card arrived, I opened it and inserted it into my camera and it said READ ERROR, so I thought It might need a format first, put it in my computer and it will not open and each time I try formatting, windows refuses saying it cannot finish formatting, I checked the size of the card in Disk Management and it shows total capacity of 31 MB, tried different fix methods like chkdsk and couple programs but, no hope."
1.0,Amazon Warehouse Deal was a DUD,"I bought this 64BG Sandisk SD card as an Amazon Warehouse deal because it was saving me a few $ instead of buying a brand new card. This was a BIG mistake as I used it to take photos of an 80th family birthday and although the images showed on the camera, the card could NOT be read in a computer - either my own or a different one. Luckily, I was able to save the images by using the camera's USB cord to transfer them to the PC while the card was in the camera. I was glad to save the images, but this card was returned as defective. Next time I will spend the extra $ and purchase a new card."
5.0,"Works great, using it in Canon 70D camera",Currently using it in my Canon 70D DSLR.  I have had this card for a few months and am happy to report absolutely zero problems.  The camera recognized the card right out of the package.  No formatting or any other work required to use it.  It's traveled to 3 countries and have taken a few thousand pictures and has worked flawlessly.
5.0,"So far, SPEED does not disappoint!","Just bought a Nikon D5300, and want something to shoot at least 10 seconds of fast burst, full JPG size and best quality, action -- without breaking the bank.  I had an older 16GB Class 10 card, with which the continuous burst speed I wanted was only achievable at small size, fine quality JPG, or medium size, normal quality JPG, so I went learning and shopping."
1.0,SD card is not good. ( damaged),"Well I bought two SD cards, and when I tried to use in my camera, right when I put the SD in the camera, a message shows up saying that the SD card was not recognized, then I had to format the camera and the SD was kind of ( unlock) and I was able to take pictures... BUT now is the big problem, when I tried to transfer the pictures to my computer, the same thing happened, saying that the SD was not recognized again, and I had to forma, and with that I lost ALL the PICTURE I  took! I don't know what happened, if they have any specific way to make these sd cards works well... but the weird thing is that any other sd card works normally when i put in the camera, and when I transfer the pictures to my computer and that one non!."
5.0,Good quality works well.,Good quality works well.
5.0,Top marks for SanDisk Extreme media,"I must say, I give top marks for SanDisk Extreme media.  I purchased this card on both size and speed.  My daughter was going to shoot video of a wedding with my Canon 70D, and I didn't want her running out of space with my 32Gb SDs.  I was a bit concerned about speed, but she said that she couldn't make the camera balk.  It's was perfect for the job.  I can't wait for a sale so I can pick up a couple more."
5.0,Still a Leader in Flash Storage,"I've had a number of Sandisk cards over the past twenty years (I remember spending $200 for a 4Gb card back in 2000), and have had surprisingly few problems with them. This card is very large (a quarter of a terabyte), is very inexpensive, and is of a pretty fast speed (60MB/s write and 90 MB/s read), with a V30/U3 rating, which makes it suitable for 4K recording. I am a photographer, so that's not the most important thing to me, but my camera (a Fuji X-H1) records at 4K, and transfer speed is also always an issue when you take lots of photos, so its a good choice for most people. You can also go to the SanDisk website to find how to verify if the card you have is authentic, which is a good thing. These sticks, like the Samsung ones that preceded them, are supposed to be resistant to shock and x-ray, another nice thing when you have to travel and put devices through all types of checks. So, all around, this is a great deal, even when not on sale. And when it goes on sale later in the year, it will be an incredible steal, that is, if you can find one in stock! Five stars."
3.0,Beware. If you are planning on using this in ...,"Beware. If you are planning on using this in a device that requires FAT32 and that device will not format it, the thing comes with exFAT  formatting and it requires jumping through a number of hoops or downloading a special program to finally get it converted to FAT32. Win10 will not format this to FAT32 just with the format command."
4.0,"It's fast, but not as fast as expected...","I just transferred 20GB of pics and vids at an average of 40-50 MB/s.  At that speed the experience is fairly painless.  I was expecting it to be faster, however, because I'm always seduced by the advertised speed which tends to be so much more than the actual.  Still it's the fastest I've ever owned and the price was decent so I can't complain too much.  I like it, but only 4 stars worth."
5.0,Awesome card for DSLR cameras!,"We shoot alot of videos for our youtube channel, and we're always running out of space on our DSLR cameras. On long video shoots, we can use up a card really quickly, and this 128GB extreme card has been one of the best we've owned."
1.0,Beware Sony A7 III users,"Bought two of these to fill both slots on my Sony A7 III. Both work ok on the second slot, but neither of them are recognized on the first slot. I’ve tryed several other cards on that slot, all work fine, even a 256 GB Freetail."
1.0,"Defective SD card wouldn't work, I luckily tried it ...","Defective SD card wouldn't work, I luckily tried it within Amazon's return window and they swapped it for another one. I also bought two micro SD cards (64GB each) at the same time. One worked, one doesn't...I missed Amazon's return window by two days. Check all your Sandisk products thoroughly as soon as you get them - or try other brands."
5.0,SanDisk Extreme 64GB SDXC UHS-I Card (SDSDXVE-064G-GNCIN) [Newest Version],"Purchased this for use in my brand new (for me) Sony a5100 mirrorless camera for our first Alaskan cruise.  It worked great !  I have no idea if the rating (class 10, UHS-I, 90Mb/sec) affected the camera's ability to be ready for the next shot, but it sure seemed to.  We got a few (over 2200) shots that of course I want to keep forever; the other cruiser says maybe we can delete a few.  Regardless, as a relative beginner to the SD card market, I would still highly recommend this card and brand."
5.0,Excellent for picture storage,"I purchased this for my Canon SX740 digital camera. Captures great quality 20 megapixel shots with excellent clarity and detail. In addition, can store HD videos without missing a beat. I plan to take two of these on (3 weeks) vacation with me. The capacity is so good that I don't have to worry about offloading the pictures to a hard drive or laptop. Makes it easy to travel!"
5.0,I TRUST SANDISK,"Got what I wanted and when I wanted it.  I just bought a new DSLR with 24.2MP and felt I needed to step up to a much larger memory card when taking large-format photos.  So, I feel this is going to do the job.  I have a 32GB and 16GB in reserve should I need them, but I want to make sure I have what I need on demand as much as possible and then have some latent backups if needed.  So, I went with the 128GB for a great price.  I trust SanDisk media, so I feel comfortable in buying this."
5.0,Much cheaper than I expected,"I got this card for my video camera.  I could've gone with the Ultra, but I'd prefer to have the extra write speed so that I can be safe instead of sorry.  I'm glad in a way, because the first thing I did when I opened the card is a benchmark to test the memory speeds.  Sandisk claims it has up to 150 MB/s read, 60 MB/s write.  I set the benchmark to 100 MB a sample for up to 100 samples, I got 87.5 MB/s read, 67.4 MB/s write on a USB 3.0 port.  For the price, i'm not even going to bother complaining about the read speed being under 150 MB/s since I've purchased 32gb memory cards for slightly more back in the day.  I've also had great reliability from SanDisk as well."
5.0,Not fake,How to see if your card is real:
5.0,This memory card may be too powerful. I am afraid of it.,I bought this memory card at the recommendation of a friend who'd given me an older digital camera they were no longer using.
1.0,See for your self.....test it out,"I purchased this memory based on customer's feedback, but as soon as I received it, I ran some tests to see if I can get close to 150 MB/s speed. Unfortunately, the test results didn't come close. If my tests results came close, I probably wouldn't have wrote this review, but my test results were far less than what the package states. If you see the screen shots that I took, I'm averaging about 40 MB/s."
5.0,The Only Brand I Trust,I purchased this item on my own with no compensation for this review. Please click on Helpful at the bottom of this review if what I wrote is useful to you.
5.0,I pair this with a Pentax K5ii and (with its ...,"I pair this with a Pentax K5ii and (with its 16mp sensor) get about 1200 pictures on the highest quality setting (the display says 1050, but it ends up being closer to 1200 when all is said and done).  Speed is not an issue with this, I've never not been able to take one or a burst of photos because of the card.  If you're looking to take rapid photos, make sure your settings are correct, this stymied me at first and some of the lens correction settings added additional processing time that prevented me from taking photos in rapid succession even with a fast card.  I've been using this for a little over a year now without any data loss or quality issues."
5.0,they work perfectly,"very happy with this brand and speed of SD Card. I have over a dozen of them and for the size and price, they are fast enough to handle my video needs, large enough to hold hours of video and photos - and I have not had any problems with them. Just remember to eject them correctly from your computer of they will get injured and not operate anymore. Always drag and drop them into the trash - don't just pull them out."
5.0,My new basic SD card,I haven't used these long enough to give a long term report - that will come in a month or so - but this card is the right size to cover a typical day's shooting with my Sony A7III in uncompressed raw plus jpeg.
5.0,Very fast!,"I did not test it with an app. But when I got it, I lent it to my friend. He often complains that his camera is a bit slow when reviewing photos. I guessed it might be because the SD card speed a bit slow. So I lent him to let him test as soon as I got this card. The result is very obvious, he is also ready to buy this card, LOL."
5.0,Very good cards,"This card does a good job and has a reasonable high speed.  I had two or three memory cards of 64 GB and one of them failed.  This took away a lot of my memory capacity so, instead of buying another 64 GB card, I bought several of these.  Even shooting at maximum resolution these cards hold a lot of data and, if one fails in the future, it won't be a big loss.  I recommend these."
5.0,Good upgrade,"I had a 64GB card with 90 mb/sec transfer.  I took it to Europe and took over 2000 pics.  Most pics were jpeg with 6000 x 4000 dimensions.  I took a few videos.  It only used 15 mbs of storage.  After getting this card, I realized it is ideal if you shoot using RAW and make a lot of videos.  It is more than I need but the price was good.  I can archive my old card if I ever need to access the content.  As usual, SanDisk made a fine card."
5.0,"consistent performance, reliable, spacious.",I bought two of these.
1.0,Not good quality,"I took it out if the oackage inserted it straight into my camera and it said ""memory card error"" i pulled it out and looked at it and there were deep, black scratches all over the contact pins. I looked inside my camera and theres nothing that could have caused the damage on my end. really disappointed."
5.0,Goo fast card that is perfect for my DSLR,"I got this when my last SD card filled up, this is a very fast card that handled multiple RAW exposures from my DSLR with ease, there was never a time when I could not take a picture due to the images not going to the card fast enough.  I have had good luck SanDisk cards, never had a bad card or corruption.  Price wise these cards are more than reasonable for what you are getting."
4.0,Fast and Reliable,"Good Card for a DSLR, I have a Rebel T5 and there is very little recovery time from burst shots.  I have had zero issues with the full size cards from SanDisk and would recommend this to anyone looking for a reliable fast card.  With reads at 90 MB/s and writes about 70 MB/s so better than rated for writes, you can't go wrong.  I have attached an ATTO disk benchmark screen shot, this shows a little more than crystal diskmark."
2.0,Picture doesn't equal what you get this is a U 1 rated sd card,I thought I was getting a  U 3 rated sd card that's what the picture shows.  I got a U 1 rated card and they are much slower.  Wanting to use this to increase my laptops storage capacity but there is a big price to pay in file transfer speeds.
5.0,I'll keep buying SanDisk,"I got this card to record HD video on my Canon 60D, and this card writes great! The camera never has to stop shooting to write, so this card works just fine for me. Try to get it during the sale, because I got this for like $9"
5.0,Great card very fast,Very fast card to use with a 4k camera Panasonic Lumix FZ300 I use.
5.0,Fast card!,"I bought this card for a trip to the Grand Canyon, Monument Valley and Zion National Park. I needed a large capacity card and specially FAST because I film in 4K on my Panasonic UX180.  This card was great keeping up with the speed recording the video. I recorded at one point 4K at 60 FPS and it was perfect, I also did lots of time-lapse. Highly recommended"
1.0,Don't waste your time ☹️,Used this card twice and the card is reading on my camera that it is full when it is not. Honestly I'm really upset but when I've bought these cards somewhere else they are extremely reliable. As a photographer I could. Or imagine if this happened during a session.
5.0,Great Product.,"The SD Memory card came quickly.  I put it in my camera, and put my camera on burst mode.  This card had my camera shooting about 6 frames a second for 3 or 4 seconds before it slowed just a little bit."
5.0,"GREAT SD, GREAT PRICE","This SD card came at a great value price-wise, compared to other similar cards on the market. The read/write speeds are great, and this card is 4K compatible. I use this card mainly for videography, and it works with ease. I definitely recommend this product to anyone!"
5.0,Great fast and reliable card!,"Worked great on the 2,000 pictures I took on my last vacation with my Panasonic GX85!  Have not ever had problems with SanDisk cards in the last 12 years that I have been using them!  Read and write speeds fast enough that they have never been a limiting factor on my present equipment.  The card just stays out of the way (as it should)."
5.0,Great Card,"It’s everything I needed and more. Bought a new digital camera so I needed a memory card. This one looked great for the price. When I put it in the camera I was blown away by how pictures I would be able to take. On all my levels at max size and quality, I’m able to take over 9,000 photos. (Cannon SX740) This card is fast as well when I download to my laptop. Overall super pleased and totally recommend"
5.0,SanDisk Memory Cards for digital cameras,I use have been using SanDisk in my cameras for several years to take digital images while I travel. SanDisk is not the most expensive nor the cheapest. It is in the mid-range in terms of price. SanDisk memory cards work for me.
1.0,Don't Buy this card,"I bought this card in February and have only used it a couple of times. I bought it for my Canon SL2. It seemed to take photos OK, but when inserted into my Mac via the SD slot, I kept receiving error messages. It also acted funny in my iPad pro when inserted with a card reader via the lightning port. My card is junk. i would have returned it sooner, I just hadn't used my camera very much this spring."
5.0,Genuine and works great,"Bought this for a Nikon D7200. I think this is the highest capacity it’ll take. The camera takes 2 sd cards, so I have one card set up for raw, the other for jpeg. If you want to make sure you’re getting the real deal, go to the SanDisk website and it’ll show how to spot the fakes, and know yours is genuine"
1.0,Garbage!,I've used SanDisk a long time. 2 of the 3 I bought will not format right out of the packaging. As these were a gift the return window has closed. Sucks but next time I'll open them and try to format right away!
1.0,not working,Not working after 2 months usage
5.0,Our GoPro now works flawlessly.,"Our Go-pro was breaking up our long videos into tiny clips and we couldn't figure out why. After some research (a quick Google), we learned that it was likely due to the class of the memory cards we were using. So, we got top of the line: Class 10, with the #3 on it. The GoPro now works flawlessly. No quality or playback issues."
4.0,Good card for a great price,"I got this card as a daily deal, so I got a really good price on it.  SanDisk is a very reliable brand, so I have no reason to expect there will be any problems down the road.  My only beef is that the card was also a daily deal on the following day, but for $5 cheaper than what I paid for it!"
5.0,My Husband's Only Memory Card Brand,"Really that was a ""He loves it"". My husband is a lab tech at the community college and a photographer so he is getting memory cards more often. He always goes back to the SanDisk Extreme here on Amazon for the quick arrival. Don't ask me what he likes about it except that he says he has never gotten a bad one and they don't quit in a few months."
1.0,Great storage at a great price at the cost of quality.,The storage amount is great. No issues with speed write/read. The problem is that multiple pictures are corrupted! I would never use this card again as I am not willing to play roulette with which pictures turn out.
5.0,Excellent Class 10 SD Card,"I have long used SanDisk SD (and Micro-SD) cards in my cameras and computers, always getting high quality and speed at fantastic prices.  This one is the same, at a price that I couldn't resist and will make an excellent storage device for my Nikon D-810 Raw and Fine JPEG photos."
5.0,"Write speed around 50 - 52MB/s, Read speed: 88 - 92 MB/s","A real USB3.0, test result:"
5.0,I trust SanDisk,I love SanDisk. I rarely have problems with their producta. I’m a pro photographer and I find SanDisk products reliable and affordable. This card is no different. I have several of these for my DSLRs and they work extremely well. They were pruchased years ago and still take a beating.
4.0,Fast Card | Decent Storage Space | Good Price,I needed a fast memory card to capture pictures with my Canon T2i (older camera) and this card fits the bill.  I bought two.  Works well and I can read from the card pretty quickly.
3.0,"Lasted for about 41,000 pictures, then started to get write errors","I take a lot of photos. This card was working pretty well, but I started to getting write errors after about 41,000 pictures. These things are usually rated for 100,000 writes, so I was disappointed. But they're not that expensive these days, and if you don't take as many shots as I do, this might last you for years."
5.0,Great price for high capacity that is faster than the camera's ability to write!,"Typical SanDisk quality, which is always excellent.  Are there faster cards?  Yes.  Do most photographers need them? No, absolutely not.  These write as fast or faster than most cameras for photos.  If you are doing video, well you're on your own ;)"
1.0,this item doesn't wotk at all! i need a credit on my accoint.,"i bought this item back in December 2018. I opened it and inserted it and the bell rang on computer so I assumed it functioned. but I didn't need it yet so I set it aside until I needed it.  Saturday, feb 2, 2019 I needed it and it doesn't work. the computer's bell rings when I insert it but it doesn't recognize the sd card at all!  the sd card slot icon doesn't even appear to indicate a sd card is inserted. all my other sd cards still function properly but this one is worthless. I spent all weekend trying to get it to work and its hopeless. I will never buy this brand of sd card again. I need a credit on my account."
1.0,Warning: This batch does not work on Sony A7 III slot 1,"I had returned the Extreme Pro as the latest batch had problems with A7III and purchased this instead. Unfortunately, this Extreme version also has the same problem."
5.0,Always trust in Sandisk SD cards,Fast and reliable sd card. I use it on my Sony a6000 during a wedding. I always trust in Sandisk. Read at 87MB and write at 48MB. I work in a Caribbean Island with temperature constant between 83F and 92F these card work perfect. Also works better than my Lexar 32GB 600X.
5.0,Vido storage made simple,"Over many years I have never had a problem with memory cards from SanDisk. Excellent for camera, camcorder use . Also can be used to back up other types of computer files. Good upload ad download speeds. I would heartily recommend to other users specially those making use of photography in its various forms"
1.0,Fast card but doesn’t eject,"I recently purchased this card for fast consecutive shots with my dslr camera. The card is fast enough to take 5 to 6 pictures full speed then the speed falls off, but it doesn’t stop until around 15 or 16 pictures. The only reason I gave this a 1 star review is because the card they sent me is designed defective or the one I specifically got was defective, when I put it in my camera it won’t eject. I’m afraid to use it in fear it will get permanently jammed in my expensive camera. Otherwise this seems to be a great card for the price."
5.0,I'm impressed.,"It arrived well packed within 3 days of purchase with free shipping, and it was delivered right to my door on a Sunday! I wanted a memory card with lots of storage to be able to shoot videos while on vacation and this will do the trick."
4.0,"Works great in my field cameras, and...","Use these with my field cameras, and they work great.  The size gives me lots of storage and the speed allows me to also use them with my other 4k cameras.  Mine came in retail packaging, and was clearly a genuine SanDisk product."
5.0,Great disk for the money,Great disk for the money. Fast buffering. I format all my disks in camera and I have never had an issue with a card failure. I use the 16gb as it is large enough for what I shoot during a day and I back up other hard drives at the end of every shoot. I have ten that I will be taking with me to Yellowstone next fall when I won't have my hard drives with me.
1.0,The SanDisk 128GB they sent me did not work! ...,The SanDisk 128GB  they sent me did not work! I think they are knock offs! The ones I got where Yellow in stead of Metallic Gold.
5.0,Amazing how much you can fit into one of these ...,"So much room! I don't think you need the fancier or faster model. As far as I can tell this speed maxes out well below it's capability with both the camera and the computer. Amazing how much you can fit into one of these small cards. Plus, I like that it is gold."
5.0,Works as expected,"Only time will truly tell, but so far I am very satisfied with these. I use these for bracketed photos in raw, speed shots of children and animals, and long exposures. I have had no issues whatsoever with these. Will likely purchase more."
3.0,WON'T WORK WITH WINDUWS 7 PC,"This new card won't work on my Winduws 7 computer, duesnt recognize it at all though it works just fine on my husband's Winduws 10 computer. I Google the problem and it said there's a way to change it for Windows 7 to recognize it. I'll be trying that. I've never had a problem before this card."
5.0,Perfect for 4k camera,Went on vacation and took lots of pictures and videos.  No issues
5.0,Perfect addition for extra storage on my Dell laptop.,Used as an alternate drive to save documents. Worked great.
5.0,Very happy with these!,I have been using these SanDisk Extremes in my still camera and in my video camera for about a year. They are fast and operate flawlessly in the cameras and with my computers (to upload photos). I will continue to buy these as needed and highly recommend them!
5.0,Excellent card. Very fast,"Excellent card. Very fast. Even with the RAW files being 6000x4000 resolution, it pulls them into the computer very fast. With the Nikon D5300, it is not as fast as the D7000, but you can see the difference when you use continues photos. Exceeds 5 photos per second.I do get an occasional message saying the card is corrupt and it can't read it, but if I turn the camera off, remove the card and put it back it, everything is fine. I have not determined if it is a problem with the card or the camera. But it is not an issue, as no data is lost."
5.0,Quality SD Cards,I have two older HP laptops with SD card readers.  I use these for memory boost.  I have had no problems since I have had the cards and there is a definite increase in performance from having the extra 32 GB of memory.
5.0,Excellent!,I already have one of these and cannot beat it.  Speed is great and price as well.
1.0,Boo,Did not work -- would not store pictures.
5.0,Works well,"Priced right and works well, have now purchased two.  I use as a MAC backup for files when my hard disk is not available or when I want to share pictures with others.  Just make sure you devices can accept a 128GB disc, older cameras can't recognize the SD size."
5.0,"Gold Standard of SD Cards, in my opinion",This is a fast SD card. It is fast in the camera and in the card reader of my computer.  I always have a good experience with my SanDisk Extreme SD cards. I have about 25 of them and buy them whenever they are on sale. They are cheap and safe storage space.
5.0,Great cards! Better than the competition.,"I trust these more than I trust Lexar cards. I currently use them on Sony A6500, A7s II, A7r III cameras as well as for my Canon C200s. Never had an issue."
5.0,"Very good, relaible and no expensive card for most of digital camera users - also for 4K Ultra HD or Full HD quality movies.","Another excellent product form SanDisk - this is newest version. This card is similar to Extreme Pro 95MB/s - slightly lower read speed and only difference is that Pro version has 90MB/s write speed when this one has 40 MB/s write speed. But this card is cheaper and will fulfill all you needs when using with most of newest digital cameras. Allow to record movies in 4K Ultra HD or Full HD quality. There is also Extreme Pro 300 MB/s version but more expensive and if you are not have professional, fast shooting camera there is not need for it. I use this card with my older Panasonic digital camera and also tested with my Sony Alpha 56 - no single problem when shooting series or ""fast"" mode pictures. Also recorded movie in Full HD quality - all perfect."
1.0,Defective or Fake,Software not recognized as SDXC.  Will not record video on my Sony A6300.  Read/write speeds much slower than my SanDisk Ultras.  Obviously defective or fake.  Will be returning.
5.0,Fast with plenty of storage,Bought this for my Canon G9X and it suits me well.  Storage is sufficient and read/write access is plenty fast.  Have used SanDisk on numerous occasions and have not been disappointed yet.
5.0,Good Value,I purchased this for my Nikon Coolpix P1000 camera.
1.0,Fake and/or defective card - BUYER BEWARE!,"The SanDisk Extreme 256GB microSD card I received could not be recognized on my Windows 10 PC, therefore I could not see the actual memory size of the card nor format it. Amazon should ban this seller."
5.0,great price,usually I get the black and red Sandisk 90mb/sec SD cards. They are widely used by professionals and they rarely fail. This one is no different except it claims faster write speeds (not noticeable in practice) and the price is even better. Works for me!
5.0,Very good cards for price.,"I have  quite a few of these for my 7 trail cameras and 2 other conventional cameras.  The price is good, and they work well for me. They are pretty fast and hold a lot of photos without being super expensive. I've had a couple for over 2 yrs that function well even tho exposed to -20 F temps and long periods out in the cold weather."
5.0,"Great Value, Excellent for Video Storage.","This SanDisk Extreme 32GB Card works perfectly.  I purchased this to record video and some pictures.  It is the perfect size for recording video I get a few hours on the disk which works for me.  I prefer to have several disks while I travel so if one goes bad I don't loose everything, although I have never had a SanDisk go bad.  It downloads quickly and gives me the quality videos I am looking for."
5.0,Reliable memory card,"I regularly use these memory cards and have had no problems. Great for plenty of photos and video - quality is good. I used two cards for more than 500 pix - and realized they all would have probably fit onto one card, but I was simply nervous about traveling and not being able to dump the photos onto an external drive, so I changed cards. Plenty of space left on the first, though - good product."
5.0,Bought this to store movies and TV shows for traveling Internationally,I bought this SD card specifically for the purpose of storing a bunch of media that I can watch on my laptop during long flights while traveling over seas.  This card stores a ton of stuff and playback is flawless!  I can definitely recommend!
5.0,SanDisk Extreme 16GB SDHC UHS-I Card...  SanDisk,"I started off with a 1G, then found I needed a bigger card. I have used an  8G since 2007 It finally gave out and I noticed that a 16G cost about the same as my old 8G, I got the 16GB card. It works very nicely and now I can make some short videos. Cool Beans. I recommend it."
5.0,32GB of fast storage,"Working very well in a Nikon D5600. No problems saving photos and movies at the highest resolution on this camera. Reliability / durability will be determined over time, but no problems after a month of use."
5.0,Shop and compare,I like this memory card because it gives me great results in the past. I was excited to get cheaper on Amazon than Costco being 49.00 a piece where Amazon being less than 12.00. So shop around and find the best possible I'm going back for more and see if I can batteries for camera as well.
5.0,Works extremely well,I use this in my A6000 and it works great. Very fast write and transfer times. I haven't been near to filling it up yet and I regularly have a few hundred RAW files on it before I move or delete them.
5.0,Great value for the money!  AAA,We just purchased this device but it is easy to learn and use.  It does not zoom and I don't know if some do but for what we will use it for we do not need that feature.  The video is very clear and easy to operate.  My son uploads it to youtube and it looks great.  Great value.
5.0,Fast!,Bought this for my canon 80D. The memory card I originally had was laggy especially when trying to preview my photos that I would take in burst mode. I formatted this card and it previews the photos so quickly. Happy with this purchase. :)
3.0,"Great Value, Proceed With Caution- Test Before Use","Purchased 2- 64GB 90MB/3/10 cards in November 2017. I used it to read and write for videos and the transfer speed has been significantly reduced. My old memory cards still keep up, not sure if this one is a bad batch or not. But will give it another try as it is the best bang for the buck."
5.0,Allows recording Sports mode at 60f/sec direct data transfer rate to SD card without crashing.,"Allows me to record Sports mode at 60f/sec, whereas similar rated 90MB/s cannot handle the fast data transfer, thus locking up my recording (crashes) and I lose the session.  It's the same price, so this is it !"
5.0,great fast card for xavcs recording,I've previously bought pny cards because they worked so well and were less than sandisc but this was less than the pny version so I went with it.  I use it with my CX-900 shooting in the xavcs mode which requires 50mb/sec writing capability.  works great.
3.0,Quick but does not work any longer after filling the card up 3-4 times. Defect product maybe?,"This SD card works fine and my Sony NEX-7 is able to save photos and videos quickly, thanks, class 10! My only issue is that I have deleted all the content off of the card and it reads empty but the SD card info, on my MacBook Pro and Sony camera, read that the SD card has 15 GB used and will not take pictures. Even AFTER formatting the card. I do not know if this is a defect or this brand. I was able to fill this SD card up 3-4 times before it did this, frustrating and am not repurchasing."
1.0,Failed on first use in camera,Failed mid way through shoot.  Can see pictures in camera but they are trapped in camera.  Recovery software provided by sandisk was not able to recover pictures. Should have reformatted card before use to test it but did not have time.
4.0,"Works Fine, But Not Better Than Others","This card is very good, nothing wrong with it at all. However, my still photos are no better with it than my other cards. I have not tried it on video yet. This one was certainly worth the sale price!"
5.0,Very worth the price if you have older cards.,I've been shooting my D500 and I did two mistakes just shooting stuff in the house.  I mistakenly put in and old card thinking it didn't matter but forgot I left out my XQD card. Big difference once I put this card back in.
5.0,Can beat them for the money,These are great for my DSLR.  I also gave one to each of my college age children.  My daughter wishes she had it earlier after her laptop crashed and she didn't have her work backed up.  Now they just leave this card in their laptop all the time and use ti to store a copy of all their work just in case.
5.0,They work.,"I bought a handful of these, and the simple truth is that they just work like they're supposed to work, every time.  That's all you can ask, and that's what they do.  They write sufficiently fast, read quickly.  I use a selection of these instead of one or two larger cards."
5.0,Reliable Storage solution for DSLR's,Works well with my Nikon DSLR. 10/10.
5.0,Big and Fast,This memory card will accept images as fast as my camera can deliver them and holds a lot of photos before it needs to be emptied.  It's the largest capacity that my wife's PEN E-PL8 White camera will support.
5.0,"Fast Card, Reliable Brand","This card processes quickly.  Very little delay (before the camera is ready again) from the large files my 30mp camera produces, even when shooting multiple images. A good value."
5.0,Great for shooting at RAW+L (24MP) & 1080 60p on my Canon 200D/SL2,The speed is decent enough to handle 5fps burst mode and 1080 60p recording. I was skeptical at first because I've always used the SanDisk Extreme Pro version. It's great that this one still does the job really well.
5.0,Best Card For Digital Cameras,Works great (as I knew it would) for my Panasonic DMC-ZS20. Took hundreds or pictures and several videos already and it works flawlessly.
2.0,Not Too Happy,"I purchased a couple of these cards.  At least 2 of them stopped with an Error on Card from the camera.  The other 2 or 3 work great and I must have put on at least 20,000 on the cards.  So if I had to say I can only give this a 2 star."
5.0,Good price,Works great in my camera
5.0,Good sd card,This 32gb sd card by Sandisk is one of the best sd card ide ever used. I recently bought a cheap sd card for my dslr camera and the quality did not turn out very well so I bought this one for a reasonable price and it worked perfectly. Overall this is a  very good sd card even for professional cameras.
5.0,Was hesitant to purchase die to some bad reviews. But mine came and worked great.,Bought this to use in my Nikon Camera. It fit perfectly and matched the size of the one i already owned. The pictures look great and i definitely would purchase again.
5.0,It worked well in the Sony A7 iii where as ...,It worked well in the Sony A7 iii where as I got an error message in a slightly lesser spec Sandisk card.
5.0,Trust the pictures. UHS - 3 cards!,*THE TITLE OF THE ITEM MAY SAY UHS - 1
4.0,Have patience.,So far so good though I had to try 4 times just to complete one format of the thing which was kinda annoying.
1.0,Bad card,This is the second memory card I have received that was damaged and could not be used. Very disappointed.
5.0,Great with Nikon D3500,"Added a SanDisk 128GB SDXC card to the Nikon D3500 bundle gifted to my spouse, and it proved to be a good decision.  Speed and capacity match the camera perfectly."
5.0,Anything else like 4k may need something faster,I've been buying this card for years for my trail cameras and they function perfectly. Now their only 40 MB write speed which works on my cameras since their set to 720P and 1080P. Anything else like 4k may need something faster.
3.0,May not work,"When I downloaded the photos it didn't work at first. It labeled the disk as ""Google"". I had to remove it and retry. I've never experienced that before with numerous camera disks. I'm hesitant to use it for anything important now."
5.0,Works as expected,Excellent memory card for storing pictures. The pictures come out in 20 megapixels and the clarity and color are accurate as I shot them. Good card.
5.0,"High speed card, great for videos","I mostly record video with my Canon 80D using this 64GB card so if you are recording videos mainly, you really need a high speed card and this card supports 90mb/second which is good for videos"
5.0,Very Fast!,"I ordered this as a larger memory upgrade to a new piece of music recording hardware. When I installed it, the unit recognized it wasn't formatted, asked if I wanted to format it, I said yes. In less than a minute it was formatted and ready to use."
5.0,Great Card for Digital Cameras with Raw Shooting Capability,"I purchased this card to use with my Panasonic Lumix FZ300. It was recommended for use with raw shooting. I highly recommend this card, SanDisk makes really quality products."
2.0,"Fantastic Performance, Cheap Build","The performance of this card is amazing, benchmarked and in practice. However, a chunk of the plastic broke off after 13 days of very gentle use - I maybe it into the reader and back into the device 6-8 times. I'm not happy."
5.0,Yes!  This is exactly what I need,I had an issue with an older camera not being able to record to some sd cards.  I bought this and I no longer have any issues.
5.0,The best SD Cards PERIOD,These are the gold standard of SD card - SIMPLE AS THAT
1.0,This card did not read nor write at nearly the ...,"This card did not read nor write at nearly the advertised speeds. The one I received averaged at 15.5 MB/sec write, and 17.5/sec read. I checked other cards rated for this speed and was hitting 88.5 MB/sec on both reads and writes. I'm not going to speculate on whether it was authentic. I returned this one."
5.0,Works great!,This SD card works great so far. It holds lots and lots of data and is plenty fast for my dash cam: 
