ratings,rev_head,revs
1.0,"Doesn't work ""unable to read card""","Card does not work! Bought for daughters wedding, now I cannot return because I bought in April, now the end of May and is no longer returnable!! So, not only do I need to buy a new one, but I'm also out almost $20 for this one!!! Thanks for nothing!"
5.0,Good Deal,"Must B Great, Havent Heard Any Complaints"
5.0,Perfect for canon elph 190 camera,Works perfectly in a canon elph 190. Easy to format with the included card reader on a laptop.
5.0,Five Stars,Great item that is needed when taking many photos.
4.0,Work in my camera,Works great in my Cannon camera.
5.0,Good value!,Good price for memory card plus card reader!
5.0,Work Perfectly,Both work in my Cannon pocket camera
5.0,Perfect!,Perfect!
5.0,Five Stars,Great Product at a Great Price!
5.0,Five Stars,"Perfect, Thank you"
