ratings,rev_head,revs
5.0,Worked perfectly in my new Kindle Fire 2017 tablet but there are some set up issues that you should check!,"I got this 128 GIG card to use with my new 2017 Kindle Fire 8 inch Tablet. So far it has worked perfectly with my tablet and it has automatically installed all of my Kindle books, all of my Audible books and many of my apps onto the SD card. Please make sure that your Kindle tablet is properly setup to use the SD card for storage. Those settings are seen by swiping down on the Kindle screen, touching storage and looking at the slide switch settings on the lower part of the screen. Turn all of the slide switches to the ON position which is to the right. I show that setup page in an attached photo."
5.0,Anyone who gets the $49 Fire Tablet needs extra memory - this micro SD is perfect,"Works perfectly in my Dad's new Fire tablet. Now he has enough memory to store his media. Anyone who buys the $49 Fire tablet will need extra memory, and this SD card is a perfect match. All you need to do is insert the SD card into the slot on the tablet instantly recognizes it, there is no formatting needed."
5.0,UPDATE: Make sure you insert your card correctly!! Directions could be WRONG!!,UPDATED!!!!
5.0,The Kindle Fire manual for MicroSD cards exists (if you need it),"The slot for the MicroSD card is on the upper right side of the device; covered by a sliding shield you push aside gently with a fingernail. It's similar to the shield covering many cellphone power outlets. Actual insertion should be gently done (never force card) by placing the metallic stripes on the card inside, face down and completing with a small push."
1.0,NOT made specifically for Amazon & not reliable,"I got one of these and a new Fire (2015) on Prime Day.  I've spent all the time since they arrived with Amazon, trying to determine where the problem is.  Amazon has a couple of trouble tickets going (no word, more than a week later) and I've been doing a bunch of experimenting trying to isolate whether it's the card, the, the software...  I'm now leaning strongly toward the card.  (Particularly after seeing some of the other reviews...)"
5.0,Easy to install in the Kindle Fire 8,"Got it today for my Kindle Fire 8.  It was delayed by a couple of days from getting my new Fire 8.  The previous review said not instructions on how to install it.  True.  But please, I googled ""how to install the SD memory in my Fire 8"" and quickly got the answer with pictures.  There is a little plastic plug over the opening.  Use you finger nail to gently lift and push to the side.  Hold the Kindle with the on-off switch at the top, SD card hole on the right top edge.  Insert the SD card with the indent facing up.  Gently click it into place.  Then pull the little plastic cover back over the hole and snug it down.  The Kindle knows what just happened and walks you though the options for using the card.  Greatly expands the storage for movies, pictures  and other large files.  Really easy to install.  Highly recommended."
3.0,Ugh,"I skimmed the reviews and haven't seen a similar problem noted anywhere so maybe it's just me. You can't save books to the card and read them through the Kindle app. (Apparently) the Kindle doesn't see the books on the card. I downloaded an app (ES File Explorer) that reads the files on the SD card. So, to read a book (or any document) saved to the SD card, I have to have the app saved to the Kindle (not saved on the SD card which is default), open the app, access the ""documents"" category, open the book and read the book within the app. To get the book onto the SD card in the first place I had to transfer it via USB like I would to a flash drive. I spent about an hour on Google figuring out how to get all of this to work. I'm not sure if this is all common knowledge and I just missed it but it was quite the hassle to figure out. Alternatively, you can just leave everything in the cloud and pull it out when you want it but you need wifi for that."
3.0,Beware of Formatting,"The card itself has no permanent problems, and performs as advertised, however it is not ideally formatted for use with Fire tablets. The card has a very large allocation size and because Amazon stores the videos from its own store as nearly 20,000 smaller files per video, each downloaded video will use approximately 30 percent more storage than the video app indicates. Meaning that if you have maybe 20 Amazon movies stored on this card, about 35GB of space will be wasted. This can be solved by loading the card directly to a computer, and reformatting it with the smallest allocation size available for exFAT, 8192 bytes. Then you'd only waste perhaps 300 MB over 20 downloaded films."
1.0,DO NOT BUY THESE! (2 of 3 bought were defective. Packaging and look was sketchy.),"Something is very wrong with these Micro SD Cards particularly from this seller/page. Despite the saying ""Made for Amazon"", I suspect these might be counterfeit. Here's my assessment:"
1.0,Dead after 5 months,Micro SD corrupt after only 5 months of use. Unable to add files nor delete files nor erase micro SD nor format it in my PC..It's dead!!
1.0,Dead after 3 months; second SD was corrupted within days,"Update: Amazon told me to return the card because it was defective - a bunch were. I did and they claim it was never received. However, the other item that was in the box, the other defective card, was. But they only gave me a partial refund on that card and none on the one that was twice the price. They basically stole $60 from me and I am not happy. Stick with an iPad or a real Andriod tablet. Stay away from Amazon."
5.0,Max Out the Memory in Your Amazon Fire TV!!,"This SanDisk 128GB micro SD Card is the only memory tested & certified for use in the Amazon Fire TV. This is the largest size that will work in the Fire TV. SanDisk has a great reputation for being among the very best in memory. Simply insert it with the gold contacts down. Go to Settings, Memory & you will see a request to Format the new memory card. Follow the simple instructions & format it. Now it will work in the Fire TV."
1.0,These Cards are Counterfits,"This cards are counterfeits!  They show as 64 GB but when you hit 8 GB they go full corrupt. Reformat, etc and good again until 8GB.  Both cards are exactly the same.  Purchased 64 GB from local merchant and they work great in my Kindle Fire.  Will try to return them to Amazon but looks like it is too late.  Had similar experience with SanDisk thumb drive purchased via Amazon early this year.  Stamped 128GB but only 32GB shows on the computer."
5.0,Absolutely perfect for our needs,"I had ordered Amazon Fire Tablets for each of my grand-children for Christmas gifts.  They love their tablets, but we found that the memories filled up very quickly when we started putting game apps on them.  I had 2 Fire Tablets for myself and I had bought 128GB Micro SD cards for mine, which is far too large for what I need.  If I downloaded movies or something, they would be great, but I just use them for games, so it was a waste of money.  I saw these 32GB cards and read the reviews and compared prices with other sellers and decided these were a good choice.  They arrived very quickly, in individual, sealed packets.  I installed the first one, and allowed the device to move the games over, and then I have added another 100 games since then, with plenty of room left over.  With roughly 200 games on the device, there is still 25GB of free space.  Most games still use up a portion of Tablet memory and only store part of the game on the Micro SD card, but it makes such a huge difference. For our purposes, this is the way to go."
5.0,Great extra storage,"It is always great to have extra storage, got here when the arrival date told me it would and it fits in perfectly."
5.0,Kindle to blame for under utilization of memory card,"Only two weeks in, but the memory card seems to working great."
1.0,"Not Compatible with Fire HD 10"" device","I ordered th is sanDisk Ultra from Amazon, for the Fire HD 10"" I purchased in October of 2015.  Since I have struggled with health issues, I did not have an opportunity to attempt to use this but when I did, the Fire device software kept reporting that the SanDisk was not compatible with the Fire HD 10"" device, so now I am stuck with this little gem which does not work.  Just be careful to try these sanDisk devices as soon as you receive them, as they may not work.  Now I need to order another SanDisk and hope that the new one does work."
1.0,"Corrupted after 1.5 months, hoping for warranty service...","Memory card worked great for a month and a half, then failed. Now reads as corrupted on my computer and isn't recognized at all by my Fire HD. Working with Sandisk on replacement under warranty, hopefully they come through."
5.0,If you're purchasing this from the Nintendo switch I can ...,If you're purchasing this from the Nintendo switch I can tell you that it runs smoothly smoothly with the software and you can't beat it for the price
1.0,Waste of money,This thing is garbage. Paid extra to get the one specifically for amazon devices so i could use it for my kindle fire HD 10 after less than a month it says the card is unrecognizable and doesn't let me erase or reset it. waste of money would have just got a cheaper card if i knew this would be a problem despite buying the one recommended by amazon.
4.0,Can't be used for book storage,My big beef is that I can't store books on the memory card. That was really why I bought it. I think they should say out right it can't be used for book storage.
1.0,bought this for my fire tablet package was sealed and ...,bought this for my fire tablet package was sealed and undamaged. when i installed it into my computer it only reads 27.4 GB.  disk was formated and is empty . 64 gb - 27. chip dosent even have half of what i thought i paid for.
4.0,Corrupted after 9 months and is no longer usable,"[EDIT 12/7/2017: SanDisk contacted me to get in touch with their warranty exchange, and a new one is being sent. Changed rating from 2 stars to 4. Thank you, Steve from SanDisk!]"
1.0,Too slow for Kindle Fire,I bought this specifically because it was advertised as:
2.0,"no instructions, you get left out in the cold again!","nice packaging, super, I mean SUPER FAST DELIVERY. how to put it in, nada. try to find out if I'm going to lose stuff from the old card, no help there. no help anywhere. hey! I've got exleia or somebodies unusual name - she'll know what to do! ""go to amazon online and look under 'help'"""
5.0,"Worked great in my Amazon Fire tablet 7""","I have really enjoyed my Fire tablet since I got it about 6 months ago. Initially, I thought the 8 GB internal storage it came with was going to be enough for me, but after several months, I realized that wasn't going to cut for me. The SanDisk memory card was suggested to expand my storage, and at the price (I paid about $10 through Amazon Warehouse), I snagged up the 32 GB version. Here are some of my thoughts on it:"
5.0,Great Product!  Non-techies May Need Help Installing.,"Wow!  My Kindle had gotten very crowded very.  I don't have internet access at home, so I can't just suck things out of the cloud.  This was so easy to install.  All my music could be transferred automatically.  But my own playlists were not transfered.  The titles were there, but not the music.  Not a big deal, e:though.  Books had to be deleted, told to go to the card & then downloaded again.  I had archived so many books.  I like to reread books, so I could  re-add what I wanted.  I have some things (downloads, & an app) that cannot be added to the card, but now there's lots of room now."
1.0,After 15 years as an Amazon Customer. By far the worst purchased and customer support experience,"First of all, the Kindle Fire tablet started working amazingly upon purchase on June 2018. During the first week of September, the table decided to shut off and would not re-start. After doing trouble shoot steps as stated in Amazon website. I decided to contact the support team via telephone. Even tough I had explained that I had done all trouble shooting steps. They had me do the same things I did before which pretty much wasted my time and proof once again the table did not worked. Well they decided to give me a service tag to mail tablet to a repair facility.  I sent the kindle an a about 8 days later we got it back stating it was repaired. During the first week of October, the tablet decided to do the shut off again and not re-start. At this point me and my wife decided that it was just time to return the item and get a refund. So at this time my wife is in AZ and I am in Korea doing a tour with the Armed Forces.  I go ahead and make contact with Amazon thru Chat. I provide details of the problem and last four digits of Purchase Order. The Amazon rep decides to tell me that because I purchased the item at a retail store I needed to go ahead and go to the retail store and return the item. I then go ahead an explain to the rep that I purchase the item on Amazon website and not at a retail store as indicated. Well after going back an forth the rep figures out that indeed I purchase the item on Amazon Website. He than goes ahead and tells me that I can only return the item for an 80% refund because warranty is expire and I have only 2 years of service provided. I am like wait a minute, my order history on amazon does not state this on the order number for the table but it states. He starts saying that is most likely an error at my end. Well after just going back an forth and going no where with this rep I decide to escalate my claim up the chain. I then go to chat with a supervisor. After going back again thru all this stuff, they decide to do a 100% refund on the item. I receive a return label. I sent the label to my wife and she sent the kindle along with charger and cover. About five days the  later the kindle arrived to amazon service center.  I then contact amazon regarding my refund. I get confirmation of the item been receipt and I am told somewhere among the lines of ""don't worry we will refund you the full dollar amount to the credit card used"".  More than ten days go by and I have still not seen the refund kicked into my Amazon credit card.  So I go ahead and made contact with amazon thru chat. Well everyone at this point is confused about the refund and after almost an hour on the chat and multiple people getting involved I was finally told that I would be getting my refund. I even got an email set stating my refund will take approximately 5 business days to kick in.  this is the first time I needed to get a refund from amazon and by far is been the worst customer service experience ever. I am still debating if I should continue to be an Amazon Customer."
1.0,"Two (2) Months Old, Then Died...","The micro memory card was purchased in mid-December 2015 for a new Kindle HD8 Christmas present.  When the Kindle was set up, this 64 GB SanDisk micro SD memory card was installed.  Everything seemed OK for about two (2) months, then the Kindle indicated that there was a memory card error and that it was defective."
1.0,No Good!!!,"I purchased this along with the Fire tablet and it has been nothing but trouble.  The card is not recognize in either the fire tablet or a laptop computer.  I have not been able to get ahold of anyone to replace this since I purchased this item nor have I left a review until now.  I would recommend going to a physical store to purchase this product because you may end up with a fake, or a dud, disk and get stuck with it."
4.0,"Why 29.71 GB instead of 32 on my Kindle Fire? Here's the answer, basically.","FACTS: This SD card, as does essentially all SD Cards, not yield a USABLE 32 GB on your computer or Kindle. This is due to nomenclature by memory manufactures to inflate their consumer-perceived amount of memory. The manufacturers use a ""metric"" definition of a GB as 1 Billion bytes even (1,000,000,000). In reality, computers recognize a Byte as 1024x1024x1024, which is 1,073,741,824 Bytes.  For instance, this card, which was recommended by Amazon for use in the Kindle Fire, only reads as 29.71 GB on your Device Storage. When will manufacturers prominently disclose this fact? Is it OK because everybody does it? I think no. This is an old, tired trick by memory manufacturers which I believe is unethical. Give people what they pay for, in full, or disclose PROMINENTLY the true facts.  However, it works fine once installed."
5.0,One SUPERBLY made MicroSD!,"This is one great MicroSD card! This is what you need if you have computer tablet the likes of the Amazon Fire tablet for it would expand your storage. I ordered this because i don't like using my Fire 8 tablet's stock internal storage. I ordered this it arrived and I started to utilize it. Then my Fire 8 tablet even asks me If I wanted ALL of my downloaded apps put in this micro SD which I put yes and it began downloading all of my apps into it. It took about a good 20 minutes because i have big apps and files. When it all was said and done, I checked my internal storage and I was shocked for it took a good 3 GB of apps! So far, i'm going to be getting another of these the minute i ordered my upcoming Fire 10 tablet knowing this is one good quality micro SD card. You can also use this for action cameras like GoPro or just your 20 megapixel stock cameras. Highly recommended and a HONEST company unlike some that ""Claims"" such and such amounts of GB then finding out that there's some GB missing."
5.0,Works Great With Nintendo Switch,This works great with my new Nintendo switch and now I have tons of memory 😊
5.0,A must have!!,Works great on my kids k.fire! Since I got the new kindle fire kids edition I figure 8gb will not be enough storage. The extra 32g SD memory is great!! Stored 6 movies so far and still has a great amount of space 👍🏻.
1.0,I got a bad one!,I read reviews and saw that certain chips were really bad. Well I got one. The card constantly moves what I try to store things on back onto my device storage and whenever I try to download or update things it says I have no space. I will be getting a different type from a store and smashing this one with a hammer.
3.0,No Adapter Included!,"The micro memory card seems fine. However, I haven't tried to use it yet. I'm quite disappointed that it doesn't come with the adapter. I have purchased these in stores, for use in other products, and they ALWAYS came with the adapter. I am familiar with SanDisk products and this is one reason why I bought it from Amazon. I'm pretty sure one of my adapters will work, but it sure makes it easier to store when you keep it in the adapter. I feel cheated. I purchased this specifically because it was promoted as the one for my new Kindle Fire HD 10. I never even considered that an adapter wasn't included, nor was it mentioned in the description. Next time I'll go to Best Buy where the adapter is included."
5.0,"If You Have a Kindle Fire 5th Generation, this is the SD Card You Need","This card works perfectly in our Kindle Fires.  It should, they recommend it.  I have three of these cards now in the kids 3 Kindles.  So far, I'm very happy with our purchase.  We've owned them since just before Christmas 2015 - and it's now mid-March 2016. So around 3-months now.  They seem to do everything they are supposed to do.  They really offer the expansion that we need in the Kindle Fires, which don't offer a whole lot of space to begin with, so these really open up endless possibilities.  We bought ours for $13.63, and I'm very happy with that price.  I hope they keep it at that price, because I plan on buying more in the future.  Although they offer all the way up to 128 GB, right now, we're happy with the 32 GB card.  I think it offers everything that we need.  None of the kids tablets are anywhere close to filling up that space yet, in fact they still have a good 20 some GB left, and they have a lot of APPS on their tablets. We could have gone down to the 16 GB, but for the price, I think the 32 GB was the best choice."
1.0,"High rate of failure, Can't recommend","Don't Buy IT DIES after 2 months!!! The lack of info on this site makes it impossible to get the info correct to be eligible warranty. I made the mistake of throwing away the packaging. If you take the chance and buy this card, SAVE the packaging!!!"
5.0,Manufactured to pair with Kindle,"I purchased this item specifically for the Kindle. It is working well and holds tons of books and works well with apps. This size provided the best overall deal. Much bigger would cost more than the Kindle. This card is recommended for this unit. The pairing is supposed to meet certain criteria and is recommended. Not sure if that is a company paying for the rights to boost sales or if it is uniquely designed to Kindle standards. Either way, mine is working flawlessly and the price was comparable to other brands. I recommend it to make sure I keep guarantee/warranty in place and minimize any compatibility issues."
5.0,Perfect Micro SD Memory Card for the Kindle Fire,"My husband travels a great deal so the family decided to get him a Kindle Fire for Father’s Day.  Since he has been using it primarily to watch movies, I got him the SanDisk 32 GB micro SD Memory Card to increase the storage capacity of his Kindle Fire.  This SD card works great!  It fits perfectly into the Kindle Fire and there were no issues at all getting the Kindle Fire to recognize the card.  Though my husband was not able to move movies he had previously downloaded to the card, he had no problems at all downloading new movies to this SD card.  The added 32 GB of storage space allows him to really get the most from his Kindle Fire.  This was a great purchase and we would recommend it to anyone with a Kindle Fire."
5.0,"ANOTHER ""MUST HAVE"" FOR KINDLE FIRE 5TH GEN, 10.1 USERS!!!","The card being said from Amazon: was created for the Kindle Fire, but after you buy one, the proof is in the pudding!!!. There is so many options you find for this card after you install your: SanDisk 128 SD Memory Card to your KINDLE Fire. Besides all the options you will have, when you go to check out the card in your ""Apps and Games"" area after it's in, it has it's own area next to: downloaded app, then you will see ""apps that can be movied to the SD Card"" that's built right in so you want need a app to move things to your new card. It show you a list of the apps you have on your system that can be moved to SD card, or not. Some apps are not movable, and that's ok! The ones that are not able to move are not supposed to be moved for the reason, they need to read things out side of the card. Some give you options to move anyways, but will tell you that you will not be able to use widgets and other objects, etc, etc. Just don't get a SD App and try to force things in to the card that shouldn't be moved. I find also that my Kindle Fire is faster adding everything to the card, so that's a big plus, even my browser is faster, but we do use Chrome. The reason you hear that 1-to-2% having problems with this card besides coming to the realization after they buy a 128GB card, and see they could have bought a much smaller one since they had plenty of room to begin with. Most also are not waiting for the card to get everything lined up to work correct. Let me explain: Just like you should give time for the Kindle Fire to load correctly, also give your new card time to load, because besides it getting everything ready for you to use it, and carrying a ton of information at 128 GB, it's also checking to see if there are any other apps that need to be moved as it starts up, etc. It's not just a board with apps pinned to it, there is allot of information it is checking on, and also depends on where you added things from, so it can be checking allot of different areas too, thanks to Kindle Fires Åwesomeness!!! You can tell when it's ready, because the Icons on your desktop will turn dark to normal till it's ready to go, so don't be like the 1-to-2%, be smart, be patient!. Did you ever wonder why there are only a few who complain about objects we buy? Well besides they can't spell correctly? There the one who break things screwing around, because if they can't spell, there sure not going to read, and that makes them not patient enough and they think they must complain to get there money back. Being the CEO of ""MUST HAVE"" Åpps, and Supplies,™ we test ever item for a few weeks inside and out!. We add tons of info, then remove it all, just to add it back in again to see if the card is worthy enough 4Ü! We add all kinds of movies, docs, etc, then check to see how everything came out in the end. The more you use your card, and learn to 're-boot after your last app is installed for that day, the faster your card will be because it's lined up and clean with nothing to stop it. We are just like computers, they need to be rebooted after every download, and so does a Kindle Fire, it needs to be 're-booted after adding anything, and hard-booted if you ever have a problem. If you do not know this, you will be that 1-to-2% with problems because you never took time to read about your KINDLE Fire. That's the first two things you must learn besides cleaning your cache, and making sure you have no malware in your Kindle Fire. These four things are a ""MUST"" TO KNOW, and that way you can give great reviews too when done :-). Also, the reason we say this is for a: Kindle Fire 5TH Gen 10.1 is we tested this card on one. So those with a 5TH Gen who been looking to find the right 128 GB Micro Card, look no further!. Also, we do not get paid for our reviews, we started ""MUST HAVE"" for the people that are too busy in a day to wonder what the best is for there system, or the novice who wants what the pro's use. We take on all the testing for you, it's our way of giving back to the world. We have a major following and get hundreds of letters each week asking for reviews, but I tell them this: If we feel it does not make 5 star, and find the item has problems, we then will not leave a review, we will tell you instead what wrong with the product or app, and leave the review for another since we only do 5 Star items, and you know what? Most say: that's all we want, honesty!. There is always better out in the world of course, but this passed with flying colors and works great for me and my team!!! Most want to know what we use on our Kindle Fire's, and as far as Micro SD Cards go, this is it!!!.."
2.0,But reformatting Everything is a long long process-Almost like redownloading the entire file,"If its' formatted specifically to run with my 'fire hd 8 2016, then why does it play .avi-& other video formats; pdf & other e-books, but my tablet wont recognize them?? I hav to format all vids & e-books to fire formats. I hoped the words"" Specifically made for fire tablets"" would have covered this issue. Wrong! It does transfer bytes very fast, but than your left with a file unplayable. My mistake. It should not be a real big deal since I questioned this possible issue before purchasing. But reformatting Everything is a long long process-Almost like redownloading the entire file ! Enough whining on my part. In other words,this disk is just fine, just don't buy into the hype,it is know different than any other ...."
2.0,Didn't last,"I use a lot of SD cards. The smallest being 64gb, and 128's being the most common. I get whatever's cheap, and hope for the best, with the best ones being reserved for my work. This one left me with a sour taste in my mouth however. The first time I used it, it was great. Within a few days though, it completely stopped functioning. After looking at it with my magnifier, i found that it had been scraped across the chipset.  I don't know if it came like that and just waited to fail, or if I had done it somehow, so I wouldn't give it a 1 star review, but it bothered me that it didn't last as long as even the cheapest of my microSDs. I'd like to give them another shot, and I might in the future. I have other sandisk cards that have been great and i've used for more than a year with no problems, so I tend to believe that this is a fluke, but it did happen, so it's something to be mindful of. MicroSD cards are very durable, so causing a catastrophic failure to a card is rare. I'd like to get it worked out, so I'll probably reach out to them, but in the mean time, take a good look at the card when you get it, especially on the underside. Make sure there are no defects or scratches. If there are, contact them for replacement."
1.0,failed after a short time.,"I have had 2 of these card made for the kindle fire at the 32gb size and BOTH failed. The first one failed within a month and Amazon gave me a free one to replace it. That one died about 1 year later, so I do not have high hopes for the 64gb one I just purchased. I am wondering if I should just go with a eatter name than SanDisk even if it is not made specifically for the kindle. This will be my last SanDisk product if it fails in one year."
5.0,"Read ""My Books"" offline with EASE!","After reading some of the frustrated posts about not being able to read books on the Fire HD8 or having to go through complicated processes to do so, I felt compelled to write.  Since Amazon recommended this card, I chose it.  I am not a techno-savy person, by any means.  I looked up directions online and carefully followed them.  I was a little skeptical about moving the plastic tab on the outside of the Fire in order to insert the card, but I did; and, it worked!  I was relieved to hear the click that the directions said to expect.  I went to the Storage setting and moved as much of my content to the card as possible, which left the Fire almost empty.  Reading offline did not concern me then.  When it became important, I moved some of the apps from the card back to the Fire.  Then, I moved my books library to the card.  After turning off the WiFi, I clicked on several books to see if I could read them.  And, there they were!  (I forgot to mention an important step.  When I moved the books to the card, under Settings I turned on the tab to download new books to the card.)  I hope this helps!"
1.0,Do NOT buy this or any kindle books from Amazon!,Some Kindle books are corrupted and will completely erase all the books stored on your SD memory cards!  I was consistently getting an error message on my Kindle Fire that the SD card was “unexpectedly removed” when it was still in the slot with the cover securely over it.  I contacted customer service when I noticed that all my books that were saved on my SD card were all deleted off my SD card.  This is the SD card I bought from Amazon for the Kindle Fire.  They checked my logs and looked at something else on their end and then said the files were corrupted!  I ONLY used my Kindle Fire for books purchased through Amazon.  I do NOT use it for anything else and do not purchase digital books from any other source so that means a Kindle book or books that I purchased from Amazon were corrupted and corrupted my Kindle Fire.  The customer service representative then said the only way to correct it would be to plug in my Kindle Fire or the SD card onto my desktop computer.  To do what?!?  So it can corrupt my desktop computer as well!?!  Are you kidding me!?!  I have purchased over a thousand digital books from Amazon and this is the customer service they provide?  I WAS a big fan of Amazon and loved their Kindles (I have several of them) and Kindle books...now I am just extremely disappointed with their products and their customer service.
1.0,It worked great for almost a month but then started to dismount,It worked great for almost a month but then started to dismount.  Eventually it required hours of being in error checking mode before it would mount.  Now it is a $50 paperweight and not a very good one.  I wish I had known it only had a 30 day warranty.  I would have returned it when it first started failing.  But I thought it was my Fire HD10 that was failing.  I almost returned it and customer service actually gave me a return authorization for the tablet (I kept it and it works fine).  Do not waste 50 bucks like I did.
5.0,Wish I had purchased an SD compatible Fire HD before -- love the extra space with minimal effort!,"Got this card to expand the memory in my new Kindle Fire HD 8 -- works great!  Easy to install, and within an hour I had moved my apps and books all over to the card, and re-downloaded movies.  (I did have to delete and re-download the movies but no big deal).  I can finally have all the apps I want to use, and several movies and shows downloaded in a much nigh quality than before...and no affect on my kindle memory."
2.0,Nothing But Trouble For The Past Few Months,"11/17/2017  UPDATE:  This card worked fine on my Kindle Fire HD 8 for about 6 months, but since then it has been nothing but trouble.  While I can retrieve previously-saved apps, books and videos from the SD Card, for some reason I can no longer save anything new to it.  I just  spent over an hour with Kindle Customer Service (they are in Jamaica) and they have not even heard of this problem, so it was forwarded to the developers for follow up.  Meanwhile, my internal memory on the Kindle Fire is near zero."
5.0,"Perfect for Kindle Fire 8 HD, Works Great with No Issues.","I purchased this memory card for my daughter's new kindle fire 8 hd a few months ago and it has worked great! Setup was quick and easy, I transferred most of her apps, photos, videos and books over to the memory card without any issues. My only regret is not buying an even larger size. Since my daughter has Amazon Free Time on her kindle (which we love!) she is able to download whatever apps or books she wants within her age range and restrictions. So she just kept downloading until it got full which happened quicker than I thought it would."
4.0,4 stars because I saw a lower price one in store...,"I ordered this SD card along with Amazon's new $50 Fire tablet they have just released. I got this SD card a week earlier then expected. It came in a clean and proper packaging. It has instructions with it, and the actual SD card was vacuum sealed inside of a cardboard packaging. Very neat looking, and all safety precautions were taken. The SD card words like a dream. I popped it into my son's new tablet and off he went with it. My son was very happy with the size SD card for the money. Very impressive. I am super satisfied with this SD card & that is a hard thing for me to say concerning electronics."
1.0,Absolute and Utter Garbage!,"I have purchased 2 of these cards, and both of them are utter garbage. The first one worked for a couple months, and then out of nowhere, my Fire HD 10 claimed it was corrupted. It couldn't be formatted by the Fire HD 10, my PC, my laptop, or any other device. Amazon even sent me a ""new"" Fire HD 10, but that didn't solve the problem."
1.0,Card crapped out on me when I needed it...  Lost everything...,"I bought this card a few weeks ago.  I spent more on it because it's the recommended card for my kindle fire.  I installed it and downloaded music from my computer, moved my apps over, etc, and it was working fine for a couple weeks.  Last night, however, we had a scheduled power outage in the area, so I planned to use the music on my kindle and a battery powered blue tooth speaker to pass the hours.  I have a hard time sleeping when the power goes out -- especially when it's pretty hot..."
1.0,Total fake,"Bought 32 and 64 gb cards. Thoroughly tested only the 32 gb card. Results are horrible. Used 3 different programs for testing:  RMPrepUSB, h2testw and Speedout. Tested on USB 3.1 flash drive reader (note, built-in card readers are much slower). Also, chose my fasted, most powerful computer - Asus ROG with i7-6700HQ processor and 16 gm DDR4 RAM, to make sure the system can handle reading and writing from / onto the card easily."
5.0,"Fast, Simple and So Easy to Install my Kids Did It!","I bought my kids each the Fire Kids Edition tablets and I wanted to upgrade the storage, and this worked great for just that. Easy installation consisted of simply inserting the micro SD Memory Card into the Fire and we were ready to go."
5.0,I highly recommend these!,These are great! My oldest daughter would get very frustrated when her tablet became sluggish. I began to realize that she had figured out how to download from our cloud. So she was loading her tablet up with all her favorites and never taking any off. So when we needed an upgrade I bought the new fires with expandable memory and bought each girl one of these as well. This has been a lifesaver for my sneaky girl. Now she can load her tablet with her favorite songs and videos without making it slow the processing. I would definitely recommend these.
2.0,Does not work well with the Amazon Fire HD 10,"I really enjoy being able to add to the internal memory available in my Amazon Fire tablet. I would enjoy this much more if the memory card worked better. I do not know if it is the card itself or the interaction between the card and my tablet or something about which I have not thought. It is supposed to be the correct type for my Amazon Fire HD 10. This is a replacement card for my first one that did not work well. This one is not doing much better. My son has the same type of tablet and memory card as I do. Since his tablet has more internal memory, he keeps more directly on his tablet, but still has problems with the memory card. That makes three out of three that are not working correctly."
1.0,Doesn't do books like update states,"I have a kindle 10"" and since the new user update said the sd card would hold books I got it. It loaded a few of my compatible apps but no books. I went through the procedure to remove it and put it back in to see if that would work. Then it said it was corrupted and to delete everything. So I did. It still only loads a few apps but no books. Went in the ""round file""."
5.0,Great way to expand storage on Fire tablet,I bought this SanDisk 32gb micro SD card to use with my husband's 16gb Amazon Fire 7 Tablet 5th generation.
3.0,Micro SD Card - 119 GB True Size!,"I purchased two memory cards, one for each of my children's Amazon Fire tablets to expand the storage space for games, pictures and movies. I received both of these packaged inside plastic and in a hard cardboard envelope. They have worked without an issue to this point and have had no issues not being recognized or having to be formatted or anything else."
1.0,"Amazon recommended the wrong chip, gives no option to return, replace, or get credit.","I purchased anFire 8 tablet. That's a wonderful product. However, in the same order, the bottom of the page recommended buying this chip,  which I later discovered is not compatible for the Fire 8.  I went back to my order and the menus will not allow me to do anything about this but suffer the financial loss.  I bought a SandDisk Ultra to replace it, apparently the proper chip. Not knowing with any confidence what devices will accept this chip, I cannot recommend it."
1.0,"Problem might be with the kindle, but...","From my experience this card is prone to not being detected at random times and it always takes a few minutes to get detected and usable from powering the kindle on from off. This might actually be a fault with the kindle as opposed to the memory card, but it's advertised as for the kindle and ""Exclusive “Made for Amazon” SD memory card - the only one tested and certified to work with your Fire Tablet and Fire TV"" as well as ""Designed to perform multiple simultaneous activities with no lag or delay"". I can say both of those are not true or very questionable. I haven't had the corruption or counterfeit issues that others have had. I'm also spammed with lack of storage errors, despite having the settings primarily install apps and use the SD card while having a largely empty card and my kindle wanting to use it's internal storage instead. The SD card did work for me however when I manually dumped a small library into it."
1.0,Waste of Money.,"There is quite simply no excuse for the shoddy craftsmanship. This card utterly failed after a few months use, and prior to that the performance was shoddy to say the least. After a mere months use it started acting up. With no real rhyme or reason. On multiple occasions it would stop operating outright, and on others it would work normally. Even my kindle wasn't sure what was up with the blasted thing. It would hang on repairing, or tell me it wasn't a supported card, or the card was corrupted. At first I thought it was as a result of device updates, but now it is apparent that the card was defective all along."
1.0,Disappointed with this product,Bought this memory card 9 months ago for our daughter's Kindle Fire and already the tablet no longer recognizes the card.  We thought it might be an issue with the tablet so we tried switching it with the 64GB SD card in my husband's Fire.  Her tablet recognizes the 64GB SD card with no problem while my husband's does not recognize the 128GB SD card. Very disappointed with this product especially since the description says it is made for the Kindle Fire.
1.0,"Not Recognized in 7"" Kindle (2015)","7"" Kindle Fire (2015) wouldn't recognized this SD card when inserted properly. Laptop also wouldn't recognize it when inserted with an adapter. An adapter isn't included with this SD card. I used one I had for a different SD card. Since it claims, ""Exclusive “Made for Amazon” SD memory card - the only one tested and certified to work with your Fire Tablet and Fire TV"", but didn't work in my Amazon device, I returned this SD card as defective."
2.0,Did not last long,"Lasted less than 1 year but caused problems way before it finally died,  My Kindle was often very sluggish which (so I thought) was just the way it is.  Last week it refused to shut down. I decided it was worth a try to just take the sd card out and see what happens. Since, the Kindle is faster than it has ever been. No more problems with not shutting down. I checked the card in my computer and it showed up as corrupted, couldn't be reformated."
1.0,so many errors,"Both of the cards I bought would not behave in the Kindle Fire HD GEN5.  4 times in 1 month of ownership I have had to repair these SD cards in my laptop because my Fires stopped recognizing them.  These are for my toddlers for long distance plane travel.  Imaging ALL their apps and all the movies disappearing early in a 20 hour travel day.  Yeah, not happy.  These were RECOMMENDED by Amazon for FIRE.  I even tried to reformat these as exFAT and NTFS format.  Did not help, within a week they got corrupted again.  Could not be more disappointed.  So many hors of recovering the data.  I have 2 random 32 GB SD cards laying around (1 Maxell and 1 PNY).  Started using these for a week now with now issues."
5.0,Holds lots of photos & more! Highly recommend!,"I bought this to go with my Go Pro and it works perfectly. It works so well at storage and transferring photos that I went ahead and bought two more. You can take lots and lots of photos and still have room left over. I have yet to fill one up and I use my Go Pro regularly when scuba diving. Easy to use, but very small. Make sure you don't lose them when using them."
5.0,Works great!,"Bought the 128G Micro SD card. Make sure your tablet is turned off before you insert it. Insert it and turn it on. Unlike other cards, a window did not pop up saying it was searching for  the card. But I went to Settings and saw that it was in the Storage section. I downloaded a few things from my computer, videos, songs, games and books and it works excellent. No problems with any of the downloads and they went quite fast. I have a Fire 7 Tablet 5th Generation. Been using it for about 2 weeks now and am really enjoying the extra media on it. Although it is a 128G disk, it said there was 119G available."
4.0,"I used a few months, and it is corrupted and my computer isn't even able to fix it.","I have only had it for a few months, and my device says that it is corrupted. . My computer will read it, but it is not able to format it or delete anything from it. Terrible card. I always eject my cards properly and have never had an issue like this with any other sandisk cards."
5.0,It is tiny and you should pay attention how it is inserted to avoid damaging the pins.,"The card is extremely tiny, but once it is inserted correctly (with you facing the view screen and the camera lens in the upper right-hand position), the pins on the SD card were facing up when inserted.  There may be more than one way to insert these based on the version you have.  My Kindle Fire is an HD-8.  The card once inserted with the power off was immediately recognized when powered on and offered the option to transfer items already in storage to it, so I accepted it.  It did not hurt to see if it actually works.  The files were transferred without any further personal interaction and seemed to be intact when finished."
1.0,Less than 6 months and it's already broken,"Less than 6 months and it's already broken. Get ready for endless, irrelevant and circular questions from SanDisk for your warranty claim. For a $10 card too."
1.0,Stopped working after a couple of months,"If I had realized the issue I was having with my Kindle was due to this card, I would have sent it back for a refund, especially since Amazon claims it's compatible with the Fire 7 and 8 tablets and that's why I bought it. I bought it in December, and I remember it working for the first month or so. I can't remember exactly when it stopped working, but one day I tried to download a book and it would not download for the life of me. I thought it was my Kindle 7, but I just bought an 8 and was having the same issue. I thought it was my WiFi, but I was able to go on the internet and pull up other apps without a problem. But everytime I tried to download a book, it says there is a downloading error. Finally, I thought I've tried everything but the card. I took the card out of the Kindle and my books downloaded to my device without a problem. I decided to delete all of the data from the SD card and tried downloading a book and got the same error. As soon as I disabled the save ""books and periodicals"" option, I was able to download to my device again.  What's the point of having an expandable memory feature if the Kindle won't download books to my memory card? Waste of money. If anyone knows of an SD card that's ACTUALLY compatible with the Fire HD 8 (2017) please let me know."
1.0,I Got A Bad One,"Like a handful of people here, it seems like I'm in the club of the unfortunate ones who received a bad card. It worked fine for a while; it was consistent and had no issues whatsoever. After a while it would occasionally pop up an error message telling me that there was an ""Unexpected SD Card Error"" and that I should reinsert the card. Annoying for many reasons but mostly because I hadn't removed the card. This usually happened upon waking the tablet up after it has been idle for many hours. It would happen every now and then. Then more frequently. Then every time I woke it up after it had been idle even if it was only idle for a minute. Eventually, after less than sixty days of use (but of course more than the thirty days of the possible return period), the card would only work for a few minutes at a time before I would have to go through the whole procedure of unmounting the card, physically removing the card, putting it back in, mounting it, hoping to only have to do it one time... Finally giving up and parasiting a card from another device and so far, no problems."
1.0,Not worth it.,"Write speed has maxes out around 4 MB/s, though it will jump randomly to about 14 MB/s, but also drops to 0 multiple times during transfers. It's unreliable and I've gotten the ""the location can't be found"" error countless times which requires me to re-insert it into the PC and start all over. I've used four different adapters and four different USB ports, but it takes FOREVER to get stuff on this stick. Thankfully it was only 20 something dollars because this is easily the worst memory stick I've ever purchased and NOT what I expected from a SanDisk product. Extremely disappointed but I am willing to stay up all night to keep trying to transfer videos to it for my son on our trip tomorrow."
4.0,Micro disk for Kindle/Fire,"I've used SanDisk products before and generally been happy with them.  This item appears to function properly, I have installed it in my new Kindle FIre HD 8 and have had no issues.  It was recognized automatically and books/pictures have been stored there by the Kindle software.  This micro disk did not come with an adapter so if that is important, read descriptions for one that does.  This is one of the disks hyped as ""Exclusive “Made for Amazon” SD memory card - the only one tested and certified to work with your Fire Tablet"" which came with a little higher price at the time. Not sure if this ""made for"" disk was necessary, reviews on comparable items not so labeled were mixed, some reported no problems, others said their Kindle didn't recognize.  Decided to avoid potential problems by opting for the ""made for...."" disk."
5.0,Incompatible?,"Purchased third Fire and opted for the larger memory upgrade.  Product advertised to come with 32 memory, but did not.  Anyways, I usually don’t post reviews immediately, but thought it would be helpful for those purchasing added memory:  Remember to swipe down on the incompatible message, you will have the option to format the disk.  Easy!"
1.0,I have had problems with this card from day 1 ...,"I have had problems with this card from day 1. I couldn't get anything to DL on to it, then last week I tried one more time and it downloaded 18 of my movies, took 3 days. I was so jazzed. Yesterday I gave it to my grandson to watch a movie, he was about 30 minutes in when turned it off. When we turned it back the settings said 'mount SD card"" so I tried and it wouldn't mount. I popped the SD card into the adapter and put it in the PC to see what was up and ALL the movies were gone! It said there was nothing on it. I clicked on rturn because I am sick of trying to get this thing to work and the return date was 2 days ago! Grrrrr"
1.0,This product is fake. Do not buy.,I have jw library app down loaded on it but it does not allow me to open up the app very easily.  It takes along time for me to get the app open.  I got the sd card specifically for this app.  Why is it so hard to open.  I would have rated it higher if it wasn't for that.
1.0,Failed in Kid's Kindle Fire after only a couple months,"This memory card initially worked just fine for expanding storage in my son's Kindle Fire 8 HD Kid's Edition, alleviating a lot of frustration for both of us as he consistently ran out of space for apps due to the the basically limitless nature of downloads available in Amazon Freetime."
1.0,NOT SATISFIED - VERY POOR QUALITY - LASTED 2 DAYS,"this card only last 2 days before I kept getting message to remove and re-insert - after ten days I took to Best Buy to try and see if my Kindle was bad or the San Disk card -  the card would not activate in any reader or any type of tablet, or phone.,  I had to spend an additional $20.00 to get a card that would work -  lost a lot of my games points and benefits because I could not open them up and use with the bad San Disk..."
5.0,Saved my book loving life!,"I own the Kindle Fire HD 8 which I purchased after having 3 of the Kindle Paper Whites breaking on me after a year.  I'm glad I upgraded but I don't do much on it other than use it to read.  I may access the internet once in a great while but reading is my passion so I wanted to save all my space for my books but lo and behold, after a couple years, I started having trouble downloading books b/c my internal storage was pretty much full.  I was constantly having to archive items and even then downloads were slow and inconsistent.  I finally admitted I needed an SD card and this came super quick.  Once I inserted it and changed my settings appropriately (which is super simple to do.. I'm computer illiterate and I had no problems). My kindle is running and downliading my library as if it were brand new... Definitely recommend!"
4.0,No frills packaging,Arrived today. The packing isn't fancy (see picture) but it was easy to load into our Kindle Fire. It immediately added another 29.71 GB of storage. I'm not techy so I don't get why 32 GB of storage isn't truly 32 (!) but its more than sufficient for my kiddos Kindle
1.0,Terrible Product Can't Put any Apps on it,Terrible Product Can't Put any Apps on it...As soon  as you do it corrupts the App and you have to reinstall it...Finally I just started installing Apps to the Internal Storage and gave up on the Memory
5.0,just like this one,"If you have a FireHD 8 Tablet, go with the ""amazon approved"" SD storage. I had a brand new Sandisk SD, just like this one, however it gave me tons of fits when trying to upload videos to the FireHD8. some videos would work, some wouldn't. For no apparent reason. Some would play, but once I stopped the video, did something else on the tablet, then came back to it, I would get an error saying the file can't be played. Save yourself the headache......if you are trying to expand your storage on a Fire Tablet, go with these Fire tested cards."
5.0,Highly recommend for Amazon tablets!,"This is perfect for my 5 year old son’s Fire Tablet. You can store apps on the SD card as well as picture, videos and music. It is very easy to install and only a few steps to get the apps onto the card."
1.0,Two stikes and I am out,Thanks to Amazon for sending me a new one even though they didn't have to! One star to SanDisk but five stars to Amazon!  Previous review-- I would give it less than one star if I could.  Have purchased two of them and now both have gone bad!  I paid this for this product because it was supposed to work with the Fire.  The first one locked up AFTER THE WARRANTY and now the second one won't load or erase.  So a warning to those who want extra memory for their Fire!
5.0,A good value - Easy to install in Fire 8 - Works great!,"I liked that I could depend on this product to work,  judging from its description. I was a little surprised when it was not already formatted but there were two options that appeared with a message indicating that the card was not usable; one was to format it for internal storage and the other was if you were going to use the card with multiple devices. In the Fire, it's not easy to remove - well, it doesn't look as if it would be easy. I haven't actually tried. :) So,"
1.0,Bad SD Card,"Purchased card Jan. 16, 2016.  It worked perfectly with kindle fire until July 1, 2016 when it stopped working.  Kindle would not recognize the card at all.  Other SD cards worked just fine but not this one."
5.0,Works perfect. Simple nice packaging,"Works fast. Have to update Nintendo Switch. Works perfect. Simple nice packaging. At that time it was $30.00 for 128gb. Good price for the storage, and it still works great on my Nintendo Switch. I heard this was unique because of the new fire tablets could use these also. But the black and red version of this was giving (new) fire tablets problems. I don't know. Might have been fixed already. And if your kids or you save stuff with Viruses, etc.(a common problem), and it's on your sd card, and you take it out and your device works better, don't blame it on the sd card...this is to a few reviewers who I noticed..."
1.0,Not worth it,I had so much trouble getting this item actually delivered but I needed it because my Kindle was full and I didn’t want to delete anything because I do not always have a Wi-Fi connection and wanted to be able to get to my favorite books if I didn’t have a connection. When I finally got this it was easy to install and that’s about as easy as everything was. I tried to switch it to where everything now downloads to the card and sometimes it works and sometimes it doesn’t. I still get messages that my Kindle is full even though I have put  A lot of the books on this Card. I also moved over some apps and other stuff but yet it seems that it does not like to see to the card like it is supposed to and I end up having to go in manually and move the stuff. So it does work up to a point but it is more of a pain that I had to manually transfer everything
1.0,Does NOT Format and only shows 30.6 MB. My new Kindle Fire HD 8 will not recognize the card.,"Product does not work nor will it format, when plugged in it shows 30.6 MB"
2.0,Not too happy.,"I installed these on my kids’ Kindle Fires, because they were constantly out of storage space.  I installed them and very little on their Fires (games, etc) was actually able to be transferred to the card, so they’re still out of room."
2.0,Since I can't easily back it it severely limits what I want to ...,"Does work in my Note 4, but have endless issues with file corruption and getting large files (>1GB, such as 4K videos taken with the phone) off of it.  They will play on the phone, but file copy fails 1) Phone plugged into Win10 laptop 2) Taken out and put in laptop card reader 3) Put in a Unix NAS.  Since I can't easily back it it severely limits what I want to use it for.  I know any attempt to repair it will just wipe it, so stuck for now."
4.0,"micro SD card ships ONLY with micro SD card, not SD adaptor"," This card does not come with an adapter to help read the card in an older machine with only a SD Card slot.  I thought it did.  Card works fine for my needs. But I have to get an adapter to read it in my computer.  Be aware if you need that adapter, too."
4.0,WORKS AS ADVERTISED,"I am not a techie so all I know is that it works in my Kindle Fire8. It seems to be very fast when saving data and there are no indications of any lost or corrupted data. I bought it because it was advertised with the words ""Guaranteed to work with the new Kindle Fir 8"". I have seen others that are a little cheaper on Amazon but not with the same guarantee."
5.0,"Helped my Fire 7"" be more functional/useful",Got this for the 
1.0,Had for less than 24 hours - became corrupt.,"Received this SD card and used in my son's Fire 7. Was able to transfer all of his apps to it quickly!... The next day when I gave him his Fire to play none of his apps worked and it showed ""checking SD for errors"" - but after waiting a long time it continued with that message I took out the SD card and checked it in another device - CORRUPT. Had to erase all the data and reformat. Still in the process of trying to get it to work.  Such a hassle."
1.0,Dead after 4 months.,Bought in July. Stopped working in November. Hmmmm...
5.0,"No Issues, Works Great!","About 10-15 years ago, when you bought a memory card, you had to format it with the device you were going to use it with.  Now, it's Plug and Play (PnP), which means you just connect the product and that's it, no other action required.  I'm very thankful for that.  It takes a lot of headache out of just trying to use a memory card.  I received this card, plugged it into my tablet and verified the extra memory was present, and that's it!  No issues!"
1.0,Not consistent or Reliable. The same old issues!,I am pissed. I bought 2 new kindle fires with made for amazon SD cards. Since our old kindle fire would often have SD card issues as soon as we were away from gone. I got the made fir amazon SD cards. After formatting and downloading everything what do you know. I star getting the same  SD card removal messages. When the card fad not been touched. The same BS problems. What a crock. So that makes 3 kindles. And 3 made for Amazon SD cards that don’t work when you need them too! Trust me nothing sucks more than getting 2 tablets fully prepped fir a long trip only to get on the airplane and have nothing work and 2 cranky kids fir a long flight.
4.0,Not A Throw Away As Amazon Said I Should,"I bought the SD  disk when I purchased my Fire HD 10"" about 9 months ago.  My Fire died today.  Amazon support was worthless.  Since I had purchased the SD chip, I removed it with ease.  All at once the Fire became open.  It would have been nice  if the Fire alerted me that the chip was full and the Fire shu tdown.  Amazon support Tod me I needed a new one.  My next tablet will be an IPad."
5.0,Great Product,"When looking for a Micro SD card or any SD card I always go with brand names that I already know and can expect the utmost quality and performance. I Recently bought a Kindle Fire 8"" Tablet and knew that I would most likely be downloading a lot of books and knew that I would need some extra storage. At first when looking at the price for this SD card I thought maybe it wasn't quite what I was thinking but couldn't find any other SD cards that offered this much storage for this price so I bought it thinking that if I didn't like it I could always give it back. Upon getting this product I have been thoroughly impressed, I have over a hundred books on my Kindle and have barely scratched the surface of the storage. I would highly recommend this product to anyone looking for a great quality Micro SD Card."
5.0,"KINDLE FIRE APPROVED SD CARD, EASY-TO-USE SETTING UP SD DOWNLOADING ON 2017 KINDLE FIRE & GREAT FOR TECH CHALLENGED FOLKS LIKE M","I will be honest that Kindle directions are on the Kindle device, so easy to do step by step SD Card installation,  but Amazon.com does, so installation was somewhat easy. Works great in my 10"" Kindle Fire & has backed up, with no problems, over 8 HIGH QUALITY movies, 800 ebooks & only used up 24 GBs. Easy setup of content to download to SD card after I have had the Kindle since 2017. I still have over 1500 docs & about 1000 ebooks to go, but I am confident I can make it fit or start PART 2!!"
5.0,GREAT PRODUCT !!!,"I purchased this product to supplement the storage capacity for my new Kindle Fire HD 8. It was recommended by Amazon specifically for my Kindle but I feel sure it would work just as well with any other compatible electronic device that uses a micro SD  carx The product was shipped quickly, arrived in a timely manner and was packaged securely. It was extremely simple to install. The instructions were included in the help section of my device and were easy to find and folliw. I'm very happy with my purchase, the quality as well as the price."
1.0,I have a samsung card that works on my phone and I have no problem with that micro SD but this one is a complete failure and i'm,"Having to be a THIRD one of these. It works for about a month or two and then it gets slower and slower at being recognzied and then it stops working all together. No matter how much i reset the kindle to factory or eject the card and remount every time it fails to work and then I end up having to pay another 50 bucks for one of these. I have a samsung card that works on my phone and I have no problem with that micro SD but this one is a complete failure and i'm frusrated and disappointed. I even exchanged kindles thinking that would help, but no, it's the card."
1.0,Pick a different brand!,"I've owned three of these for a while now.  I bought 3 Kindle Fire Kids Editions (these were 5th generations), and 3 of these cards to go with them.  They worked ok at first, but within a couple of weeks, we started having issues with the cards not being recognized after a restart, and when they were recognized, it was only after letting the tablets attempt to read them for 15 minutes or more.  To make them even ""better,"" they've now started screwing up if we leave the tablets on for too long.  The tablets can't read them, so you have to reboot, which then means waiting 15-30 minutes... it's a ton of fun on long car trips with young kids."
1.0,Not compatible with Fire 8 HD,"It says it is for Fire tablets, but after I put this in my Fire 8 HD, it started freezing up several times a day. I ended up having to reset to factory settings and lost a lot of things that I had put on the micro SD card and now my Fire HD will not update. I called support but they were useless trying to say that it was my network that was not working correctly and that is why my it will not update, he said he could not even send a manual update through because of it. Hmmm really both my android phones, my laptop and both my Firesticks are all still getting auto updates and they are on the same network. Not only was this card a waste of money, it has permanently messed up my Fire HD."
3.0,Good Deal for the price,"First let me say I was spoiled. I have a Fire 7 HDX. Great clarity on the screen for viewing movies, etc. Fast processor that makes it very responsive. But with age the back cover warps from the heat of the battery and the sound goes away. I still use it to surf the internet, check out Amazon ""shop"" app, etc. When the HD Fire 8 came out I saw the opportunity to replace my HDX 7 so I could utilize Prime Video and my Spectrum app, so I ordered the Fire 8 with 32 Gig and a 32Gig Sim Car.  Nice tablet for the price. BUT that's where it ends. First thing I noticed was the screen. It had a cloudy look when turned off and isn't easy to keep clean. The HDX 7 had a clear screen. Next thing I noticed is the slow processor is slower unlike the HDX 7. And the third thing I experienced was that the FIre 8 hangs (freezes up) sometimes. I have done the restart (hold power button for 20 seconds) to no avail.  I like the smaller tablets as they fit in your inside coat pocket when traveling. The 8"" tablet not so much (depending on pocket size) and the 10"" tablet no way."
1.0,Made for Fire Tablet??? WRONG!!!,"I purchased this at the same time I originally purchased my Fire 10 specifically because it stated “Exclusive “Made for Amazon” SD memory card - the only one tested and certified to work with your Fire Tablet and Fire TV” and I wanted to get the correct things. I ended up having an issue with the Fire 10 which was addressed and Amazon replaced it and I’ve had no issues since that time other than this STUPID CARD NOT WORKING!! It has never been recognized by the Fire 10 and is a useless, very expensive piece of plastic. Don’t waste your money, use it on a real memory card that works. I had never had an issue with this brand before but the “Exclusive” one is horrible!! Buyer beware!!"
2.0,It works fine. It's just you don't really need it books ...,It works fine. It's just you don't really need it books aren't allowed on it and some games only go onto your fire tablet
1.0,Lemon,We purchased this card for our daughters Kids Fire in June 2016. The card worked fine until the last month when it began messing up. The tablet will not recognize the card and it does this in multiple tablets. My husband also has the Fire and his SD card works fine in her tablet and his.
5.0,Perfect for my Amazon FIre HD 10 Tablet,"Perfect for the new Fire HD 10.  And a SD card that ACTUALLY puts downloaded programs on the SD card.  You can choose several different options.  I got this cause it said it was made specifically for Amazon Fire or Amazon TV.  And also, this Fire HD 10, with Hands Free Alexa is awesome. I also picked up the screen protector made specifically for the Fire HD 10, which by the way if you didn't know, the Fire HD 10 was released just Oct 17, 2017.  Amazon is great and I love their partnership with Q**. This SD card is perfect.  If you can find a Fire HD 10, get it.  Amazon will take care of you to provide all the necessary tools specific to this great Fire Tablet."
1.0,"I got two of these, for my family's two ...","I got two of these, for my family's two new Fire 8 Kindles."
5.0,"Tons of Space, Great Price","I really didn't need another microSD card, but I got this on a pretty decent sale. Like most people, I have many items that take microSD cards (phone, tablet, action camera, dash cam, Raspberry Pi, etc). And it comes with a full-size adapter to use in a dSLR or other device that requires a full side SD card."
1.0,"This card, which cost $80 nine months ago and now sells for $43, is junk.","This card, which cost $80 nine months ago and now sells for $43, is junk. Unfortunately, the warranty is only for 30 days. Amazon stated that I needed this specific kind of card to run on their Fire tablet (5th generation). If Amazon (I blame them since they said only this card would work on their tablet) can't do better than a 30 day warranty then my next tablet won't be a Fire.  Reading other one star reviews, I am not the only person stuck with a defective card."
1.0,SD Card Failed,"I purchased this with my Kindle Fire at Christmas. One of the selling points for the kindle over an ipad was obviously the price, but also that I can use external storage. I have downloaded lots of movies for an upcoming trip and found out today that the Kindle is not recognizing the SD card anymore."
1.0,Don't buy this -- it's junk.,"This SD card is junk. From the very beginning, it would sometimes read and sometimes disappear or show as ""corrupted.""  Soon it no longer worked at all.  Tried it on several devices, and it wouldn't read or it showed as corrupted.  Don't buy this junk.  I bought a 128 GB one from PNY, and it works great.  Don't listen to Amazon when they say that the SanDisk is made for Kindle.  It's worthless, in my opinion, and I wasted nearly 50 bucks for it."
4.0,Instructions Not Included,"I bought the 64 gb SanDisk for my Amazon Fire Tablet 7 and paid $11.99. It arrived quickly and was packaged well, but it did not come with instructions.  I had to do an internet search for instructions, which ironically enough, I found on Amazon.com--> https://www.amazon.com/gp/help/customer/display.html?nodeId=201829200. Once I was able to figure which way to insert the SD card, the Fire Tablet immediately recognized it.  If you go to the link, it will also explain how to move your files to the sd card. I have had no problems with it and it is working out quite well.  The one-star removal was for not including instructions.  If there is a question you have, that was not covered in my review, feel free to ask. :-)"
5.0,Works okay.,"Bought this because my 7"" Fire tablet was suddenly not displaying the covers of the books in my kindle library, and also failing to connect with some apps I'd installed. Turns out, it was because the disk drive in the tablet was full up! That was quick."
2.0,Increased storage allowed upgrade; card stopped functioning.,"Great.  Used to increase storage for Dell Venue 8 tablet.  Worked like a charm, enabling me to upgrade to Windows 10 on the tablet.  UPDATE: 11/22/2017 - The storage card is failing now.  It works when first inserted, but on subsequent power-ups, the micro SD card hangs my Windows 10 tablet.  The OS must be busy trying to access the SD card, as no apps will launch after login.  Once I remove the SD card, and restart the tablet, everything works just fine.  I'll have to try another brand of SD card it seems."
2.0,Only 59.45 GB storage available on a 64 GB SD card,My issue here is I purchased a 64 GB SD card. I put it in the fire tablet and as I go to transfer everything on the tablet which is only 8 Childrens apps I look at the Storage availability on the brand new SD card and it says 59.45GB not 64GB. So where’s the rest of the space. I haven’t backed anything up and that’s what the card reads. Now after back up of the apps it says 57.95 GB free of 59.45 GB available.... shady or what?! If the issue is for software purposes then they should add additional GB and give me a card that actually has the 64 GB I can use not less.
5.0,SanDisk 32 GB Memory Card for the new Kindle Fire!,I have always liked the SanDisk memory cards. They work for and on so many different things. I love that the new kindle now uses the memory cards and you can also get a new bigger memory card if you ever need too. It adds more space to your kindle. Which is an amazing!
4.0,The SD card works great. The problem is Amazon's instructions for installing the ...,The SD card works great.  The problem is Amazon's instructions for installing the SD card.  I am writing this to thank:
1.0,"No support, consistently fails after working a couple times.","I've tried to use this in a Moto Z phone and an Asus ZenPad 8s, and it fails in both devices. I've been trying to get it to work for a couple months trying a bunch of reformats, trying it in external adapters, etc. Everything I've tried has consistently resulted in a failed card. No idea why it ultimately fails every time since it initially succeeds when I first put it in the device."
5.0,Every review I have read has been great for the SanDisk,"Every review I have read has been great for the SanDisk. And so is mine the main thing though everyone says 32 GB is not that much? Maybe its just me,but I have 4 pretty big games downloaded onto mine. They have not put a dent on it😕😃 The other thing that is so great about this SanDisk its for Fire 7! Yes they can use any SD card but it is true with this one being made for the Fire. As soon as you put it in the Fire automatically switch's it to where every thing you download from then on goes straight to the card. So short story,well made long😁😈 I would not have a Amazon fire without my SanDisk!!!!"
1.0,Not for Fires!!,"Something is wrong with this product. When I go in to my son’s Fire, the 32GB Card says 29.whatever GB are “other,” and will NOT let me edit them. I think it’s corrupted like others say. And I actually wonder if this is why he needed a new Fire this year when I had to factory reset his and then the battery wouldn’t charge...hmm? Hope Amazon looks on to this! The review that says they called SanDisk who said that they do NOT make a product “just for Amazon,” makes me feel even worse. Wish I read that before I bought these!"
5.0,Works great on my Fire HD,Received 2 of these today for my Fire 8 HD tablets and had no hitches what so ever. At the sale price this is a much better way to go than buying the 32GB version of Fire..Just buy the 16gb and one of the CLASS 10 sandisks. Gained 6 times the memory for 1/3 the price of the tablet upgrade. BTW the Tablets will accept up to 400GB class 10 if you really really need to!
5.0,I'm a big fan!,This chip has allowed me to amass a book collection that surpasses and transcends 25 feet of bookcase shelving in my living room.  I have three times the capacity of my material library and I haven't really touched the true capacity of the chip!  I hope my Kindle lasts or future kindles have a slot for the chip because I intend to fill it up!  As a historian by inclination I have made heavy use of the Delphi Classics complete collections of at least a dozen authors for an amazingly low price.  And the free Public Domain books are a treasure trove.  All stored on my device thanks to this chip.  Best purchase I've made in a long time.
1.0,Wasted my money on this one.,"Purchased this in May, 2016 for my FIRE HD 8 since it was MADE FOR AMAZON!  Just past 3 months of use it is no longer working in my FIRE.  It would not load when I turned on my FIRE and it was causing my battery to drain fast and the FIRE to freeze and need to reboot over and over and over.  All the apps that I had on this would not load.  Wasted my money on this one.  Next time I won't worry about it being specially made for Amazon."
5.0,Here's a little How-to on putting it in," This is nice and convenient to have, will be buying a larger gb in the future, It did what is said it would do  ""-)  I would buy this product again."
5.0,Perfect for tablets and small devices!,"I have purchased for the so far and they are perfect for all of the tablets around the house. My wife is an educator so she has a 14-inch Chromebook, her 10 inch tablet and then of course her laptop. I myself have a couple of tablets and my step kids have a tablet each and one of them has a phone and I have used these cards for every one of the tablets and my step son's phone. They work perfectly for that. If you are an adult and you have a new phone I would definitely suggest getting a larger card but this is perfect for any standard tablet or kids phone."
5.0,Satisfied!,"I just upgraded to the 7th gen Kindle from a 3rd gen HDX. Most, if not all previous issues have been fixed. Love it!"
5.0,"Awesome deal, 128GB for my Nintendo Switch!","I got the genuine white plastic SanDisk Micro SD, 128GB card for my Nintendo Switch. Popped it in and it worked right away. No hassle, great price. I may need to get a bigger one some day but I'll worry about it when that happens."
4.0,Great Way to Upgrade Kindle Fire,"I recently bought this to upgrade my kindle fire's storage. I was quickly running out of space and would like the extra space to load movies, books, and documents. Very easy to use, just insert it in the slot in the kindle fire and it is ready go! I think my only complaint is that certain apps will only install on the local storage on the kindle fire rather than on the SD card, and while I understand that this is more of an issue with app makers, it still is an issue when I'm trying to free up space locally and transfer it all to the SD. But overall, I'm very happy because it's more to load files on my laptop for easier reading and portability."
1.0,Very Very Slow and Issues,"I bought these for my kids Fire tablets and while yes they can hold the stuff, they error out all the time to the point they are useless now.  They may hold the apps but it does no good if it errors whenever the kids try to load one or even see what is on the tablets."
3.0,"It works, but don't expect much help.","There is pretty much zero instructions in the ""box"" this comes inside. Nor does the fire tablet itself have anything to really help. You get a tiny picture pointing from the card to the slot. No real clue how to open the slot (it slightly pulls out and turns to the side btw). But the big one is it doesn't tell you which way the card goes in. Which apparently can be different dependent on the device."
1.0,Lasted less than 3 months,"This card is now unreadable and I have been using it for less than 3 months. I only stored my apps on it and I don't have that many. Sandisk is usually a good brand but, I will not be buying any more cards from them. I bought this memory card in late January and It is past the one month return so I am stuck with an unusable product. I don't use my Kindle Fire that much for reading so I only use it to check Emails or play games. All in all I  figure I have used that memory card less than 20 hrs total. The card is a pain to put in and take out. Since I have 8 GB I will not bother buying another memory card."
5.0,"So glad I bought this, I have so many books and pictures, and audio books, needed the extra storage.","I read lots of books, and take lots of pictures, some games the old lady kind, Scrabble, words with friends, bingo, and also listen to audio books. I am starting to build a music list, so I really needed the extra storage."
5.0,"I love these, and ol' sticky fingers loves them too!","I have bought countless SanDisk memory cards and micro memory cards,  over the years. As I have mentioned in other reviews, I have an acquaintance or two, who love my choice in memory cards, and various other things. I have done some reflection on this,  and I have come to the conclusion that 'ol sticky fingers is actually paying a complement to not only me and my taste, but to the manufacturers of the items ""borrowed. "" So, on behalf of me and my nemesis, a hearty Thank You!"
