ratings,rev_head,revs
5.0,Best memory card I have ever used!!,I bought this memory card to use in my game camera. I had never used anything bigger than an 8 gb card but this one came up for an unbeatable price so I thought I would give it a try.
3.0,"Great Sticks, watch for defects","After owning several identical sticks in the past we were happy to find them on amazon for much cheaper than stores near by. We purchases four of the memory sticks, and were very pleased with two of the four. Two of the sticks were in bad shape, the first stick came chipped in the corners and the second was cracked all along the card. We were unable to return the two sticks  with defects and had to buy two more locally for the upcoming shoot. Overall I have been pleased with these memory cards and will purchase them again in the future however I will purchase them locally to avoid defects as we have never had a problem with them in the 15+ other identical sticks we have used and purchased in the past."
5.0,"An upgrade in READ speed, write speeds vary","The SanDisk Ultra 80MB/s is a new card that replaces the Ultra 40MB/s. The 80MB/s is the read speed only. SanDisk refers to the write speed as Class 10, which means the card maintains at least 10MB/s continuous write, but does not state a maximum write speed. I tested the following Ultra 80MB/s cards: (2) 32GB, 64GB and 128GB and compare with the previous Ultra 40MB/s cards. I use CrystalDiskMark benchmark (5 passes, 1GB random data) and USB 3.0 card reader."
5.0,The Most Most of Us Will Ever Need,"We went on a trip to Europe and bought this card so we wouldn't need to keep track of multiple SD cards. 128 gigs was more than enough to hold thousands of images (most of which were shot in RAW), and a few hours of 1080p video (shot at 60 fps using Sony's XAVC codec). We were using a Sony a5100, and this worked great. Its writing speed was super quick, and the transfer speed of moving files from the card to the computer is very fast. After buying this card I regret buying lower storage cards; this will probably be the only card I use from here on out. For recreational photographer/videographers like myself, this is more storage than will ever be needed on any trip."
5.0,Perfect Memory Card! Excellent Amount of Space!,"This SanDisk 64GB memory card is awesome! Just barely bought a new Canon camera and didn't have a memory card, so decided to go with this one because of the amount of space for the low price! Definitely what I was looking for."
1.0,Sad day! Lost over 400 pictures.,Will not buy again! Just got done with a photo shoot and went to load pictures onto my computer and they are not there.  I viewed them on my camera and could see them. Put card into computer and they are not there. But back into camera and says “Cannot Playback image” this is only my second time using this card.
1.0,Corrupt within 2 weeks,I purchased two of these cards and within two weeks they were both corrupt and unreadable by my computer. I lost over 1000 photos. SanDisk informed me that they don't offer file recovery or reimbursement due to problems with their cards. Completely unhelpful. They DO NOT stand behind their product. Look elsewhere for a reliable card if you value your photos and data. Two weeks was too short to loose everything. Luckily Amazon has great customer service and refunded me.
5.0,Solid product for point-and-shoot digital cameras,"After talking to 'serious amateurs' and a few professionals, I have ceased to use micro SD cards in the adapters (to full-size SD cards) in my digital cameras. Apparently there is risk of data corruption, and loss of transfer speed whenever you use a micro SD card adapter.  So I found these San Disk 64 GB SD cards with an adequate speed rating as a 2-pack.  The pricing on these seems to be fairly leveled, so I chose this brad as a sort of middle-of-the-road selection. I have only used them one time, so this review is just based on initial use.  The camera (Nikon) seems to tolerate them well enough, and I am able to retrieve the images.  So far so good.  I may update the review  after they have been written over several times to comment on any longevity issues."
5.0,MAY NOT BE POSSIBLE TO RECORD MOVIES ON THIS CARD,***Update***
5.0,A whole lot of memory and FAST.,"Purchased a new camera for an very long, inside Alaskan Cruise and since we are going to be taking a lot of pictures and we are going to be away from our computers for several weeks, we wanted a card that we could fit a ton of picture on. This SD Card is rated UHS-1 (for video) and an SD speed class 10, with 6 or better recommended for our camera. Using a Memory Card Calculator(dot com) site it is estimated using JPEG or RAW, 20 megapixal camera and this card, we should be able to take (are you sitting down) 21333.33 pictures using JPEG and 2133.33 pictures using RAW. 2133 / 16 = 133 pictures per day ... this card is plenty. But of course we will take a smaller backup, just in case."
1.0,Terrible!!!!!!!!!,"Terrible!!!!!! Bought this for special video shooting. Came back home to find no files on card although camera recorded.. At home recorded a few seconds just to verify... card recorded new files and counter advanced. All in all, 58 missing files from my special fotoshoot!!!  Now retrieving some of the footage via recovery program. Very partial footage is recovered. Lost project!!!!!!!! Unreliable!!!!"
1.0,"128 gb is Defect, memory card is full","Ordered this for Nikon D3000 Camera and it was defected. When i put it in the camera, it asked me to format it. After formatting, it said the memory card is full. Called Amazon and they offer to send me another which had similar problem. I had ordered another memory card from this company called ""SanDisk Extreme Pro 32gb"" and it worked fine. I dont know if has anything to do with the space or this product is defected."
5.0,Go with high quality SanDisk and you won't chance a disaster!,"Work great in both my Canon Rebel T5 and 77D models.  Rapid burst shots never buffer it seems when writing to these SD's so I'm thrilled with their performance.  I also have lots of faith in SanDisks quality so I don't worry much about card failures or loosing my recent photos.  I see newer models in same capacity but with slightly faster speeds, but for cameras shooting ~25MP (4-8MB file sizes) I think this write speed works just fine.  Build quality of the card is great too... I've had other brands that start to split apart once you pop them in-out of cameras to laptops several times (looking at you PNY).  Overall, great quality card and prices seem to remain competitive to others!"
1.0,Not detecting on Computer !!,"I thought it would be trustworthy to buy directly from Amazon (as non-third party supplier) and after use for my next photoshoot last week. It was working on camera and last night I had the hard time to detect this card on my Mac for editing. It does not detect in my Mac book anymore. However, I went to apple to check my ports having problem and Apple store confirmed that it is working. It seems card become corrupt and I am not able to recover my photos from last week shoot. First Disappointment direct from Amazon."
5.0,Great Memroy Card for Nikon Cameras,"After much debate I decided to go with this16GB memory card. Basically I have a dozen of memory card, thumb drives, etc. from SanDisk and have never had any problems. This memory card is no exception."
2.0,My bad choice,I ordered this in Oct 2018 and it is now Nov/ 23 /2017 (about 2 months). Every  2 week my Papago P3 dashcam (purchased on BHPhoto) is having problems with this SanDisk SD-CARD. The problems come in 2 forms:
1.0,Defective,"Got this on a black friday/cyber monday deal. Figured it would be a great purchase for casual photos and videos. Spec-wise it would be a great card, if it worked... My computer could not recognize the sd card. After ejecting it and putting it back in a couple times, the sd card finally seemed operable. I brushed it off as a glitch at first. I formatted it in my camera and tested it by taking pictures and a couple videos, unfortunately once I put it back in the computer it could not be read. I once again ejected it and put it back in several times and it eventually worked. However when I tried accessing my content, the content would fail while loading or the card would crash entirely and be unreadable again. Additionally, I tested it against my old sandisk extreme 16gb 40mb/s sd card. The old sd card had absolutely no problems. Also, my computer is pretty high end so I'm sure it is not a computer problem. It may be helpful to note that a couple other reviews within the past year have also mentioned this defect. I will be returning this card. Unfortunately since it was a black friday deal, the price has gone back up so I'm not sure if I will be able to purchase another sandisk to replace this defective one."
5.0,Great card for 1080P video recording,This card has been plenty fast for full 1080P video from my Cannon HR600R camera.  I have used it constantly for making YouTube videos and it works great and have been 100% reliable.
5.0,Great value SD card,"I have been buying SanDisk brand of memory cards for years and has been of great price value and make. I also buy Kingston brand for which ever can be of lower price. SanDisk however has a more aggressive selection and reasonably priced. What else can I say about a memory card? It works...ok maybe adding the fact that when you want a decent quality SD card, make sure you have a good rating to support both taking pictures and video recording."
2.0,Highly disappointed with this card,"Highly disappointed with this card. Bought 2 and both had a read speed of 80mb/sec, but write speed of under 20mb/sec. So SLOW! Slower than my 3-4 year old 30mb/sec sandisk ultra which reads 40mb/sec and writes at 45mb/sec. I wasn't expecting top fast write speed out of these 2 80mb/s cards, but at least 40 mb/sec. 40! Tested it several times and simply can not write faster than 20mb/sec. Even dipped down to like 18 mb/s. Should've bought these locally for 3 bucks more. At least I can easily return/exchange them. Not even worth returning these."
1.0,Buyer Beware,"I purchased 2 cards in January and just now tried one in my cameras, of which I plan to use on my vacation to Europe. It does not work in either! I did some reading on this from Sandisk and found out that it may not be compatible with older systems. So, I reviewed the ad on Amazon and nowhere does it makes this statement, but does say that SDXC is compatible with SDHC cards. So, I thought I have one I will return in the original package and cut my loss in half. Guess what? The return policy had expired.So, here I sit with 2 cards worth approximately $50 I can't use. Thanks Amazon. Long time customer"
5.0,Great SD card with extreme capacity for my Sony Cam Corder,"SanDisk is a great name in memory devices, including SD cards and SSD's.  I have standardized on them since they always seem to work.  Recently, I lurched out of line and during a sale, bought a mini SD card from another brand, and it always pops up a message demainding it run a scan when I insert it into an external SD card reader on my PC.  So, I removed it and replaced it with another SanDisk."
1.0,Would NOT work in my camera!!,I was going on a trip and ordered three of these SD cards.
1.0,One Star,Just received item and doesn't work!
2.0,"Decent quality and durability, but hard to use on my PC!",I needed a new memory card to store my wedding pictures.  Here are some thoughts on each of the main features:
4.0,It is just fine for my needs as I am not a sports ...,"It is just fine for my needs as I am not a sports shooter or avid bird or extreme wildlife photographer but it is not the fastest SD card out there. I tested it using h2testw.exe, the write speed is about 20 mb/s and the read speed is between 24 to 30 mb/s so the advertised 80mb/s is either a marketing trick or it has been tested on a machine that is beyond my reach (my laptop is fairly new with 8 GB ram, SSD hard drive and so on). Considering the price it is worthwhile to have a few of these around pocket holes of your camera bag."
1.0,Do not buy this card to use with Moultrie A-Series Digital Game Camera!,"This card was bundled on Amazon as often bought with the Moultrie A-Series Digital Game Camera.  I trusted that they would not bundle together what could not be used together, but I was wrong.  When I received my order and read the manual, it specifically said NOT to use Ultra cards with the camera.  As the cards are not returnable, I am stuck with them and have no use for them.  DON'T GET BURNED ON THIS MISLEADING PAIRING."
4.0,"Works as Intended.  Decent Transfer Rate, No Operating Issues (or maybe one)","In a way, SD cards are kind of dinosaurs. Especially non-micro ones.  But, my car's audio system has 2 slots for them and I hate to see them laze around. Unfortunately, they only allows cards of 32 gb, maximum.  So, I bought these.  I was downloading music files from my phone to the SD card, through one of those multi-port adapters (which I have separately reviewed).  I filled the SD card to capacity in a couple hours. I can't say how long it actually took, because I didn't monitor it.But, it took much less time than I expected.  Somewhere in the transfer process, a few files were detected to be corrupt and I was asked if I wanted to transfer them. I suspect they actually were corrupt, as opposed to being given a false warning. Other than that, all the files transferred without a hitch and play in my car.  The only reason I didn't give this 5 stars is because, when I turn on my car's audio system and select the SD card, it first says there is an error and then takes a bit long to load the playlist.  I don't know if this is actually the SD card's ""fault"" but I don't have the same problem when it reads the micro SD card on my phone (which it does through a USB connection). But, in the interest of caution, for the purpose of this review, I will blame the delay (maybe 10-15 seconds) on the SD card. My biggest complaint is how hard it is to get the card out of the packaging.  The 3 stars for both storage capacity and value may be a bit unfair. I mean, if I buy a 32 gb capacity card, I shouldn't expect more capacity than that. But, if someone is not contemplating this purchase due to a device capacity limitation, 32 gb is kind of puny by today's standards and you can get a lot more storage for not a lot more cost, compared to buying multiple 32 gb cards."
3.0,DO NOT BUY THE ULTRA MEMORY CHIP!  Thanks Amazon,"I have not yet tried the camera because I also purchased the recommended memory chip.  Problem!-I start to read the instruction booklet that came with the camera and one of the first things it states is to NOT use an Ultra or other class 10 type chips!  ARGH!  Now I have to purchase another chip before I can even test out the camera.  I can, at some point use the  chip elsewhere I am sure, but I didn't need it.  I understand this is an Amazon problem not Moultie's so I hope someone from Amazon reads this and corrects it.  I'll give an honest revue of the camera as soon as I am able to purchase the correct chip."
5.0,My only complaint - it's very easy to misplace,"Ok first off, this SDXC flash card is wicked fast. I have been impressed at its read/write speeds quite often. I originally purchased this flash card for use in my Canon digital camera. 128GB capacity holds hundreds of hi resolution image files. I also sometimes use the card as a sort of backup storage drive in my laptop. Although it's a very fast and reliable flash card - the read/write speeds are are not as fast as other storage media used in computers. My only complaint - it's very easy to misplace. Several times I forgot where I had temporarily placed it. I ended up buying a flash card/media card storage case for many of the micro and normal size SD cards I use for my digital still camera and digital videocam."
5.0,Perfect for capturing pics on my Wii U,"My son kept pausing smash bros on cool screens, zooming in, and calling me to look at what's on the screen.  But he couldn't save those pictures, so I bought him this card.  We had to format it, using a windows PC, but that wasn't difficult at all.  You can just right-click the drive to bring up a menu with the format option on it.  And the Wii U recognized it as soon as I turned it on with the memory card in it.  Works perfectly, and my son spent an afternoon just trying to create cool pictures with Smash Bros."
5.0,Great Product!,"Great product!  Received genuine sandisk memory card.  I believe the others who received ""not the real"" product were from 3rd party sellers.  Card reads and writes fast on my Canon 77D.  I have not experienced any buffering while using this card."
4.0,Plenty fast,"When this came up as a daily deal, I debated whether to purchase it or not. I had always bought Sandisk Extreme Pro cards due to their known reliability, and the fact that they had never failed me before (I've got about 30 Extreme Pro cards between CF, SD, and microSD). There were also inconsistent reviews as to whether is the write speed was decent or not. So I pulled the trigger and bought one...hard to beat $18 for 128GB.  Anyway, got the card and ran a speed test. Looks like the large file writes are plenty fast, smaller files are slower, but I'm just using this for photography and have large 30~40mg files to write."
1.0,SLOW read write speed Not as Specified,"I purchased this to store videos and play it on the car DVD player.  First warning sign is that it takes to long to copy the file to the card then when I play the video on my player, it would skip or stop for slit second before continuing."
2.0,also it seems someone else may have purchased this first and returned as the top of the card looks like it had been filed down with a nail file ...,bought for a canon rebel xs camera. camera is about 8 years old. camera will not format the card. I was told by camera expert these may not work on older cameras as in my case it did not . also it seems someone else may have purchased this first and returned as the top of the card looks like it had been filed down with a nail file or something or something similar. so i order a different brand 16 gb card for 7.49 and it worked just great .camera recongized the 16gb card and camera did format it. So may not be your product just not compatible with my 8 year old canon rebel xs camera. wont buy again. i had purchased one before 32mb scandisk for my kindle hd8 i inserted the correct way and it got stuck in the slot. so i ended up giving my new kindle away and had to order a new kindle hd 8 all over again.
3.0,Updated my review,"I was looking for a higher capacity card for my trip, but since I won't be recording a lot of video, I settled for the 64GB SD card. I was able to format and used it. Have not encountered any issues and the read/write speed, without application to check the speed, was good enough for my use. My old trusty Panasonic DMC FZ350 was able to write to it very quickly.  The SD card reader I bought along was able to read the card and transfer the pictures, and a few videos I took, to my phone just fine."
4.0,Still testing (range etc.) So far this looks like a good value,"I.m still my first days of testing this system to see what the max. range is. I'll update as time goes by on durability etc. I am getting a good picture at 160 feet between camera and NVR, which I find impressive for this cost of the system. That's with no walls, and a clear line of sight. The manual seems pretty well written, compared to some, but does not match on some screen shots etc.. I may have a newer unit? Not sure. Software seems a bit glitchy. E-mail product support seems prompt (replies within about 24 hours).  This system will be monitoring a car gate, that we expect to have vandalized. We plan to power the cameras off our large 12volt solar gate power system, and the NVR in a home up a long driveway, so we will be pushing range limits. I read reviews before buying that stated this system had removable/upgradable antennas. This turned out not to be the case, which was disappointing, as larger antennas would have helped with range. Again, older versions may have had this option, but this one does not. So far I like the system overall and it seems to be a good value in its price range. We are very rural with no network, so I cant comment on the smartphone software. PS the included 1TB hard drive is the Seagate brand, and I have found these to be reliable in the past."
5.0,Easy to use for macOS installer disk,I got this particular card so I could make a backup recovery disk for macOS Mojave. I'll probably never use it as such because my primary recovery disk is a partition on the Seagate expansion drive I use as a Time Machine disk. I guess having a spare is like wearing a belt and suspenders.
5.0,Have purchased several of these.,"I have bought multiples of these and they are perfect every time. I like the 64gb size. I can take enough large images in a weekend to not quite fill up the disk. I was told by a photographer that they don't use super large SD cards because if you loose 1 card and it's really big and the only one you have, you just lost all your images. If you use SD cards that are smaller in size, if you use multiple cards, but only 1 of them gets lost, you didn't lose all your images. This has been WONDERFUL advice. I just don't want an SD card that is too small because I am also bad about emptying the card onto my computer quickly and likely will use the SD card a couple times before I empty it so I need a good size to hold images."
3.0,"were ""mostly"" good, clear pictures","I bought this to put into a trail camera that I bought at the same time as this.  I got photos (and some videos) to come up when plugged into the trail camera, but when I plugged the SanDisk card into my lap top, non of the pictures would pull up.  I also tried to pull up the pictures by inserting the SanDisk into my older PC, and still nothing.  The only way I could pull anything up at all was by plugging in the trail camera.  So, I don't really know if there is something wrong with the SanDisk, or if the problem lies within the trail camera.  What pictures I was able to pull up, were ""mostly"" good, clear pictures, I just can't get anything to pull up by plugging in the SanDisk to the computer."
5.0,Too good.,"I use this as my daily driver for my Nikon D3300. I can hold over 4000 4k resolution photos. I use it mainly to shoot 1080p video. I have not come close to filling it up and download speed from it to my computer are decent. It's actually too big for my needs. I shoot 5 to 20-minute videos for my youTube channel and I hardly ever go over 5 gigabytes. If I had to do it all over, I would have gotten a much smaller one but I won't take off a star since that's my mistake."
5.0,GREAT SD CARD!!!!!,"This SD card was a companion gift with a camera for my son for Christmas.  We didn't have any issue with it so far.  Just formatted it and he went off taking pictures.  The price was good when we bought it, not sure if it has dropped or not.  Prices seem to change every couple of minutes here on Amazon."
5.0,High Quality and great price,"I have a mantra when it comes to equipment that captures and stores lifetime memories......""Invest in high quality equipment you can trust"".  I can't emphasize enough how important it is to BUY RELIABLE EQUIPMENT! I have been given no name SD cards in the past and they just haven't worked!!!! I only use SanDisk memory cards because they work over and over again. I also think the price point is great too!!!!! I have been using this brand of SD cards and micro SD cards for at least a decade and know they are durable products that have lasted. No, I have never been paid or given free SanDisk product for a good review rating. I just trust their product and want to tell you it works well. Beware of fake products, buy direct from Sandisk or a known authorized dealers  of any electronic products!!!!!"
5.0,I recommend this brand!,"SanDisk are always my go-to SD cards when I am in need, I have one in my cell phone and this one was for my Canon DSLR camera that I just got.  It was very easy to just pop into my camera and worked great immediately upon inserting it into the camera.  These SD cards have never given me any trouble at all and are able to hold pretty much anything.  Great card!!"
3.0,Wonky write protect switch.,"It's an SD card, so it does what it says it should. Main thing with this series though is that defects do happen. With the card I have, the write protection switch is too easily switched. I usually have to very carefully insert the card into any given camera several times in order for the write protection switch to not get switched. With some cameras, it's impossible to insert without tripping the switch. Did not have this problem with SanDisk Extreme Pro, which I purchased many years ago and is still doing great."
5.0,Works well for me,"I bought this for my camera so that I would have lots of extra image storage capacity during a vacation trip on which I took a lot of pics.  Worked out fine and holds a ton of photos.  Only down side, no fault of the product, was that I bought this one partially for it's read/write speeds hoping to reduce processing time while taking pictures only to later find out that my (still current) Sony camera could not take advantage of these higher  R/W speeds."
1.0,?,i tried to update my camera Firmware with the same type SanDisk card (16 GB 80/s) and it completely failed! the camera did not see the .bin file at all.  what a royal waste of time to finally realize the card was somehow defective. once i used a new SanDisk 95 MB/s all updates of the .bin file updated perfectly. i can't explain it. i returned the 16 GB card to Best Buy for a refund and returned this 32GB 80/s MB Card to Amazon for a credit!
5.0,The usual high quality,"Bought this card for my new camcorder. I am a photographer and have been using SanDisk cards in my DSLR's for several years, both CH and SD types and they have always performed very well. This is my first foray in video. I just wanted to fool around with it a little so I purchased an inexpensive camcorder and this card. Tested both out yesterday. Both performed nicely. Will use them on my retirement vacation next year to shoot some companion video to go along with the photos I shoot of my trip."
5.0,Time for me to upgrade,"It was time for me to switch up on my SD card. I had been using an 8gb class 6  for the longest time and I was about to head on a trip so I wanted to make sure I had enough space on my card without having to switch out half way through a day. I like to take lots of photos but as usual, even though I used up my previous card, not all the shots came out the way I wanted so I would end up losing more time. So I purchased this 32gb class 10 and even with my test shots, I could tell the difference. Especially when my camera has a hd setting and all along I have not put it to its full use. Now I can and I am very happy with it."
2.0,BUYER BEWARE !!!  Plastic case is too thick for my Nikon P520,"After fighting to get the two cards out of the person proof plastic, I discovered that neither of the two cards will eject from the camera without something to ""pry"" them out. I have used SanDisk for years and never had this problem.  I contacted SanDisk Customer Service and tried to explain the problem with three different ""agents"" - they stopped the chat when I took too long to gather the info they requested (pictures of card that worked and picture of cards that didn't).  One requested the card numbers from the back .. which took a magnifying glass to attempt to read. Over all, a very unsatisfying experience."
5.0,"Works great, but wont increase video time on Canon t3i","It's a good card, but didn't meet my video needs on my canon t3i (No fault of sandisk). My initial understanding was a higher class card would increase my video recording time (and they can, but devices may vary if they have limits or are not a dedicated video camera) After further research, I found that the t3i has a automatic shutoff after 12 minutes of video. So the class of card doesn't matter as far as increasing video recording time is concerned on the t3i (you can still get multiple short recordings, just not single long recordings) the t3i wont go past 12min, but to my understanding this was bypassed on later rebel models and the video is split as its recorded. Other than that, it works great and holds a ton of photos."
2.0,Broke after 2 weeks,Worked fine for a couple weeks. Helped us keep an eye on the cat food outside to keep the raccoons away. Then the power jack on the back of the clock got pressed in while trying to hook it up like normal. It's deep inside the clock now and there is no way to get it out. Also won't run on the battery. And the battery is an odd kind that can't be replaced.
5.0,Need a large capacity SD card for your device?,The Good:
5.0,Perfect for Wii Retro Gaming system...,"Got this for my good old Nintendo Wii to use as a Retro Gaming system. Linux speed test show 25MB/s READ and 15MB/s WRITE with a small 10MB sample (see pic), should have better results with larger samples (1000MB). No issues with Wii Homebrew or Retro gaming. Works well with RetroArch 1.76 (MAME2000, NeoGeo), UAE Wii, Frodo, Wii2600 (Stella), Wii7800, WiiColEm, FCE Ultra GX, Snes9x GX, Gnuboy GX, Not64, NintenDONT, Genesis Plus and WiiSX emulation. Loads faster than the standard class 4 SD cards. NOTE: 32GB SD is only compatible with your Wii if you are on firmware version 4.3U. Good deal for under $9 for a very reliable SD card."
5.0,"Great card, crappy company","I had to buy this because I previously had a 64gb sandisk for less than a year that crumbled when I took it out of my camera. I spent 22 on that. Upon reading reviews, I found that quite a few people had had the platic of the card crumble for them as well. Customer service was absolutely no help and left me with no choice but to repurchase. I shoot in RAW so I like bigger storage space options and the 128gb was now 22 dollars, so I went with it. No complaints as it hasn't crumbled on me yet. The cards themselves perform wonderfully. The company on the other hand..."
1.0,Does not keep storage,"I've taken it out a few times to use with my camera. Each time I am prompted to reformat the card, annoying but ok. It erases everything before that date when you reformat so I made sure I saved what was on there. I then take about 20 pictures for a session but when I come home only half are on the card. The first 10 (after reformatting) have vanished and I am left with only a few of the last photos I took. This has happened all three times I've used it. I take property photos for real estate so it's really easy to tell when I am missing ALL of the interior photos and only have the exterior ones. Poor quality and doesn't do its job of storing the photos."
5.0,SUPER RELIABLE MEDIA,"SanDisk is the gold standard I've depended on for years.  I use these cards in my DSLR and also in my Zoom digital audio recorder when on location. I've never had one fail, ever.  On set and on location I need to not have to worry about my recording media, and I never have to worry when I'm using SanDisk.  I'm moving into equipment that uses SSD cards for storage, and I'm going to stick with SanDisk for that media as well."
5.0,I am super impressed with this memory card -- plus it is a great price!,"I take photos a lot on the side and was in need of a new memory card as I go through the others quite frequently. I was really excited to be able to find exactly what I needed through Amazon -- and at a great price! Since I have Amazon Prime, the item arrived to me very quickly."
4.0,Actually works quite well - some tweeks would make it perfect,"I have digitized over 40 reels of super-8 and 8mm film so far.  Results are very good.  The device works and works well.  It helps to have some mechanical aptitude as film requires careful placement within and under guide tabs.  Also, there is a feature that allows you to move the video frame so that the film image is properly centered in the resulting video and that process sometimes has to be re-done depending on the film.  Most of the resulting digital video is at a FAST speed, up to 2x the proper speed and this is something that has to be fixed with a video editor, such as Windows Movie Editor."
5.0,Quality card at a good price,"Perfect! You know what this is, from a brand you can trust! Don't buy generic no name cards, you will regret it. I have never, I mean never, had an issue with Sandisk memory cards. This is for your files you want to save and store. Pictures, songs, etc, so get this at a good price."
5.0,Doesn't Lag Like External Hard Drives!,"I've had it for about a week, and it's been great. I use it to store movies, pictures, and music."
3.0,Read speeds not as fast as labeled,"First thing I noticed when I opened the envelope is all the writing on the packaging was Chinese- Not a bad thing in itself, but makes me question it's legitimacy or if it's a fake sandisk product. So I ran a read/write test. Write speed was 12.4 MB/s (not too bad, actually exceeds the advertised write speed), and read speed was 62.5 MB/s (during the test the peak was 62.7 MB/s). So not too bad, but not as advertised- maybe my laptop's memory reader is bottlenecking it. I can't say yet if it is a good drive, I'll update if I get any corruption issues, but I'm a bit apprehensive for now."
5.0,Excellent quality,"No SD card is perfect, all brands have a percentage that fail but SanDisk is the best of the bunch. I use two in my Nikon camera shooting one as a backup to the other in case of a card failure which happens all too often during data upload to the computer. The write speed is fast and reliable. The cards hold up well in high or low temps."
2.0,Failure - Permanently Write Protected,"I use this SD with my camera daily which I then remove from the camera, insert into a Targus SD reader with a usb male, then insert into my computer usb port to download the images.  After about ten applications, the SD card converts to a permanent ""Write Protected"" mode regardless of the side switch which is in the unlock position for deleting data from the card.  This disk cannot be formatted to resolve this issue.  I had the same problem with the 32GB same SD card and that's why I purchased 2 more but at 64GB each.  Moving onto another company product."
3.0,The other two work great.,I purchased three of these for my trail cameras.  My computers say there is an error with one of them.  Nothing more frustrating than finding out a week of footage isn't able to be read.
5.0,Works as promised,"I use this card in a camcorder.  I wanted a class 10 card hoping that it would help with the video resolution.. for some reason when I record in 1080p the image just isn't as crystal clear as I want and hoped a class 10 card would fix the issue.  It did not but I now realize this is due to the camcorder itself and not the card.  The card does its job, and does it well.  No issues with the card, it worked as soon as I plugged it in to the camera and my PC recognizes the card immediately when I take my images off the card.  Worth the money."
5.0,16GB stores 3749 photos on 16.4mp camera,"16GBWorks great. Using it in a fujifilm xp120 16.4mp camera. The camera I have displays on screen that this card can store 3749 “normal” quality photos. If I change the settings to the “fine” (highest) photo quality it says it can hold 1188 photos. Not bad for under $10. Write speed allows me to take one photo a second just fine, which is pretty much as fast as this camera can take pics. My camera doesn’t have burst mode so I don’t have experience with taking photos that quickly. Would recommend."
3.0,High capacity but slower speed,"I got this to avoid swapping out cards in the middle of a vacation. With my particular camera, this card will hold 7000 RAW images. The only downside is its speed is limited to 80 MB/s, significantly slower than the 64GB version of the card. Panoramic and other high-speed photos will not work well - the card buffers too soon. But in terms of massive storage for a reasonable price, this will do."
4.0,"Great for use in trail cameras, and...","I purchased these memory cards to use in my trail cameras.  They are more than fast enough for 1080p hd video.  They come in retail packaging assuring authenticity.  And, the price is very good too, so I purchased an extra..."
5.0,Reliable as usual,"I have used SanDisk products for a very long time. As they say ""Back in the day"" when they were 512Mb. I have never had any issues with their storage products. In fact, I don't even by the warranty from Amazon for these. They have always been reliable. The main feature I love about this disk is that it has a locking feature to keep you from writing to them when you shouldn't. I am a little disappointed that it did not come with a plastic case like they used to. But as usual they are plug in play no formatting usually required for your device."
4.0,Be CAREFUL to remove onboard software (format immediately),"While I have no doubt this is a genuine Sandisk memory card, mine definately contained a tiny ""program"" (to communicate with the mother ship?); I have not seen this in the past on this particular item; it immediately changed my network connection non-destructively, which was remedied by a quick fresh erase and format. I really do not appreciate any vendor of electronics having unexpected software on board. Giving 4 stars only because I know the card itself  is good."
5.0,"hard to open even with scissors, but perfect product by sandisk as usual","you can not beat a good sandisk product - need I say more .. 128GB at under $20 is about right ( at least when I compare with pny at $15 equivalent in the UK ) .. USA people get ripped off with anything that meets UK/European standards and they pay nothing for junk that wont last long - This product is Sandisk and excellent :) 128GB is a good starting point these days - I use a few of these .. nvidia shield tablet, smmasung glaaxy S5 phone and Moto e5 play phone."
5.0,Works as expected and that's all I can ask of ...,"Works as expected and that's all I can ask of it. It's not incredibly fast, but no SD cards are. Used it for my 2DS for homebrew if anyone is curious if it will work with that, then I can confirm it will indeed work on both non-homebrew and homebrew-activated 2/3DS's."
5.0,Song storage for Uconnect.,"Quick read/write, durable, reliable, it's a SanDisk. Have 35gb of songs/albums on it. Works great with Uconnect, just format to Fat32 before loading it up. These San Disk Ultra's have been my go to for SD and micro SD cards. I use them for our digital cameras, game/trail cameras, mp3 players, and cell phones. I won't buy anything else anymore really.......and yes I have had other brand SD cards but a few went corrupt and I was unable to recover the data. Never had any issues with SanDisk Ultras."
4.0,"Good camera, don't buy the bundle Amazon recommends.","I'm writing this review to warn others about the bundle that Amazon recommends.  They have this camera and a 32gb SDHC memory card as, ""Items frequently bought together.""  This is what I purchased because you do need a memory card (up to 32gb) to record video.  Upon arrival I read the directions (which are very basic) and installed the camera in my vehicle.  I then opened the memory card and went to install it in the camera when I discovered that the camera doesn't take an SDHC card but, in fact, uses a micro SD card instead.  So the bundle that Amazon recommends you use is useless.  I ended up going to Target to purchase the correct card and have initiated a return for my now opened, but unused SDHC card.  As for the camera, it's incredibly light weight and mounts easily on the windshield.  I just put mine up but haven't had any trouble with the adhesive that's included.  So far, so good.  I gave it 3 stars on durability because I fear that it might not be that durable, but for the price I think it's a good deal overall."
5.0,"Rest assured, the data is on a SanDisk.","I have trusted SanDisk since 2004. I used this exact SDHC in my camera for a recent international trip. Frankly, you can't recreate these photos after traveling 7,000 miles and I need to sleep with the assurance the memory card is going to perform over there and back here. May I add that SanDisk products reside in my Samsung Galaxy and Sony audio recorder which also made the journey. A fair price provides me (and any user) with the reliability and experience SanDisk products offer. There are no ""do overs"" when recording images and audio. The storage of data or any audio-visual file is not to be taken lightly therefore SanDisk memory cards and flash drives are my go to storage provider. I have never been disappointed with a SanDisk device."
5.0,This works on the Wii U,"I'm only using this in a Wii U. I haven't not used it on in a computer or camera. As for the Wii U, it only works for the original Wii games played on the Wii U console through the Wii app. You can not save Wii U game data to it. I'm just happy that I was able to find a good card that works on that old console."
4.0,Quality cards for a good price.,"SDXC cards are needed for recording in Sony's XAVCS codec. These get the job done, and 64 GB is plenty for me. I have a total of 4 of these particular cards and love the read write speeds. I did have one of these cards fail on me however, so i knocked off a star for that. Cant complain to much though because it was mounted in a GOPRO camera"
1.0,I've Had 3 SanDisk Ultras that failed,I take a lot of pictures ... I don't typically erase my pics from the SD Cards and reuse the cards so I'm at a loss to figure out why three of my SanDisk Ultras (2-32gb and 1-16gb) failed.  I had to use a recovery software program to pull my pics from the SD cards.  I have other SanDisks and Sonys that are fine ... any ideas?  One is a fluke ... two is the beginning of a mystery ... three means either I'm doing something wrong or the SD cards don't like my camera or computer.
5.0,Rip CD's for Jeep playback,"The Jeep Grand Cherokee I recently purchased doesn't have a CD player.  Used this SD drive along with LG external DVD drive to rip my CD's.  Worked perfectly and I'm actually happier with playback as there's minimal delay in changing CD and the contents are displayed on-screen, where I used to have to remember which CD was at which number in the mult-disk player.  Also less stuff floating around and CD's are safely back in the house."
5.0,"Durable, Reliable  Perfect","OK , Its A Memory Card , plug it into the trail  camera , format  and it works  Uno Momento  !!!! , Then have it record whatever is decimating my bird feeders,  remove the card and lose it ."
1.0,Bad Disk,"I had purchased this Nov of 2017 and kept it in the package until I needed it for my camera. I took pics and video only to find out it was a bad disc and I am unable to retrieve the pictures off the card. I have never had trouble with any ScanDisk that I have purchased, and I use a lot of them."
4.0,Good card - quality product,"Purchased this SanDisk card for use in a digital SLR and was looking for good speed and image quality. The card does a great job for casual photography and holds a great many photos at high resolution, it is not the best for burst shooting though since it takes a little longer to record the image than some of the faster cards I’ve used in the past. Depending on your needs this may be excellent for you or you may want to go with something faster if you are looking for super quick writing time on the card."
5.0,Class 10 is Fast with Sony Camera,"I use these on a Sony DSC-HX350 (300 or 400) Camera. And they are very fast at storing the images. With still shots maybe a second and it's ready to shoot again. Even burst mode doesn't take too long to save. Maybe 20 seconds? Important note: I  have my camera set to NOT DISPLAY the photo it just took. So it is always immediately ready after it saves for the next shot.  Find that in the settings menu. I figure I can look later, not during the birds flying time."
5.0,I have purchased several of these....,"This has primarily used in my daughter’s Nikon DSLR 3400, my Nikon DSLR 5400, and both of my kids fire tablets. We have run into no issues with the card whatsoever! I love the price point of these on Amazon. This is probably the 6th one that I have purchased on here, and have never run into an issue."
3.0,"Normally SanDisk is my standby, but I got a defective card","Having some issues, and I’m not sure if it’s the camera or a faulty card. But despite formatting and all that, my Sony camcorder is now recording video to the card in 10-minute ‘pieces’. However when I use internal memory, this issue is non-existent. So I’m thinking I got a faulty card, however this issue popped up recently and I’m pretty sure I’m outside the return timeframe. Only time I’ve ever had an issue with SanDisk, so I’m sure this is an isolated incident."
4.0,Samsung's card is definetely faster,This card is really slow compared to Samsung's EVO Plus (64GB and 128GB). I use it on a Nikon D5300 (as it is recommended for it) and it takes forever to write the raw to the card. If I continous shooting it will take 1s for each picture (at least 5s to write everything to it). I changed to Samsung EVO and the buffer time is close to writing speeds I got with it. It will also take the double of the time to copy the photos you have to lightroom.
4.0,"Great SD Card, But Issues With Packaging","I continue to purchase SanDisk SD cards in both micro and regular sizes, but it is a real pain trying to open up the packaging to get to the card. I would bet there have been emergency room events that have had patients come with cuts from trying to open the shipping pack that these come with. I am including a photo of what I have had to go through to open to get at the SD card. I see most other SD card manufacturers also use this type of packaging."
5.0,WORTH IT!,"I researched memory cards & types a bit too much when i ordered this... i'll save you some time, just order this or any Class 10 SDXC Memory Type cards. It reads incredibly fast on my Sony Nex 5N camera. I was able to take thousands of photographs & hundreds of long videos on my honeymoon. This is just one review out of MANY reviews; however, i felt it merited the full five stars!"
5.0,80Mb/s is not a lie,I did test the speed of transfer of 1GB/s with some video files from this card using a USB3 adapter onto my 970 Pro SSD drive (very fast hard drive to not be a bottleneck).
4.0,Best memory card,"After talking to 'serious amateurs' and a few professionals, I have ceased to use micro SD cards in the adapters (to full-size SD cards) in my digital cameras. Apparently, there is a risk of data corruption, and loss of transfer speed whenever you use a micro SD card adapter. So I found these San Disk 16 GB SD cards with an adequate speed rating as a 2-pack. The pricing on these seems to be fairly level, so I chose this brand as a sort of middle-of-the-road selection. I have only used them one time, so this review is just based on initial use. The camera (Nikon) seems to tolerate them well enough, and I am able to retrieve the images. So far so good. I may update the review after they have been written over several times to comment on any longevity issues."
5.0,"HUGE TIME SAVER WHEN RECORDING VIDEO, SO WORTH EVERY PENNY","I got this card for my DSLR, which I use entirely for recording video. The much smaller card I was using meant that I was always running out of space int he middle of a video session, which was a total nightmare."
1.0,Did not work!,"We were planning to use this card to film our school's musical.  We had borrowed a video camera from our school's video department in communication services.  We opened the package and put this card straight into the video camera to test it out, and THE CARD DOES NOT WORK.  We called the person who we borrowed the camera from,"
5.0,Holds a lot of pics.,"Got it in a bundle with Nikon Coolpix L340.  Holds a lot of pics. If you are considering a memory card for your camera, be sure to get the high speed Class 10 card.  Otherwise, your photos will look less than perfect.  I like SanDisk specifically, because they have a space on them for a note to remind you what the photos are about, or a date range which is what we use.  We found this to be a perfect size for the amount of pics we take.  |There are larger sizes available, but unless you take a LOT of photos, you will probably find the 32GB to be the size for you.  Would rcecommend the SanDisk Ultra 32GB Class 10 at 80MB/s without reservation."
5.0,Improved Speed/Inexpensive Price,"It's amazing to me how much better technology is getting.  I had been using an old SD card for years and it worked fine.  I transfer photos from my SLR camera to my MACBook Pro 3-4 times a weeks, so I used it a lot."
5.0,"Sandisk , always my first choice","Sandisk products have been flawless for us. I highly recommend this and any products from sandisk. The only thing that surpasses their products is their customer service. So helpful with any technical questions I have had, even non related to the particular product I purchased."
1.0,Extremely Slow would not purchase for commercial use,"Photographer's if you're looking for a fast card this is not the one for you.  You literally have to wait about 8 seconds for the card to process the image so that you can view it.  I know that doesn't sound like that long, but when you have clients standing there waiting for you to view an image to see if it's good before you can move on it feels like an eternity.  If you are using this for personal use you're probably fine, but if you're running a photography business save your money on these cards."
3.0,It's ok for most standard card readers,"I don't think this is meant for all card readers, as the speeds they advertise are pretty much BS unless you have a dedicated reader specifically to get those speeds. You'll only see about 15-30mb/s speed tops. I purchased it for the 80mb/s and I'll likely never see those speeds in real world. 32gb is a decent size, the card looks nice, and sandisk is usually pretty reliable."
5.0,Worked with older Raspberry Pi as boot disk,I purchased this to use on a Raspberry Pi 1B computer as the boot drive.  I was able to install Raspbian stretch on it and boot from it.  It seems to work well.  It booted that version of Linux an the Pixel desktop with recommended applications.  So all went well.  Be aware that this will not work with the newer 3B and 3B+ because they use microSD cards instead of this full sized SD card.
5.0,"""SSD like"" performance for vintage PC","Used it together with a ""Aneew Secure Digital Card SD to 3.5"" 40Pin Male IDE Hard Disk Drive Adapter"" to speed up and have more silence on a Pentium III, 440BX chipset based vintage system, which only has IDE interfaces."
5.0,Music Music Music!,"I bought this to add iTunes music for my VW SD slot. I don’t always want to use CarPlay or Bluetooth, yet still wanted to listen to my iTunes library while driving with the same ease of use as the radio or CD. I was able to drag and drop my iTunes library to this SD card on my Mac, and then plug and play the music in my VW. No fuss, no tricky file conversion. If you want this for music in a car that supports SD, this is your product!"
5.0,"Great card, will never buy any other brand.","I will never buy anything but SanDisk SD cards, I have had many other brands over the years fail out of no where, SanDisk is the only one that actually cared about the product to replace it.  And it has a lifetime warranty, that right there is worth the little extra cost over other brands.  I have used the warranty once on an older Micro SD card and I mailed it out and a few days later I had a brand new card mailed back to me, not really a big hassle."
1.0,Stay away for corrupted well before it was even close to full,Card got corrupted during a international trip. Almost lost all of 1000 pics and videos. Would NEVER buy this again as it was almost a disaster. Cost me time and money to recover as many images as possible.
5.0,Amazing Storage and Quality Retention,"I use this Memory Card in my camera that I take thousands of pictures on. Originally when I was only working with 16GB of space, I would have to worry about how many pictures I could take after only 600 Pictures. With this 128 GB of memory, I no longer have to worry about how much space I have in my camera before I head out for my photo-shoots. This provides me with the confidence that I didn't have when I was working with my old 16GB Memory Card."
3.0,Side lock on the card slips into the locked position,"I purchased two - on one, the lock on the side of the memory card will not stay in the unlocked position. It's an inconvenience when trying to load in your camera for normal shooting but a major issue when changing fast for a commercial shoot. I taped the lock and moved on ... probably slipped thru quality control but it is an issue. Otherwise the product works as described."
5.0,Perfect for my camera,I bought a new camera and wasn't sure which card to buy.  I read other reviews from customers and it led me to this product which is perfect for my camera.  I am glad I made this purchase.
1.0,Got a bad SD card.,Well...went out did a photo shoot and viewed the pictures on my camera ... got home and inserted SD into computer and all of it was gone! Seems like i got a bad card. I did recover a few with a program. But not all. Kinda nervous to try another card out . I’m tossing this one but I have two more in their packages still.  Not sure I should give them a try.
5.0,SanDisk 32GB Ultra Class 10 SDHC - THIS IS NOT FOR A KINDLE!!!,You know how Amazon combines reviews for similar items?  Well I bought these for the purpose of using them in my kindles at home as the reviews on here said the cards were great for kindles.  Looking back now I can see the reviews are all aggregated together so I was looking at a review for a smaller card.  The SanDisk 32GB Ultra Class 10 SDHC is too big for a kindle but I did end up using it some other electronics so it's not a total waste.
5.0,Zero problems - thousands of images shot,"Used in a Canon T3i, I've taken literally thousands of images, formatted the card multiple times a week between events and had zero problems.  Records 1080p HD video with no dropouts or stutters or failures.  Excellent card, excellent quality."
1.0,"works for only a few weeks, DEFECTS","its pretty great, for the first week or two. then it'll start getting defects and being unreliable. its maybe 1 out of 7 days a week that it works with no trouble. every other day, it wont stay connected and whatever software youre running or files youre downloading will be stuck in this thing while the computer pretty much just says ""drive disconnected, drive connected, theres a problem with this drive, drive disconnected"" and so on."
5.0,I will probably reorder this one soon;  I ordered the second one.  UPDATE: now the third one.,The photos look clear and in good colors.  The speed to upload images to computer is fast enough.  I will probably reorder this one soon.
1.0,Buyer Beware,"I purchased this memory card for my camera for my trip to Iceland. I had bought a new camera so that I could take nice photos not just ones from my cell phone. Everything went downhill after this memory card arrived. My once perfectly working camera stopped working once this item was inserted. After visiting 2 camera repair shops it was determined that the memory card itself was corrupt. This caused the camera to no longer function. The 400.00 brand new camera is now a very expensive paper weight after this product was used. To top it off Amazon blew off the issue when I contacted them. Don't waste your time, it's not worth the chance. I had never heard for memory cards that could be corrupt until this, which prompted a few Google searches and well as questions for the camera repair places. Buyer beware on this item."
5.0,Perfectly Working,"I was a little concerned about the newer SD cards not being as durable as those made even three years ago. Well, the SanDisk 32GB Ultra Class 10 SDHC UHS-I Memory Card Up to 80MB, Black (SDSDUNC-032G-GN6IN)  works fine and perfectly well. Good Quality, good performance, and I've filled it a few times already and transferred data and used the heck out of it with multiple devices, too."
2.0,Corrupt sd card on vacation,sd card became corrupted on first time using on vacation I did a road trip across USA the last day card corrupt the card was about 2/3 away full. Long store short I lost a lot photos but not all and you get what you pay for this is trash now I will never trust it
5.0,Works great in my Nintendo 2DS,"I got this to go in my Nintendo 2DS. It did not even require any formatting as it was already formatted correctly. Just had to move the files from the old card over and viola, ready to go!"
1.0,This doesn’t last!,"I’ve had this for less than a month, and it won’t work. All my other cards work fine, so it’s not my camera. I’ve used this card and it’s worked fine in the past and it is the correct size for my Canon Powershot. For all the camera junkie trying to purchase this and are laughing at my review, yes...I did clean the gold things with only cloth with still no avail. When I put this in my camera it just says “Memory card error.” Not worth the money for the couple weeks this lasted. Good thing I download my photos after every event I attend and take pictures at, or my photos would be lost on this unworking card."
3.0,Not as fast as I had hoped,This is a decent product from SanDisk but I wish I had gotten the 'Extreme' model with the black label (instead of silver). I take a lot of action shots and I bought this hoping that the 80MB/s would allow me more continuous shots to be captured. And I was wrong... My 2 year old 45 MB/s 'Extreme' allows way more continuous shots than this card. So obviously there was something I didn't understand. But I'll make lemonade and consider it a great and compact tool for storing pictures.
5.0,The Perfect Memory Card for Filming HD Video with a DSLR,"I'm using this along with my Canon 100D DSLR. SanDisk Ultra is the perfect speed memory card to ensure my videos don't have any framerate problems. For stills only, you can save a few cents by going with the regular SanDisk memory card (the blue one), but this is a must if you are filming HD video."
5.0,Great value in a speedy Class 10 memory card,This is a review of SanDisk 64GB Ultra SDXC UHS-I Memory Card SDSDUNC-064G-GN6IN
5.0,"Works as described, great memory card.","It is what you expect of a SanDisk, works well. I use in my Canon 500D T1i it is the largest and fastest kind of card it will accept. Good transfer rate."
1.0,I don't recomend buying these seperatley from the product that you are buying them for,"You can't return these, I don't know why sellers are allowed to refuse returns on these sim cards, but they do it all the time. It is wise to label them defective in order to get your money back. Yeah, I know that seems unethical, but so does not giving someone their money back for an item they want to return, open or not."
1.0,My experience,"I don't really know how to review it. You should know I have bought many at Walgreens and CVS. I put this in and it said it was full. Which is hard to believe so it may just be defective. I don't have time for returning and such so I just took it as a loss and I'll buy the next one at Walgreens. I think it was an isolated incident, but that was my experience. Thank you for asking."
5.0,Very fast SD card,"In my USB 3.0 SD card reader, it can read images and other larger files at a rate of around 90MB/sec. I dumped a full 40GB of stuff off the card and never once saw it drop below 85-86MB/sec. I've had it for several months and use it constantly with my camera to record video and audio. Never a single corrupted file or failure."
5.0,Great Value,"Fantastic! Great speeds, excellent write-ability, great price for the amount of storage. I use it for my Sony Alpha 5k and it works exactly how I want it to. Had it almost one month now and it works great. Also nice that I can take it out and put it right in our printer and scan a document right to the card and put it back in the computer"
1.0,Junk!,"JUNK! My brand new 64 GB card doesn't get recognized by my MacBook Pro, nor gets formatted by my Nikon camera. The camera gives me a message to insert a new card. I bought several other cards like this one at the same time and they're fine. I wonder if these cards are counterfeit."
5.0,Really like SanDisk products,Bought this to use in a camera. I was concerned cause camera said 32X max but this worked just fine. I like that I'm able to take it out of camera and take to store to print pictures. I've bought SanDisk memory cards for several of my devices and have not regretted it at all. When I need a new card I look for SanDisk.
5.0,You can't be too prepared with pictures.,"This is the biggest disk I have for my camera and it really has a lot of room. I can hold more than 1800 pictures in RAW mode.  I have other back ups that are smaller but I can capture 4000 or more pictures on the disks that I have.  If I need more room (and I don't picture that--pun intended), I'll just pick up another 32GB disk.  This has expanded my carrying capability by 2 and for my needs, it works great!"
5.0,Decent price,"Too big for my needs, but I bought it for my camera. At the best picture setting I should get 5,000 plus photos on it. Right. The most I took on a four day trip was 800.  Usually around 150 ~ 250 for a weekend camping, skiing, shooting or travel. Good spare and I still use the few 1 gig cards I have. They hold 250-300 pictures, but not as good colors, especially greens."
5.0,SanDisk 32GB Ultra Class 10 SDHC,The card arrived in perfect form the packaging was not damaged. The SD card worked flawlessly. I was able to load pictures onto it with a a lot and I mean a LOTTTTT of room left for future picture loads. The SD card is a gift for a digital picture frame and it was instantly accessible to the digital frame. Great product.
1.0,Failed,Very disappointing
2.0,"It slows down with use, no idea why","Used a 32 and a 64 gb for professional work, for some reason, almost after the same amount of use, they both slowed down. At the beginning I was able to record video with a Canon 6d, now the buffer gets full in 1 minute of recording. Feeling the same slowness with pictures as well, buffer fills up easy and camera doesn't click anymore. I format after each job. I will try to format in other way, maybe with the laptop. Will contact customer support. If you know how to solve this please feel free to comment.."
5.0,Great for Video!,This card is great.
1.0,Buyer beware,The recommended video card for my new camera is obviously not the right one- twice the size and won't even fit the slot! Amazon offered to send another one EXACTLY LIKE IT- not helpful! I now own a wildlife camera that I can't even use. This is the sloppiest experience I’ve ever had with amazon in over 20 years.
5.0,Enough storage and speed ...,"This flash card was bought for a small video camera -- and is ""big"" enough and fast enough to keep up with 1080p videography."
4.0,Good for iTunes movies,"There were a couple of my movies on iTunes, that could not save to this memory card. Only two out of 50 that I tried though, so I guess it worked out pretty good. I just have to save two movies to my actual computer instead of the memory card. I’m doing this to back up my Movies, to have access to them overseas."
1.0,This is Pure Chinese JUNK,The company sent me a new one after returning the original. I have had nothing but minor issues with it from the first day I installed it. Now again its DEAD  tried the new batteries. Nothing revives it .
4.0,Happy Happy Joy Joy,"Happy Happy Joy Joy! It was just as it was advertised, so it gets four stars, what else is there to say! They would get five stars if they went above and beyond what was advertised and expected."
5.0,Stick with Amazon...,I have purchased several of these cards from Amazon because they are very reasonably priced.  They function very well.  I recently purchased some SD cards from another online retailer thinking I was getting a great deal. The cards turned out to be corrupted.  Don't be fooled...if something seems too good to be true it probably is.  I'm sticking with reputable retailers like Amazon.
4.0,Great little camera,"First it's a great little camera that covers the bases when needed for traffic recording. The attachment was a little loose on my windshield but it was a quick fix with other mounting materials easily acquired (I actually am using a Velcro attachment). For the money the options provided its more than worth the money, I have been using it for a month now."
4.0,No case ?,Disk is fine but what happened to providing the little case that comes with it? Is it too much to ask for the company to spend 3cents for a case to protect your disk?
