ratings,rev_head,revs
1.0,I bought this for our 1st real vacation,I bought this for our 1st real vacation.
1.0,defective SD card,"This is supposed to be a good SD card. I lost half of my photos and videos from Disney World because of this card. I have the Mirrorless Sony a6000. I had to send it in because i thought the camera was the problem but it ended up being the SD card. Every time I took a video, it was slow to allow me to take pics (15-30 seconds), and deleted all the pictures that were taken immediately after the videos. It was slow to process anything. Thanks to amazon, they refunded me the money for this garbage."
5.0,great cards,I have reached advertised speeds on a built-in card reader and a newer digital camera but there are a few things anyone should know when choosing a card.
5.0,"Sandisk 64GB SD Card Failed After 13 Months, But They Replaced On It On Warranty Free of Charge.","The Sandisk 64GB SD card worked fine for 13 months and then developed an i/o error resulting in total loss of ability to transfer files to or from the card.  I have contacted Sandisk for replacement by terms of their warranty. They require purchase records (thanks Amazon), card serial number (infinitely small on card back side) and photos showing the legible serial number. After submission of initial requirements they ask a series of additional questions.  If Sandisk upholds their warranty with a replacement SD card, I will update this review."
1.0,Watch the sku codes!!!! Wrong 4 times.,"Soooo.... there are 2 versions of this card, one with v30 and one without. Without is older. That is the one listed with this review. It costs on average $40 more than new ones. So if you need the newer cards, you are paying far more here. If you knew it than check and I bet you got the v30 version. My particular situation requires older model cards. On 4th try I even had the rep repeat to me the sku I wanted. BUT!!! Whomever put the bar code over SanDisks sku code put the wrong one on, the sticker is right until you look at the box sku."
1.0,Possible fraudulent card...appears not SanDisk as labeled,"Possible fraudulent card. Read on. Malfunctioning and past return deadline. I was traveling and didn’t use during time to return. Now, trying to save to card, and says file is too big. Checked storage available and file not too big; and, not locked. Went to SanDisk to register so could request replacement. Directed to find serial number on back of card...NO SERIAL NUMBER!!! Buyer beware!!!"
5.0,A MUST HAVE for wedding photographers.,"My Nikon D7000 has two card slots. I had a Kingston SDHC 16GB in the second slot and the Extreme Pro 32 GB by Sandisk in the first slot. Unfortunately, I only owned ONE Extreme Pro because I could not justify spending that much on a card but I had a whole pocketful of those Kingston 16gb ones because they're only $11.00! In my mind I thought; ""16 gb plus 16 gb is 32gb. Sandisk 32gb card is over $60bucks but two of these Kingston disks will total be one third that price."" It's great reasoning for a person who wants to miss 1/3 of the important shots."
1.0,For good.,"When I'm shooting, reliability is a 100% requirement. It is not a suggestion, it is not a fancy word I bandy about for a giggle. It is Required."
4.0,Works like a charm in my Canon EOS Rebel T6!,I purchased the SanDisk Extreme Pro 64-bit with reading capabilities of 95 megs which is a lot faster than the original flash memory card which was 64-bit however it was only roughly around 50 megs and I use this for my new Canon EOS Rebel T6 camera. As I was trying to do videos the camera would mysteriously shut down and because of the high graphic nature of the videos the memory card that I had was not reading the videos fasten off and it would force the camera shut down. I haven't tried the video part yet but I did manage to play around with some features when it comes to taking photographs where before it would hesitate or get stuck taking a picture and now that is not the case it seems to work really fast. So it is my thinking that it will work fine. If you have a newer camera that has 1080 P or high-definition video capabilities you definitely want one of these that says extreme pro-simply because it would be fast enough to read the high-definition video.
1.0,Poor Quality Construction,"The cards performed well in my Canon 70D for 1-1/2 years. Then, about a month ago, the top left edge above the lock broke off. I thought this was just ""one of those things,"" but the same thing happened to the other card today. Fortunately, I got all of my photos off the card before it crapped out on me. I have used this style of card since the first MMC cards came out in the early 2000s and I never had one physically break like this."
5.0,Good for a lot of photos and video,"I'm a reporter. Have been since 1982. That means nothing of course. It's a dying trade as my father told me when I got into it. I started writing and shooting. I souped my own film that I bought in bulk and printed my own images. I rarely shot color. As I advanced in my career, I'd bring along an actual photographer. I was always a better writer. But the industry is no longer viable. I have gone back to working at a weekly like another of one of my close friends from college. We shoot all our own art and write mostly sports stories. I shoot from 300 to 900 images on a game. Then I sort through them. Sometimes, I have to shoot multiple assignments without downloading any of them. This little card crams so much data into it's little confines, it blows my mind. I got it because last year, I got roped into doing video with my Canon 7D Mark II of an induction ceremony into an athletic hall of fame. I nearly ran out of space and battery life. But I finished the assignment. I was so stressed that I didn't eat the free food. And I had a 32 GB card. I got two more batteries and this card. I've never had problems or anything to complain about. It holds up to daily use. Of course, I try to be careful and treat it with respect. No problems. Love it. Don't love late night assignments though. Ugh."
1.0,I was sold a counterfeit,"Please do not buy this item. I wasted $100 on a fake SD card. The one on the left is the one I bought here and it has a yellow lock which is 100% proof it's a fake, and the sticker doesn't even fit the molding on the card. My camera  does not allow me to record and stops right when I try because the SD card isn't a counterfeit. If the text is darker, it has a yellow lock tab, doesn't fit the molding, and doesn't record, it's a fake. I asked a video Facebook group and they about 20+ people laughed about me because I was a sucker who bought this counterfeit. The picture the buyer is showing has the original grey tab because he's using the real image so he can sell you a fake one like the one to the left of my 64GB in the picture. I don’t want the same to happen to you when you buy this."
1.0,"I've since bought a real one in store at a real camera shop and it's a wonderful card, too bad the originals were fake little ...","The ones I received were fakes. DO NOT ORDER frustration free packaging, they are almost certain to be fakes. They worked for a second before crapping out almost immediately, and the pictures don't save. I've since bought a real one in store at a real camera shop and it's a wonderful card, too bad the originals were fake little plastics. Frustration free packaging is a horrible idea, pay the same price for opened memory cards?? I ordered mine a while ago as backups but I tried them out and realized I've been duped too late to return them. Lost some good photos during a professional shoot."
5.0,Works extremely well for SONY alpha camera,"I purchased this SanDisk Extreme PRO 128GB UHS-I/U3 SDXC Flash Memory Card after careful indepth review and research. I compared it to other SanDisk products as well as other brands to make sure that I chose the right one for my use. This is used in a SONY A7r SLR camera as a memory device. The 128 GB storage capacity is plenty to keep me shooting photos for days. The write speed as well as the read speed is sufficient for my needs, although, when I want to view the photo right away after having taken a shot, it is not immediately available. Admittedly, I find myself being impatient and looking for immediate gratification. I shoot in RAW format, so it is to be expected that the camera and the memory disk will take half a second or so to store the photo."
2.0,Failed after 3 years,"Purchased 2 64 GB Extreme Pro cards (95 MBps speed) in May 2015. One card is still working fine, the second card worked fine for 3 years and has now failed. I have 20 or more SD cards spanning 10+ years, this is the first card that has failed. No trauma, nothing out of the ordinary, it just decided to be unreadable. Also cannot be reformatted, so basically the card is dead. Tried FAT32, ExFAT, NTFS, in all cases Windows reports the device as having 30MB capacity and fails to format the card. Disappointing, I've been using SD cards as a backup medium for years (I copy files onto my NAS and/or Cloud and put the SD cards away as a last-ditch backup). Three years probably meets or exceeds the product's warranty so 2 stars may sound harsh. However, as noted I've used many SD cards over the years without fail so to me, this card has a potential reliability issue."
5.0,It works flawlesly on my Samsung NX1 despite this camera puts any card on its limit due to its high video quality/speed,"It works as expected. Perhaps the best test is to use it recording a video at 4k with the stabilization set ON, with a Samsung NX1. I have tested several memory cards and most are not able to cope with the speed and amount of data that this camera delivers. At some point you loose some frame or finally the camera ends by reporting ""memory card failure"" (even with the most pricey and high-end models rated as 300 mb/s)."
5.0,Fast is good; with RAW images it's essential...,"Getting fast SD cards for your digital camera is relatively simple here on Amazon or even at your neighborhood drugstore these days. You just look for the Class 10 rating on the card or the package, insert it into your digital camera and format the card. It's that easy. But if you have a digital camera that writes RAW images to the card, the storage time can take much longer, and for those cameras that are equipped to write RAW images, you might want to consider a much faster card."
5.0,"Avoid ""Frustration Free Packaging"" at all costs!","I recently bought another SanDisk card that seemed off, black housing and only ""MADE IN CHINA"" stamped on the back, no SanDisk logo or serial number. I ran a speed test and on the card that was rated for up to 35MB/s it maxed out at 10MB/s read and write so I contacted Amazon and they made it right. That made me curious about this card that I had already had for over a year. So I tested it and being rated for 95MB/s I get 17.2 MB/s write and 19.2MB/s read."
1.0,FAKE SD Card DO NOT purchase,I purchased this card to have a local backup on my laptop. After about 6 months the card stopped working. I run my own IT business so I tried the card in a different reader and it didn't work. I contacted SanDisk to warranty the product. After sending pictures to them they determined the card is a FAKE. THIS IS NOT AN ORIGINAL SanDisk card. I attempted to contact the seller and they never responded. I contacted Amazon and thankfully they stood behind the card. AGAIN SanDisk the supposed manufacturer is NOT SANDISK.
1.0,"new sandisk unreliable and lifetime warranty is BS, not honored",I wrote for warranty request/exchange a month ago and no reply. complete radio silence. this thing has been giving me intermittent unreadable errors for months. I've previously owned 6 or 8 different 2gb thru 8gb sandisk sd cards and they were perfect for years. seems to be since western digital bought them out... bummer
5.0,Good product.  Does just what it is supposed to do.,"I haven't done any computer benchmarking or anything of that sort with this memory card. I don't believe that those sorts of tests reflect real life use, since a sequential read/write is relatively uncommon, and you're never writing bunches of tiny files all the same size. I have found, however, that real life performance is beyond what I am able to put this card through."
5.0,Should be standard kit for the Sony A7RII,I've always preferred SanDisk's memory cards.  All the years I've used them in my cameras (SD or CF) I've never had one fail.  This 32GB ExtremePro works perfectly in the Sony A7R MkII.  The buffer clears quickly (14-bit Uncompressed RAW) and single shot previews pop up immediately.  For a short time I was using (out of desperation on a shoot in Egypt) a Kingston 16GB SD card.  It was a 45MB/sec card that made the whole camera feel like something from the early 2000's.  Even a single shot would take 5-8 seconds to become available to preview.  The massive demands the A7RII places on memory cards makes it almost a requirement to use the SanDisk Extreme Pro series cards if you don't want to wait for images to write out.
5.0,Works fine with good customer service,"Had one SDXC card but think the speed my not be fast enough for D750 raw shooting especially with continuous shooting mode. Ordered this one on Amazon. Totally a piece of Junk. Not only the one I ordered could not be used, when it was inserted, the older one used to work in another slot did not work any more (Nikon D750 has two slots). Called amazon about it, they suggested to send me a replacement. Received the replacement in two days, works fine. The older one on the other slot works fine with this one too. With Nikon D750 continuous RAW shooting, it can take up to 9-12 photos without showing significant delay of shutter. Good enough for my use."
5.0,Works as promised,"Working great. Seems to load and accept the fast burst of raw 24 mp images at about the same rate as my older SDHC card, however. What I mean by that is that when I select high speed and and start shooting non stop, the camera will slow down the shots after about 12 shots or so. It did that on the old SDHC cards and it does it with these also. The amount of data being transferred into the card just backs up and so slows down the shutter (Nikon D610). Wait a second or two and it gets right back up to speed. This has almost never been a problem in practical use. I suppose if I was a professional sports photographer it might, but when I do even surf shots and stuff, I am just not burning through that many shot so quickly that I would miss anything. I also tested on the high resolution video and no problem."
5.0,"Huge capacity, fast write speeds, high quality brand","Huge capacity, fast write speeds, high quality brand.  Its a perfect match for a high-speed action camera like my Canon 7D Mk II.  Read speed is also fast but that's irrelevant for my use.  I want write speeds that keep up with my 10fps capture speeds.  I can wait a few minutes to upload the images to my computer.  If I didn't need the write speed, I would buy a slower, cheaper SanDisk card.  I also want a card with this capacity so that I can shoot all day without having to switch cards.  Physically handling a card is the most dangerous part of a card's life.  I've never had a SanDisk card fail in use, but I did lose a small card once when I had to change it in the middle of day-long shoot."
4.0,"Fastest I've found, but not the most reliable","I have the Lexar Professional 600x - Lexar's nearest equivalent to this - and in my tests both in-camera and in-computer the SanDisk is a bit faster for writes, but about the same for reads.  In a D5200 it translates to ~10% faster continuous shooting speed (when the buffer is full)."
3.0,Good SD card...,"It's pretty quick and has lasted a long time for me.  Now I just keep an eye out for deep sales and buy 32GB or 64GB cards.  You're paying for the words ""Extreme PRO"". it is good but if you are a serious photographer, wait out the sales at best Buy or B and H, etc."
4.0,Excellent product but.....,"07/11/18 - Great product from past experience. Big issue is when my orders are delivered, they never ever ring my door bell even though I had requested it numerous times. So, this SD Card sat on my porch in the scorching heat for hours (100F feels like 110F) & visible to anyone passing by due to the large white padded envelope-It could have been stolen. If this memory card is corrupt due to exposure to the extreme heat (we’re in a heat advisory today in Kansas), I will send it back to Amazon for a full refund.  I hope Amazon reads our feedbacks and solves customers issues. Time will tell."
5.0,Make sure you know what you are getting,This is a wonderful card that can work in below zero to hot humid climes. But make sure your camera can utilize its potential.
5.0,Fast and reliable in my D7200,"Fast, fast, fast, and did I mention fast. I needed a card that would allow transfer of a 35MB RAW format picture from the camera’s buffer to the memory card within 1 second for star trails and time-lapse movies. This card handles that task with time to spare on my D7200."
5.0,Excellent quality card!,"I got this card because I needed a faster writing card for making videos with, and it works quite well for me.  I can shoot 4-5 different short (10-20 minutes finished) HD videos before the card fills up.  It reads and write as fast as my card reader will allow, and has stopped all the errors my camera had with slower cards in the class 4 to 6 range.  I went with SanDisk after reading some great reviews comparing speeds between different cards to see which met their claims best from BHPhotoVideo, but bought it here on Amazon because it's always a better deal.  I also went with SanDisk because I've owned their cards for over 8 years and none have ever failed be beyond not being fast enough to keep up with the demands of video.  I continue to use my old cards for still photographs often, so I know this one will last through the years too."
5.0,Best value at 64 Gigs!!,"I ordered this with frustration free packaging and works great. Got the great speeds with my USB 3.0 reader.  For those who are wondering about ""fake"" cards.  Long as you get it directly from Amazon you will be fine.  Mine came in a small cardboard envelope with the usual SanDisk and Amazon logos with a sticker about the product.  I prefer the frustration free packaging as who wants to deal with PITA plastic container for a small item?  I don't."
5.0,Definite Performance Increase in the Nikon D800 & D7100,"For reference, the Extreme Pro 95MB/s 32GB that just arrived from Amazon today benches in ATTO benchmark at 1GB setting with speeds of: 81MB/s Write and 90MB/s Read using a Kingston FCR-HS3 USB-3 card reader, Win7 64-bit on a DELL XPS8500 i7 3.4GHz using SSD drives. For comparison, the dual-pack of Lexar PRO 400X 32GB cards get: 43MB/s Write and 86MB/s Read. But to be fair, these are only 400X for use in my D7100 (Primary & Backup),"
5.0,Best SD Card I've Ever Owned; Lightning Fast!,"This card is pricey, but is lightning fast.  I recently went on a 10-day foreign hiking trip, and our guide put together a video slide show at the end to give to all of the hikers.  He copied the file from his PC onto SD cards we each gave him.  For most of the other hikers, it took a few minutes to download the video onto their SD card.  For me, it took a few seconds!  The guide was blown away with how fast it was, and said he was going to out and buy one of these cards right away."
5.0,Great card but if you're shooting raw at pray and spray speeds with a fast-moving model I'd go for the next size up,Finding that my camera had a small buffer when shooting raw and JPEG this SD card at these extreme speeds becomes a necessity for repetitive high-speed shooting but at 18 megapixels this size card at 32 MB will fill up fast if you're a pray and spray photographer like me so I recommend you can getting the 64 GB version if you can and if they ever come out with 128 GB version and you're at some type of festival I'd buy that version at this speed. Because after I bought this sized card and started shooting model photo shoots were I had the models just go and move as they please pretty much I found out that I needed a second card.
5.0,Extremely happy,"Very Happy with this purchase. I have never ever used an extreme or extreme pro Sandisk before, or any other pro style memory card. I only used the basic because the camera I had, which is very old, wasn't of high quality and the work I was doing was very amateur stuff for my own hobby ."
5.0,The best SDHC card to have right now., I was deciding between these two SDHC cards for my Nikon D7100:
5.0,Blew My Mind Performance!,"I purchased two to use in my Niko D7000.  I have to say, I am beyond impressed with the performance."
5.0,Excellent storage expansion,"Excellent storage expansion for HP Streaming Notebook (insert into SD card port). In addition to data storage, many programs can be installed to and executed from this card. For better organization and to separate data from programs, create an ""SD Programs"" folder for these installations."
5.0,I purchased 2 SD cards for a recent trip and was well pleased with them,"I mostly use SanDisk brand whether for SD cards or compact flash.  I purchased 2 SD cards for a recent trip and was well pleased with them.  The 95MB/s speed was recommended for the 7D Mark II, and the 32md size is adequate for my needs currently.  I haven't taken any videos since all my grand children got big enough to walk.  However, that may change as they are becoming more proficient at basketball and pitching a softball."
5.0,Reasonably priced top of the line product from a brand name.,"I researched quite a few high speed SD cards that were U3 speed for use in a Sony AX53 4k video camera. Of all the ones out there, this card provided the best 128GB card in price to performance ratio. I'm sure the price on these will start to come down drastically in the near future as higher capacity 512GB cards become popular. Thus far, I have recorded over 3 hours of 4k video on 2 separate 128GB cards. Both cards worked flawlessly. Write speeds are top notch. I was able to record 4k video at 60frames per sec without a dropped frame. No issues with audio and video sync. Copied the video using a built in USB 3.0 slot on a mac. Transfer to SSD drive was fast and without issue."
5.0,Great card!!,"So far, this card has all that I needed. Size, speed, and reliability! Definitely worth the money."
5.0,This card is quite fast - 85 MB/s read + 77 MB/s write,"I bought the 32 GB capacity card for my newly purchased Samsung NX300. To accurately compare speeds, I formatted the card in a "
5.0,Great product at an affordable price!,I purchased the SanDisk Extreme Pro 32gb back in February for use in my Olympus OM-D M5 camera.
5.0,Fast and Reliable,"Using this card for my Canon DSLR. Records 1080p with no issues. Basically no buffering from the memory card during continuous shooting. I also  do long exposure time lapses occasionally. Even with 3 seconds between shutter close, and shutter open, the card keeps up just fine."
5.0,As advertised,"OK, Sandisk is expensive and the SDHC is the priciest of the lot, but why take a chance?  The newer, and cheaper, SDXC cards may seem like better deals but they appear to be designed for video applications and gaming and occassionally, someone will have a bad experience in a quality camera or a data storage device."
5.0,The one thing that would always annoy me was that I'd only be capable of taking ...,Wow. Just pure: WOW..
5.0,Excellent SD cards!,"I purchased two of these SD cards for use in my DSLR. I decided to purchase high end cards for their speed and longevity. Upon testing the read and write speeds of the cards, I haven't quite seen the speeds advertised by SanDisk. However, these cards put my class 10 Transcend cards to shame."
4.0,"It is fast, but I haven't managed to get 95MB/s out of it yet","The card worked fine so far in my Fujifilm x100s for both stills, 6 fps bursts and video.  In burst mode when recording JPEGs, it keeps up with the camera.  When recording raw files in burst mode, things slow down after some number of frames (as expected, raw files are simply too large)."
4.0,Worth the extra money if write speed matters.,"I purchased two of these for use in a Nikon D750.  The D750 has a maximum shooting rate of 6.5 FPS but its internal buffer is relatively small and after about 12 frames shooting speed becomes constrained by the storage card.  These cards improve the performance of the camera relative to other cards I have tried.  The closest competitor was a Sony 128GB UHS-I/U3 rated at a read speed of 94MB/s and 60MB/s write speed.  With the D750 saving both raw and jpg to a single memory card, the SanDisk Extreme PRO consistently supports ~45 frames in a 20 second burst versus ~30 frames for a 20 second burst on the Sony card.  The buffer consistently takes > 12 frames to fill with the SanDisk card versus slightly over 11 with the Sony and the buffer clears more quickly.  This is consistent with the relative write specifications of the two cards (SanDisk 90MB/s vs. Sony 60MB/s).  On a per GB basis the SanDisk card is almost twice as expensive as the comparable Sony depending on discounts, etc.  If frames per second matter to you and your camera benefits from high performance UHS-I cards the additional cost is worth it - it really compensates for one of the few shortcomings of the D750."
1.0,Didn't work,"Item didn't work at all in my Nikon.  I formatted it several times using different devices and still no luck.  It was a waste of money.  I know my way around these types of devices and computers, but no luck at all on getting this memory card to work for me."
2.0,Not sure if bad luck or bad card,"I wasn't sure how to approach this review, because I've bought 3 of these cards in the last 2 years. The first one I bought was back in June 2015, and successfully lasted me until last December when the read-write switch broke off. Knowing this was a reliable card, and discovering that in the span of 1 1/2 years the price had dropped 50%, I purchased 2 of these cards in December, thinking they were reliable and the switch falling off was a fluke accident. I use my camera daily, so withstanding a year and a half of daily use and constant inserting/reading/writing was fine enough for me to ignore the switch breaking."
4.0,These are the only cards I trust now,"I'll keep this brief. I'm a wedding photographer/videographer. I've used all kinds of cards for my work, and am always looking for a good deal. No matter what brand I use though, even if they're rated for 90+ mb/s, SanDisk is the only brand that rarely if ever overheats and stops recording. During wedding ceremonies, a camera that stops recording, especially an unmanned one can ruin your video. When possible, I use ML to automate recording if it happens to stop, but it can still makes syncing later on a pain in the a$$!!"
5.0,The Only Memory Card I Would Ever Buy,"After using Lexar for several years (2000-2006) and having many cards fail, I ONLY buy SanDisk cards, and so far, I never have had one fail. I also use only the Extreme PRO versions for the speed, but I'm sure all SanDisk cards are reliable. Formatting them in camera after each use is a very good idea to keep them ""healthy"" I've been told, so I do just that. Great cards and the only one I'll buy. Highly recommended. I make my living off of photography full time, and I cannot risk using cheaper brands. I have friends who do, and they also have regretted it. Besides, it's an amazing deal for the price. To prove this, the first 1GB card I ever purchased back in 2006 cost over $200."
4.0,"Expensive, but worth it if you transfer lots of data","This Extreme Pro card is much more expensive than even other SanDisk cards, let alone other discount brands. The reason for the price is the speed of the transfer rate of the card. If you rountinely transfer large amounts of data (such as large video files from camera to computer, etc.), then the price might be worth it for you. The card will not really make any difference in the camera itself, because frame rate and frames-per-second are a function of the device (camera) not the card you're using. But in some other devices, it may well improve performance."
1.0,SanDisk is Fake or Bad: Tested as low as 5 MBps for write,Tested using BlackMagic Disk Speed Test (see image) as low as 5 MBps for write and at the most 17 MBps read.
5.0,fast fast fast - will bring out the FULL potential of your DSLR,"speedtests - using a USB 3.0 card reader / 3.0 port, gets 90MB/s read and 85MB/s write.  good enough for me!"
5.0,I needed top speed data throughput for my new Tascam ...,"I needed top speed data throughput for my new Tascam DR-70 portable recorder and this card does it. SanDisk has been my go-to for years now, for photo, video and audio files; their cards have never let me down."
1.0,Buyer Beware of Sarake Flash Cards,"Both cards failed within days of first use. Unfortunately they were my back ups and the window for returns was long past. I could see one card failing, but too much of a coincidence that both cards failed. Something is not right with this batch of cards or this vendor."
5.0,Working great for 4k videos and raw images on sony a7iii,Works perfect. No performance issues...
2.0,"close to spec, but not the old sanDisk anymore. (And awful support)","Managed to get consistent 90MB/s reads, exactly as claimed, but only  75MB/s writes on average. (using a SDHC UHS II reader on usb3)."
5.0,"Excellent performance with Canon Powershot G16, except on Superfine setting","This is a great memory card and performs very, very well with the Canon Powershot G16."
5.0,Works great!  Lightning fast and rock solid in my Nikon D750.,"Bought these as a replacement for the slightly different version of these that I bought that didn't function with my D750, and these cards work great!  Rated as the fastest cards available for the Nikon D750, and they live up to it.  Nice and sturdy, heavier than the usual SD Cards from other manufacturers, and backed up by a good warranty.  They also come with a 2-year subscription to Sandisk's rescue software, which is nice."
5.0,"Great card passed efficiency test, A must!!","So far so good... I now test any SD cards immediately after opening the package. There's allot of fakes flooding the market ... Usually if you're dealing directly with Amazon you're basically safe. But this card is on the money. This card has a high capacity and handles large volumes quickly and efficiently. Testing the card pass with flying colors. There are some bad apples out there. Anyway, this is a great SD card. No I won't get in the technical part of it. But, crunching the numbers with software designed to do such was an advantage in making sure things are right. Well worth the extra effort."
5.0,Recommended for Efficiency and Speed,"I received this a day after due to my membership of course. Package was kind of bent though. As far as speed and reliability it is at the top for me, as I used to use JUST Extreme SDHC. It just a tad bit faster I use a Canon Rebel T3i so you can imagine the fps on that ahahaha. On a serious note, it allows me to take photos much faster and recover at a faster rate as the card does read fast. I was looking onto Lexar but I don't even trust them with CF cards since they do have many malfunctions from people I know and bad reviews on Amazon recently from others. I do recommend this SD card if you aren't doing much and you want to move fast with Photo and/or Video."
2.0,"Initially the card was excellent, fast and didn't have any problem","I bought this item back on Sep 30, 2014 for my wedding photography business. Initially the card was excellent, fast and didn't have any problem. I shoot in RAW, sometimes files can be as large as 40 something GB. But it only took me less than 20 min to transfer all the files. However, over the last 3 months, the writing speed of the card significantly decreased, and it always took a few hours transferring all the files into my hard drive. In my frustration tested with the 3rd party software, saying it only has 30 MB/s writing speed. I wish the quality can last much longer. I understand how frequent I'm using the card, but the fact that it lasted only 9 months or so is very disappointing."
5.0,Best SD Card Out - A Must for Professionals!,"I bought this for my recently returned from vacation to Washington DC. This is the creme de la creme of SD cards, there are only a few (very expensive comparably) SD cards out there that beat the speeds of this card. If your shooting in ANYTHING over 2.7K video, this card is a MUST for your film kit. It will never let you down, and you will never get messed up footage, nor will you ever be disappointed with the read speed (it transfers to my PC pretty fast). I will never buy a different SD card again. Recommended!"
5.0,"Fastest card I've ever found - sustained 90 MB/s read, 72 MB/s write","I've used high performance SD cards from multiple providers, and SanDisk's Extreme Pro line are the fastest I've found. They consistently perform at high speeds, both on my computer in tests and in my camera. However, they're also the most expensive card I've found, and by not a small margin."
5.0,"Great card for GoPro, buy from reputable seller.","Works perfectly for my GoPro Hero 5 Black.  Get a quality SD card, folks...  You need decent write speeds for newer 4K recording devices, so you need to be careful which model memory card you purchase (Extreme Pro, Pro, etc...)."
5.0,Works Every Time,"I've been using this same brand and model in my HD prosumer ENG-style camcorder for a couple of years now, and because I now have a bunch of them, also in my Zoom H6 recorder, my ChromeBook (as extra storage) and several other SD card devices, and each card has worked flawlessly. 50 Mbps video recording, no problem.  Many random reads and writes as an ad hoc HDD, no problem. Format it for Linux with the ext4 filesystem, and it really shines."
5.0,I feel like if you're considering spending the extra money to buy ...,"I feel like if you're considering spending the extra money to buy Sandisk brand SD cards, reliability is important to you. Let me set your mind to rest by agreeing with the masses of reviews. This SD card is reliable. And personally, since I entrust my priceless, irreplaceable memories to these things, reliability is worth any additional cost."
5.0,"Nice, reliable fast card for DSLR's","I had the slightly slower bit still great 45m, 32GB SanDisk Extreme card for my T3i and took over 20,000 shots on it with no problem at all. Still have it as backup.  When I got my T6i I started shooting a RAW+jpeg, each shot and 32GB wasn't quite enough sometimes.  Got this 64GB, 95m card which is even faster.  It works great,  just passed 10,000 pictures taken (20,000 actual images stored) in 3 months without a hiccup."
5.0,Works Great.,I have had this now for about a year and it has worked just fine. These are of far better quality than the Pro Grade brand I tried hoping to save a little money. I very strongly recommend the SanDisk Extreme PRO cards over the PRO GRADE brand. These will perform for you every time while the other will leave you in the lurch.
1.0,Better check it when you get it.,"The card I received was counterfeit. I have ordered a bunch of these cards in the past, and this is the first time I received one without the serial numbers and ""Made in China"" engraved on the back. It has the dreaded yellow tab. And most of all, when I put it in my camera, it can't keep up on continuous shooting the way the authentic cards do. Plus, when I put it in my computer, it says it has 133gb of space."
5.0,Works great with my Sony a7R II shooting RAW,"I use this in my Sony a7R II.  I was looking at the next speed up but based on the user manual of the camera it looked like the next speed up wasn't supported so I figured it wasn't worth the extra money.  I am able to shoot burst shots and have yet to get an error message about the buffer being full and have to wait for the camera to write to the card.  I shoot in RAW as well, so thats 40-50 MB files and doing burst shots.  I have shot probably 5 thousand pictures so far and have been very pleased so far!"
5.0,Super fast card,"Super fast card, works well with my Canon 70D.  I regretted getting the 64 gig because my camera always reads ""999"" photos left, even with the resolution up and shooting in RAW. That's a LOT of photos to process at once, it is easy to get carried away with seemingly limitless memory. Also, if I dropped or lost the card, I would lose a ton of photos.  This is no reflection on the card or quality, just a user tip for mid-level camera users: buy four 16 gig cards and don't put all you eggs in one very large basket. Of course, it is nice to not have to swap out your card mid-shoot. So really it is just a preference, some food for thought."
4.0,Acceptable but not as good as described,"I contacted SanDisk customer service and they verified my card to be authentic, although it once made me think it was fake. The card arrived in a very cheaply made envelop-like package, not the ones you usually see in BestBuy with well-designed cardboard and plastic padded packages with instructions and specs printed on it. I tested the read and write speed with AS SSD Benchmark and got an acceptable but not satisfying result: 80MB/s read and 50MB/s write. That's a 40MB/s cut from the claimed write speed. Maybe you still can do 24p FHD on it, but if you are going to shoot 60p FHD or 4K videos, you will definitely want to consider some faster cards."
5.0,Very high-end card.,No hiccups when recording HD slow-mo and regular 4k video with my GH4 camera.
5.0,Fantastic memory.,"Fantastic memory. I use this with my Nikon D3300 and it works unbelievably. When shooting on continuous it runs flawlessly and has more shots and longer duration than the camera's posted statistics (I was surprised too. That's why I took several trials. Always proved true). I've also never had any issues with SanDisk. I know that every photographer dreads the ""dead card"" that happens to every card eventually but I have  yet to experience it. True I'm not in a studio every day but as a amateur I do take LOTS of pictures (which annoys my wife to no end when we're trying to explore the outdoors)."
5.0,Great premium card! Perfect for D7100,"Sure, it is more expensive than most but worth it for the speed. I have tried and tested multitudes of cards over the years. Have never had any issues with SanDisk. This current card was the latest one I purchased for my DSLR and it works great. Before you get it, make sure you need it. For general consumer products you can get away with the 45mb speed cards. Unless you are doing fast photography and transferring of large amounts of data you will not need this card. With the proper settings this allows a full 7fps on my DSLR, no other card can beat it. If you will not do that type of photography (or faster) then this card might be too much for your needs. I have used it with the D7100 and it is also compatible with others such as the D7000. The respective camera sites have compatibility charts for their cameras and cards, I won't list them all here. One thing to be careful with is the 'frustration free packaging' Amazon offers. I got one of them thru a 3rd party vendor and the card had something written on it! Other folks have also reported that and the ones that usually have problems ordered them as well. I always make sure to get the ones that come in the standard packaging. It will take extra determination. Even if you chose standard packaging Amazon will sometimes revert it back to the other option when you check out. Watch out for that!"
5.0,Stores stuff as touted.,"Mounted in a Panasonic Lumix camera.  I have taken many photos, and all of them are still there.  What more can be said of a storage device than that it stores stuff as designed."
5.0,The only option for RAW with the Blackmagic Pocket Cinema Camera (at least at the time of this writing),"For the Blackmagic Pocket Cinema Camera, this is really your only option to shoot RAW; all the other cards cannot maintain the data rate. This is a bit of a shame, considering it is a bit pricey, but once you have it...you have it. Granted, there are plenty of times RAW is not needed, and in those situations I typically still use this card, but have another (less speedy) card at-the-ready, if needed."
5.0,Keeps up with my Nikon D7500 20MP DX camera at 8FPS.,"It's a memory card, what is there to say?  It keeps up with my Nikon D7500 20MP Dx DLSR camera at 8FPS.  Since 1999, I have never had a memory card fail, regardless of the form-factor, I do not suspect failure with this one either, SanDisk Extreme PRO 64GB up to 95MB/s UHS-I/U3 SDXC Flash Memory Card."
5.0,Best SD Flash Memory Out There,"Best flash card on the market and 32 GB is plenty of room for camera usage.  Bought two just in case, but only ever have needed one even when shooting in RAW and JPG.  However, the prices are so low I don't mind.  This card holds about 500-600 photos while shooting in RAW and JPG with a Nikon D3300 at 24 MP.  I format the card every time I put in my Nikon D3300 and have never had any issues with corruption.  Have not tried to take video because I don't have a need for it, but based on the speeds it should be fine."
1.0,Yellow Tab = Fake card.,"Plugged into Sony A7iii and can not record 4k or 1080p 120fps. Exact same cards of the same brand and ""extreme Pro U3 10 rating work flawlessly at 100bits. This comes up with an error message after multiple reformat. Upon searching forums, there is a similar thing found. The ""scandisk"" logo does not look the same as pictured and the tab to lock the card is YELLOW and not grey. So it is also not the same card as pictured. DO NOT BUY. FAKE CARDS! I am printing return label as I type."
5.0,SDXC for XAVC S video recording on the a6000,"I got this for a Sony a6000, since the XAVC S video format added by a recent firmware upgrade requires the SDXC-type SD card.  The latest CrystalDiskMark 5.1.0, over a USB3 Kingston media adapter, shows 83 MB/s sequential read and 78 MB/s seq. write.  This should be fast enough, so I'm very pleased with this performance.  I'm running anti-virus and had many applications open, so your mileage may vary.  The short video I took was smooth, with no dropouts or other problems that I could see.  Note that the SanDisk white cardboard envelope packaging stated it was an ""SDSXPA-064G, ExtremePro, SDHC, 95MB/s, UHS, Envelope, Amazon FFP, AM""."
5.0,Excellent Disks!,"I purchased this for use with Nikon D3300 as a novice/hobbyist photographer.  The disk works perfectly, is fast and stores plenty of images for my shoots. I try to keep at least three, 64 GB disks and two, 32 GB disks in my Beeway Memory Card holder ( ASIN B01ESSWXH2 ) ready to use. I learned early on that you can never have enough disks and I like the 64 and 32 GB's. They work great for me and my Nikon. I would, and will be buying more disks from this seller soon."
5.0,Bought after extensive research.,"I did a significant amount of research and read several benchmarks with specific camera models before I bought this puppy. So far has performed exactly like I hoped it would. You really don't know what you're missing until you actually have it. Instant pic preview and awesome fast read/write, shooting RAWs. no regrets so far."
5.0,LOVE the camera,Amazon took about 3 weeks to ship this item (2 weeks loner than the estimate) but when I called Amazon customer service they were helpful and upgraded my shipping for free so the Item still arrived on time.  I love the camera! I have a lot to learn about using all of the settings and functions but I have already captured some gorgeous shots.  I would definitely purchace extra batteries because this camera uses them faster than my old Nikon.  This Camera came with a camera strap and one battery with a charger.  No SD card included.
5.0,Good card but did not work in Nikon D5000 camera.,This is as very fast card and offloads quickly.  I have not tested it yet with movie bursts. Basically I like the card for a higher end camera.
1.0,The first 11 pictures came out fine and after that everything else came out in black ...,I purchased this card to photograph the 2017 Chicago Air show (mainly the Blue Angels) I set up on continuous shoot and began taking pictures. The first 11 pictures came out fine and after that everything else came out in black and white!! There was a card failure and it was not obvious until I downloaded the pictures onto the computer. Luckily this happened on Saturday and there was another show on Sunday so I changed the card and went back and captured good pictures on Sunday. After driving 3.5 hours just to attend this show for pictures I would have been very upset had I not had the opportunity to go again on Sunday. I would avoid this card if you are going to take pictures at an event that is important to you.
1.0,It did not work for my Nikon D3400 Camera.,"I bought this card for my Nikon D3400 Camera but it kept saying memory card damaged when I took a photo (and this started occuring right out the box). By chance it saved a few pictures but the ""Card may be damaged"" message kept cutting me off while trying to take pictures. I bought a 32gb and it works fine so far."
5.0,"Fast read/write speeds, reliable and perfect for RAW images or HD video","Another great SanDick memory card. Read and write speed is great. If you don't think a Class 10 SD card is worth the money, try using a Class 4 in a digital camera and wait while the image is written to the card. It can take seconds and when you are trying to shoot a quick series of images it will become very frustrating. Don't even think about a lessor card for recording HD video. I purchased this card for my Nikon P7700 camera and I shoot everything in RAW. The files sizes are very large but with RAW files you have a lot more flexibility later when you are editing. I did shoot a series of 3-5 minute videos with this card using my Nikon P7700 and they were perfect."
5.0,Great Cards!,"I bought several of these from several companies, and all worked flawlessly. Someone stole my flash memory card holder, every one of these cards full of photos, and my heart is still broken over it. That aside, these cards from all of the brands worked perfectly in several different readers. I will copy and paste this review to the other cards that I bought."
3.0,Fast. Fast at losing data.,I purchased two of these for use in my Canon DSLR and have been using for about a month now.
5.0,SanDisk Extreme PRO 32GB UHS-I/U3 SDHC Flash Memory Card,"I have recently begun doing photography on the side and wanted to get an additional memory card in which I would not have to worry about running out of space during long photo sessions. I shot in RAW so my files tend to be on the bigger size and this has been great in keeping my images intact while I complete my session. In addition, unlike other memory cards I have had in the past, this one has a minimum delay while taking continuous sports shots,  Very happy with it overall."
5.0,Great SD Card,"I use this for my Nikon DSLR and I can confidently state that it lets me snap more pictures rapidly. If you shoot in RAW and have a small-medium buffer (such as the Nikon d7100), you'll definitely benefit from this SD card. The only problem was that both my Linux and Windows computers didn't like it at first, but once I upgraded my SD card to USB converter, it worked fine. If you use a cheap SD card to USB converter that came with your camera, you might have that problem. Fortunately, there are really good converters available for under $10."
5.0,Card worked perfectly,"Didn't realize how good this card was until I purchased a 256GB SanDisk Extreme Pro on eBay and the speed was clearly less than half of this card, and the (new) card failed on me the first time I tried to use it. Got a couple of these 64gig refurbished cards, and they've always worked perfectly, and speedily."
2.0,Errors again and again,My card is giving me a lot of trouble when downloading the pictures to the computer (i have a Mac Book Pro).
5.0,Great product!,"SanDisk lives up to its name with this 64GB card.  I'm using this card now with my Leica D-LUX 109.  The camera shoots in RAW for photos and 4K for video and this little guy keeps up with no problems.  If you are going to shoot 4K with your digital camera, I would highly recommend this card.  If you can afford it, go for the 128GB version.  I'm perfectly happy with this card and it provides me with ample space to shoot what I want."
5.0,Great for C4K the GH4,"I purchased a GH4 about 3 years ago when storage was expensive.  Now that I have paying jobs relying on my equipment, I need a reliable card that doesn't have me swapping out cards every 30 minutes, and (more importantly) can handle the high bit rate codec (100 and 200 Mbps) without choking up and dropping my files.  This card holds about 2 hours and 50 minutes of Cinema 4K 100Mbps video."
3.0,I would like to see the manufacturers card showing some sort of ...,Frustration free is anything but. I thought I was saving $2 by getting it and now I am wondering if it is what I wanted in the first place. No documentation. I would like to see the manufacturers card showing some sort of legitimacy. This looks like it could have been made in someones basement. I card in a plastic holder with no documentation??? Makes no sense to me. I would not do this again. Do not try to save $20 with frustration free.
5.0,"I'm sure other companies make good stuff, but I've been using SanDisk for many","I only buy SanDisk products for my photography. I'm sure other companies make good stuff, but I've been using SanDisk for many, many years, and I've never had a corrupt disk or any errors along the way. I rarely devote myself to a single brand, but when it comes to memory where my client's photos are on the line, I won't put anything else in my camera."
1.0,Defective Card,"I ordered and received a 128GB card for my camera 46 days ago. I have used it a few times with no issues. Last night after a shoot, I plugged it into my pc to find out it was no longer working. The computer and camera could no longer read the card. After some research, it appears to have simply stopped working. Not only was the footage from my shoot lost, but according to their policy, the return window is only 30 days. Thankfully I contacted Amazon and am receiving a replacement. If that is defective as well then I am going to blame the company."
5.0,Good pricing for early adopters,"Excellent for high resolution video capture on my 70D which has only one slot for SD! So it better be a big card. Plenty of capacity for stills and video. The read and write speed keeps up with high resolution files and how i use my camera. I paid $209, which at the time was the lowest price i could find on Amazon for a Sandisk product. As an early adopter of higher capacity storage, this seemed to be an excellent price for Sandisk and i was willing to pay extra to avoid generic and off brands of questionable quality,since my 70D only has on storage slot. The packaging and SD card branding appeared to me as identical to what i saw in retail stores and was not counterfeited."
4.0,Fast but not the strongest.,Has been the fastest-writing card for quite some time now (most cards that read fast still write much slower); it looks like only the UHS-2 cards will be faster.  The faster write speed makes a significant difference for the Canon 6D and probably most cameras of the same era--the buffer clears *much* faster than with other cards.
1.0,Please do yourself a favor and *AVOID THIS CARD LIKE THE PLAGUE!!!!*,"I purchased this card to take pictures on my wife PhD hooding ceremony. During the day everything went well on camera. However the next morning when I connected the card to my laptop, there were zero pictures.. Zero!! I tried my desktop and then my camera also. I’m very upset over this. I purchased what I thought to be the best. This product deserves a -5 stars in my opinion."
1.0,Does not work on Sony cameras,Bought this camera and it does not work on my sony a7 series camera.  Google suggests this is a known issue since 2 months ago.  I guess this is why this memory card is on sale.
5.0,All you need for speed!,"I use this in an Olympus Digital Camera, and the write speed in conjunction with a 9 frame per second shooting is what everbody wishes for. Just below movie speed. Of course it works perfectly for shooting movies, too."
5.0,Mind-Blowing Customer Service from SanDisk,"All of a sudden, my Canon SX1 is would not read the SanDisk card. Unable to video a major event in my kids life with this failure of gear had me asking SanDisk what happened.  They responded that it sounded like a card failure and simply asked me to provide information and they would send me another card!!  Upon further investigation, I realized that the card was fine... the failure was in the camera and wrote back to tell them.  But when a company stands by its product so unconditionally as to offer a replacement merely upon my word of a card bought years earlier.. i just had to mention it.  Perhaps other memory companies behave similarly, but so far as i can tell, with such GREAT products and such GREAT customer service, SanDisk is my card well into the foreseeable future."
5.0,The best I have ever used from what I can tell by playing around a few min.,"There really is a difference in cards and brands, I have always use the ""T"" brand for years and well the last time I upgrade the card which was advertised as being the BEST well it was NOT no HD not crisp pictures just a average pic which really upset me because I used it for some HS family Graduation and two Family College Graduation which you cannot replace well the card messed up everthine I used it and so I desided to try this out out which is the Sandisk Extreme Pro and so far I have just played out side with zooming and close ups and it doing great I going to take so videos and photos of a Family/friends wedding in a couple of weeks so I will know more then ...."
1.0,Counterfeit Circulation,"It appears that I received a counterfeit. As soon as I saw it, the packaging seemed faded to me. The yellow switch on the side of the card also seemed off because these are supposed to have gray switches. Also the front facing sticker on the card looks offset. I looked at some other reviews and they confirm all of the same qualities being counterfeit. Really disappointed, will most definitely be returning."
5.0,SD card works great.,This SD card works great. I would definitely purchase from this seller again. Shipping was prompt and the item was just as described.
5.0,Needed for 4K video and 50MB RAW photo files,Who needs 128GB?
5.0,!!!!! PERFECT CARD FOR FAST WRITING SPEEDS FOR SHOOTING O CONTINUOUS MODE !!!!,I have a Nikon D810 and was using 32 GB SDHC cards with it with a speed rating of 30 MB/s.
1.0,Defective item received. this card could not be formatted ...,Defective item received. this card could not be formatted from the computer. Amazon don't have free return sipping for this item.
5.0,Perfect capacity at a near perfect price,"Did lots of research looking for one card that was reasonably priced and had enough space for a hobbyist photographer like myself.  After much thought, I bought this one and so far, it has worked out very well.  Good amount of capacity for the price.  Worth buying in my eyes, but you have to decide for yourself if it fits your use and your desire for capacity.  This one was a perfect fit for my needs."
4.0,"Fast Card, Weak Price to Performance",Pros:
5.0,"Make sure it's not a fake, and it's a Great card.","I bought a verified refurbished one of these and I now use it as my main card for my Canon 60D. Absolutely fantastic little device. I plan on using it on every film shoot, and if I were to upgrade to a new camera I know it's brilliant for 4K capable cameras by using it with a friend's GH4. I've been using this for a few months now. I have absolutely no complaints or overheating issues. MAKE SURE YOU HAVE A VERIFIED CARD. You can call SanDisk and they'd be more than happy to help! Really easy to check."
1.0,The worst part is I bought two and it is past ...,"The tab on mine is yellow and is not a real sandisk... lost ~70 pictures from trip before I bought I legit card from a local camera shop, and realized what had happened."
5.0,Great price for a great memory card,"This card does the job and at a cheap price for a high quality, name brand memory card. It didn't come in that hard to open packaging that you usually get when you buy it at your local store that requires scissors to open it. I was able to open the package and get this memory card into the digital camera I just bought as a gift without any problems. I like the no hassle packaging that this comes in and always trusted SanDisk products. Great buy!"
5.0,Now I am pro...,"Because my mammory card said so.. LOL.  Actually I bought this card because I was using some Ultra cards for my 60D, which are 30mb/sec, and at random some would stop recording.  One of them only allowed to record a few seconds, so clearly the card couldn't keep up.  There must be variations in each card though, they say it is 30mb/sec, but it must be something else.  One of the Ulta cards works fine and lets me record longer movies.  So far using this new card I haven't run into the problem of recordings stopping suddenly yet.  I was expecting ridiculously faster transfer speeds moving data off of the card, and it might be a bit faster but it doesn't seem like a super massive difference sadly.  I'm wondering if the card I got is actually less than 90 mb/sec, but even if this is the case at least it lets me get my long clips when I need them."
5.0,Five Stars,"It’s a great product and with excellent quality. I received it very quickly. I bought this product to replace the current product I’m using in the same category and I must say that it definitely does the job better than I ever would’ve thought. Packaging, materials are all top notch and above my exceptions. I found this product by accident and decided to give it a shot and I couldn’t be happier. It’s lightweight and durable. I don’t believe I will be switching products anytime soon. If you’re contemplating on buying this product I’d definitely give it a shot, I don’t think you will be disappointed!"
3.0,Not my cup of tea.,"I don't know what it is with sandisk cards. They work great, but I have had more sandisk cards fail than any other. I try to make sure I only have authentic ones. The only reason I keep buying them is because one of my cameras doesn't work with anything else. Thinking about spending several hundred dollars for an external recorder just to get away from the sandisk as cards. I like their harddrives. But I have cheap  sd cards that get used way more, are treated worse and seem to have a better build quality and are more reliable."
5.0,Fast card.,After taking it from it's package I placed it in my 
3.0,Product itself is great but I also received a fake one the first ...,"Product itself is great but I also received a fake one the first time I purchased it. Until I saw one of the reviews warning about the fake cards, then I realized I was also a victim. Unfortunately passed the return period so Amazon did not accept the return. Therefore bought again and the second was genuine and fast. For most people, this card is overkill."
5.0,So Fast I Can't Fill Up the Buffer,"So I recently ordered a 32 GB SD card for my camera, so that I wouldn't have to dump any of my pictures to a hard drive in Scotland (we're going on honeymoon and won't be bringing our laptops). I asked around on some of the Micro 4/3 forums which was the best, and they all suggested this one:"
4.0,Is internal camera speed enhanced by this card?,"I'm not too interested in how fast the data transfer is between the SD card and my computer, but the enhancement of the internal camera speed from the time I press the shutter button to the recording of the data (picture) on the SD card.  Some of my prior cameras seemed to be very slow in this respect.  I realize the cameras internal processor has much too do with this capability, but I would also think the cards recording speed has some bearing on the overall internal speed.  I'm not clever enough to figure out if this card has helped in this respect - but I can only assume that it does.  Internal camera speed seems to have been improved using this card, but I'm unable to tell by how much (%??).  This card works fine in my camera."
5.0,Speeds up my picture taking,"I use this in my Nikon D7000. The camera can take pictures quickly which I use for sports photography. When I replaced my old 16GB card with this one, it seems that the pictures are firing off even quicker now. And, of course, since I shoot at a high resolution, this will hold many pictures. I can easily shoot a thousand pictures within a few days, so I have no worries about running out of space. I remember when a computer that had a 500 MB hard drive was thought to have massive storage, and we were in awe when the 5 1/4 in floppy disk with 500K storage gave way to the 3 1/2 in. disk with 1.5 MB. Now this has 32 GB on a tiny disk!"
5.0,"Great, Reliable, Fast Card","In my experience all the brand name SD cards work well--provided you get a Class 10.  However, I have always had great reliability with SanDisk.  They seem to stand behind their products.  Whenever possible, I prefer SanDisk cards, but have also bought others that might have hit a more favorable price/speed target at the time.  These extreme pro cards have become so much cheaper that I can't imagine reason to use anything else.  Highly recommended."
3.0,Works Well Enough!,"This works well enough, meaning it does what it is supposed to.  The only annoyance I have is that the Read/Write Lock tab moves very easy and it usually takes me 2-3 times putting it in my camera before I get it in without locking the Read/Write tab."
1.0,Don't know why I can't record 4K video on my ...,"Don't know why I can't record 4K video on my new RX100M5 camera with this card.  This is the error message "" To perform shooting with this setting, use an SDXC Class 10 or UHS-1 compatible memory card, etc."""
5.0,I got this for my sister for her birthday so ...,I got this for my sister for her birthday so she can use her Canon Rebel t3i. I had read some websites that said the t3i might not process the 95 mb/s which is the difference between this and the step below (the PRO? or it might be called the EXTREME not really sure). But I thought that if she ever decided to upgrade her camera she would have a memory card that would most likely still be supported. The SD card she was using previously didn't allow her to take long video bits because it couldn't write fast enough and it was only a class 6. So I got this in hopes that even if it's overkill there will be no issues.
5.0,SanDisk the best,"This camera card/ photo card is the best quality. I have never had any issues or problems with this brand, they last such a long time. Still have all mine and work great. Good quality. I only use SanDisk now. I recently visited Alaska for the first time and I wanted extra camera cards I only trusted my photos on SanDisk and nobody paying me to write my reviews for items bought on Amazon."
5.0,"No Issues, Fast Transfer For Post Production","A quality card, have been using it for 6 months with no issues.  Would recommend and will be purchasing another.  After 6 months using on 2 cameras, and various computers it has not disappointed.  Again a quality product I have come to trust."
5.0,Durable!,"Super durable! I left one of these SD cards sticking out the back of a friend's iMac desktop computer, forgot it was there. My friend was adjusting the monitor angle and mashed the card into a wall. The card bent to a 45=-degree angle, and when I removed it from the computer, it retained that angle, but I straightened it out, stuck it back in the camera, and although there is a bit of a crease in it, it works just fine! I recommend it."
5.0,Great card for modern cameras,"Wow!! I bought this for my Sony RX90IV.  The Sony can fire a number of shots in burst mode and this card keeps up with the camera with every shot.  Once I bought the card, I went to the Netherlands and Belgium for a week.  Needless to say I took over a thousand shots.  There was plenty of room on the card for my California trip.  Transfers from the card to my iPad and Computer were clean and without incident.  This is a great card for anyone going on a vacation.  BUT while on vacation do take a moment each day to back up your pictures.  Better safe than sorry."
5.0,Item as described and worry free,"When these arrived, I tested all six using two different programs:  fakeflashtest.exe and h2testw.exe. The first program just does a quick write and read test and confirms the storage size. The second program does a much more thorough test and checks for errors (it took about 30 minutes to run h2testw.exe on each card). All checked out at 59.4 Gb and no errors. I have only used one of these a little bit and it works fine. I was more concerned with verifying the storage size and ""health"" of these cards. I think they'll work fine."
5.0,Don't be cheap on SD cards if you're a professional. This card is well worth it.,"This is a great card! I wish all my cards were this fast. I've went through my fair share of cheaper cards, and I wish I had just purchased one of these a long time ago instead.  For example, I recently purchased a 64GB card at the same price and it's already in the trash because the cheap build quality allowed the teeth to get crooked just a few months after I bought it. That won't happen with this card. I do video professionally and I rely on this card for my most vital shots. In fact, I don't know how I considered myself to be a professional before I had a card like this! When I bring it home, the fast transfer speeds allow me to pull off the files lightning quick on my USB 3.0 card reader. Next time I buy a new SD card, I'll be buying another one of these or possibly the 64GB version. When it comes to SD cards, it's worth it to spend a little bit extra."
2.0,Why couldn't it be open in a Mac computer? ...,Why couldn't it be open in a Mac computer?
