ratings,rev_head,revs
5.0,Don't risk your data on No-name cards,"Seriously, with the cost of SD cards these days, why would anyone buy anything but SanDisk.  I professional shoot video and stills-  I've never had a problem.  I've even washed a card and it still worked."
5.0,A major brand selling for a very fair price.,SanDiak being one of the major brands in the SD card market is my choice for reliability. I am a photojournalist that demands reliability for all of my equipment and accessories and this is one of them. These 5 SD cards arrived promptly and were sold at a very fair price. Highly recommended.
5.0,Great price. Sd card that has never failed,Never a problem with these cards.  Used to buy at Costco but they discontinued.  Found 5 pack at amazon.  Cheaper and work great.  I keep 24 in my kit to rotate out between jobs and have never had a failure.
5.0,5 is great,Great product... 5 of them!
5.0,Value,Super value. Just the right storage.
5.0,Five Stars,Good value
5.0,They arrived in unopened individual packages perfect,They were what I needed and they arrived quickly
5.0,Good value,Great price for bundle pack
