ratings,rev_head,revs
1.0,Stay away! Cheap knock off trying to rip people off!!,"Absolute scam!!! Stay far far away. Amazon should do a better job screening these knock off products. Anyone who has given 5 star reviews were either paid to or they are absolutely clueless. I ordered the 128gb Extreme, and when it came, I can already tell something was off by the packaging.  The font was weird and the pictures were blurry, and even though I ordered an Extreme and the card says Extreme, on the packaging, it says Extreme PRO. When I took the microSD card out and held it under the light, you can see that the card had the words ""Extreme Plus"" engraved on it! They painted over the word ""Plus"" because I ordered the Extreme! The ink they used isn't even black, it's like that weird gray-black that you get when trying to print black on a piece of paper. Then I conducted a speed test on the card. It was under 10 mb/s for read/write. What a complete joke!"
1.0,BEWARE! I got a bogus Item! Package says ...,"BEWARE! I got a bogus Item! Package says I got an Extreme Pro (not what was is shown for on Amazon listing), and the card says Extreme on it with a slightly embossed “PLUS” after it (zoom in - barely noticable). Files can be written to it but it does not perform on my Video recording devices (i.e. Insta360 One) and errors out. A friend if mine had ordered this same same product and the finish on his card has a higher quality mat finish and lettering is a bit cleaner. This card had a cheap flat finish and lettering looks sort of stamped in. Got to start looking at these tiny SD card under a magnifying glass from now on! There are Youtube videos out there showing things to look for when it comes to fake/cheap SD cards so be advised folks!"
1.0,"Defective, or worse.","Product did not have same designation as the packaging. MicroSD card labeled as ""Extreme"" while blister pack was labeled ""Extreme PRO."" I tested on multiple readers including the included full-sized SD card adapter. I compared this to an old 32 GB SanDisk Ultra MicroSD I'd been using. The Ultra performed to spec. This Extreme logged repeatable write speeds of 8.9-9.4 MB/s. Read speeds were repeatably 16.3-16.6 MB/s. This is using Satechi and Cable Matters USB-C USB type 3 and 3.1 readers. Spec is 90/100 MB/s, Write/Read."
1.0,"Fake, don't buy knockoff","This is a knockoff. The pictures and print on the packaging are blurry. The packaging says Extreme Pro but on the card itself it only has ""extreme"" but you can clearly see the word ""plus"" with black paint over it. They ate selling extreme plus cards as Pro cards. Too bad I waited a month before trying to use this, I am outside of the return window now and have to deal with this piece of junk. Another reviewer has provided photos."
1.0,DO NOT BUY! COUNTERFEIT!,"I was in a hurry, and ordered this MicroSD for my GoPro for a trip to Africa. When I received it, I was slightly concerned that the packaging didn't look exactly the same as the packaging when I saw it at Best Buy. Nevertheless, I popped the card I to my GoPro, fresh formatted the card, and it worked fine... Until it started erroring out constantly resulting in my losing a good bit of very valuable footage while on vacation in Africa."
1.0,Either Counterfeit or Defective,"Unfortunately I should have listened to the negative reviews about this product. I was either sent a counterfeit SanDisk, or a defunct card."
1.0,"DO NOT BUY FROM THIS SELLER, THE CARD IS COUNTERFEIT!!!","I didn't look close enough and mistakenly ordered from this 3rd party seller and not SD/Amazon and got a counterfeit card. I ordered this card for my DJI Mavic Pro and when I received it, the print on the packaging looked slightly blurred. When I opened the cardboard, there was no film keeping the card and adapter in the plastic insert. The San Disk paper marketing materials for their data recovery offering were also not included, even though the packaging says you can find them ""inside."" The print on the card also did not resemble my actual SD card. The adapter almost didn't fit my SD card reader. This isn't the ""New Version."" It's the counterfeit version."
5.0,Works great with my GoPro Hero5 Black,"Bought this for my new GoPro Hero5 Black and it has been working flawlessly so far. I reviewed many other cards and brands before deciding on this particular card. Based on price, feedback and other website reviews, I've decided this would suit my needs. I haven't had any problems yet so no complaints!"
5.0,"Blazing fast, just beware of fakes.",After seeing all the reviews about fakes I took a chance and ordered two open box cards from Amazon Warehouse.  I figured worst that happens is I have to use Amazon's ez pz return process.  I was worried when I opened them and the printing on the cards was kind of dull but they tested out as the fastest cards I've ever seen.  I got 68 MB/s write and 86 MB/s read consistently on both cards so I'm a happy camper.
5.0,Great performance with heavy Android apps,"I am using it to store apps from my Samsung Galaxy S7 Edge. Everything works great and I have no noticeable delay when launching apps, including 1GB games and heavy Gear VR apps."
1.0,Failed in two cameras,"I installed this just over a month ago in a new, well known brand of action camera but in the first week started having problems with the camera.  After 2 weeks of troubleshooting every possible cause, including a bad SD card, to no avail, the camera manufacturer eventually allowed me to return the camera for an replacement, which took another 2 weeks to process. I put the card in the replacement camera, reformatted it, and had problems right away, this time specifically with the card.  It works for a few seconds to maybe a minute in the new camera, then the recording stops with an 'SD Card Error"" message, and this has happened 6-8 times in just 2 days.  I now see other reviewers with problems with the 128 cards, so maybe there is a bad run of them.  Sandisk is the camera manufacturer's preferred brand, so I just ordered two 64GB microSD cards from Amazon to replace this one and hope to have better luck with them.  I would like to get a refund for this product even though I know it is past the cutoff date.  Thanks!"
1.0,Can't record long duration 4K video on GoPro.,"Not fast enough for my GoPro Hero 5 Session when recording in 4K. After 20-30 minutes, the camera stops recording and tells me it's trying to repair a damaged file, then offers to reformat the card. I bought this specifically because it claimed it was fast enough for 4K video, and it's not. I don't know if I have a dud one, or if they're all this bad."
1.0,DO NOT BUY!,"I am a kid in 7th grade and I have always wanted a GoPro for sports and activities and this Christmas I finally got one. when I received this I realized it didn't come with a sd card so I went on amazon and asked if I could but this. After reading the reviews I just thought that the 1 star reviews were just because they got a bad package or something like that. Once I received this I tried to put this in my GoPro and it seemed as if it worked we'll so I tried to take a test picture, on the top it still read ""no sd"" I tried a couple more times and it still didn't work so I looked up how to do it and the video showed that I had done it properly. I went to look at the reviews again and realized that it was probably fake so now I have to go through the trouble of returning it and buying another one. PLEASE DO NOT BUY THE PEOPLE THAT AVE IT FIVE STAR REVIEWS WERE PROBABLY PAYED OR BOTS THAT DID IT TO MAKE THE PRODUCT LOOK BETTER! PLEASE DO NOT BUY! I was going skiing the day after I got it and I was gonna test it out but now I have to wait until another time to test it out. D:"
5.0,Very fast card and excellent storage capability. Recommended for GoPro users!,Excellent card for my GoPro Hero 5 Black.  Plenty of storage.  I can get 4 hours and 38 mins of recording on 4K UHD or 5 hours 38 mins on 2.7K.  Speed is awesome with video being silky smooth and very responsive. Thoroughly recommended to anyone wanting some great MicroSD storage.
1.0,Does not work,"Fitting on the Mavic Pro drone was easy. the drone took off well, but 10 secinds into flight it started juddering badly. I quickly brought the drone in fear of causing damage to it."
5.0,Can't be beat for SBC performance,Outperforms every other card at every price range. If you need an SD card for your RPI or BBB this is the one to get.
5.0,Super fast compared to the non-Extreme versions!,"These Extreme editions are FAST!  I had a SanDisk 64GB microSDXC UHS-I Card boasting up to 80MB/sec.  When installing the latest Raspian image to it I was getting maybe 15-20MB/sec.  On the Extreme edition I was getting about 60-65MB/sec.  While not the ""up to 100MB/sec"" they advertise it's still tons faster than the non-Extreme versions.  Huge difference too with the Raspberry Pi booting up on it.  Will be getting Extreme editions from now on!"
5.0,Great for use in a 4K camera,"I bought a GoPro camera and used a different card in it only to find it had a bunch of errors and pixelation.  I upgraded to this class 10 3 card and recordings were clear and crisp.  Overall, I recommend this card for anyone wanting to record in 4k, as it does what it is supposed to in that regard.  5/5 stars."
1.0,Terrible in Galaxy S9+ and my Windows/MacBook Pro 2017,Well the screenshots says it all. I performed the same benchmark with my MacBook pro 2017 and my Windows laptop and the results on random r/w are the same. I do not recommend this card for a smartphone.
5.0,Great Memory,"Performance is what you expect from Sandisk Extreme Plus UHS-1 cards. Fast, solid, reliable. I only have a USB 3.0 memory card reader, so I was not able to verify the claims of 170MB/s seq reads but I did see 90MB/s + seq read and 80MB/s +write's on CrystalMark. This is a USB 3.0 limitation and not the card's fault. As it is, there is not much point to getting faster on a UHS-1 card anyway. I suspect these are the fastest we will ever see in a UHS-1, with UHS-2 eventually taking over."
1.0,"This card crashed as soon as I reached 119 GB in data, just as others warned","This card crashed as soon as I reached 119 GB in data, just as warned would happen with counterfeit SD cards."
5.0,The memory card is Great. Don't buy it for the RescuePro software,The memory card is Great.
1.0,Slow card error,"After using for more than a month i can say this card is crap, i get slow card errors when it is warm less than 90 out and it freezes my camera. Maybe i just got a bad one maybe not getting speeds around 19mbs"
5.0,"Needed to upgrade to ""EXTREME"" in order to capture 4K video footage. Works perfectly!",Perfect. Needed a new MicroSD card to capture 4k video. The previous card I had (Class 10) couldn't keep up! Camera would keep turning off while recording. I didn't realize they made better SD Cards for 4K video. Works perfectly. Just FYI - you don't necessarily need to pay the premium if you're just looking to snap photos or record 1080p.
5.0,Great flash media,Using in my Amazon Fire HD 10 tablet for additional storage space (so I could save $$ on the device itself). Seems to be working great. Have had excellent luck/results SanDisk flash media over the years. Have many for my digital camera as well as thumb drives. All perform well and hold up very well.
5.0,All my music on a postage stamp,"I have been waiting years for the technology to reach this point, and it's finally here. I digitized my entire (400+) CD collection as FLAC, stored it all on this tiny little guy, and stuck it in my Motorola Z Force Droid. It did take some time to push all that data onto the card, but now I have all my music available at all times. Simply awesome."
4.0,"Works, but...","It's works as a Micro SD card should, but the read and write speeds were no where near what was advertised.  The description stated unto 100MB/s transfer speeds.  When I got the card I did a few test shots with my Sony A6000, and noticed the same delay time in saving pictures as with my previous U1 card. Just to be sure I used Crystal Disk Mark to test the read/write speeds, which came out to be about 20MB/s Read, and 20MB/s write. The results were nearly the same as with my U1 Micro SD cards. Took 1 Star off because the transfer rates were no where near what was advertised, but I will still recommended this because it works and is supposed to be more durable."
5.0,GREAT PRICE!,"This is actually the 2nd 64gb card I have bought from them and the first one was the exact card in the picture except it was the A2 version not the A1. So I thought I would get another A2 card but it was exactly the same as pictured the A1 version and I tested the speed of both my cards after receiving my most recent one and the A1 version was testing a bit faster with read speeds at 88-89mb/s & write speeds 58-59mb/s. The A2 card tested read speeds at 84-85mb/s and the write speeds at 53-55mb/s even though from I have heard the A2 is supposed to be slightly better. Either way getting a Sandisk Extreme 64gb card A1 or A2 for this price I'll probably buy another, I definitely recommend."
4.0,Staggering upgrade from iPod Classic,"So I bought this to upgrade from my iPod Classic, because it wouldn't support hi-res files and I couldn't accept downgrading my collection from lossless to 256 (that player will continue to live in my car)."
3.0,A bit confusing,"I ordered two at 128GB and I was surprised that they are red and gold (picture displayed red on black) and the card said A2 and packaging A1. Went on to the sandisk chat, they asked me for the codes on the back of the cards and confirmed the cards are genuine and it’s just a packaging issue. The A2 is the latest model and should have better performance? I checked the capacity and that’s good. But when I tested the cards using “Blackmagic Disk Speed test” only got write speeds up to 68.9MB/s and read speeds of 88.7MB/s on my late 2013 iMac built in SD reader (I used the SD adapter in the case). My san disk extreme 10 class sd cards  seem to have better write speeds. I will get to test the microsd cards on a Go Pro7 next week! Keeping it at a conservative 3 starts - for now."
5.0,"Great performance value, not counterfeit",I bought this microSD Prime through Amazon and tested it as soon as it arrived.
4.0,"Great card, but problems with the GoPro 6 persist","GoPro 6 information:  Seems better than the other SD card I bought, but still freezes when it's full and I try to play the files from the camera.  I blame this entirely on GoPro, however this is their recommended card.  I guess I'll endorse it as well, but don't expect the GoPro to be error free with this card."
1.0,Test/Use it as soon as you get it,"I bought this as extra. I already have another sandisk 128gb. I never tried to use this item until I needed it and I was already out of the country for a vacation. Well, it was not working. My Hero6 is getting card read failure. Tried it on my macbook, same problem. My mistake is my confidence and trust that I get good product and will just work like everything else."
1.0,When I inserted in into my smart phone and tried to format it as internal storage,https://www.amazon.com/gp/product/B06XWMQ81P/ref=od_aui_detailpages00?ie=UTF8&psc=1
1.0,... 128 gb micro sd and it is a really bad copy of a real one,"I bought a 128 gb micro sd and it is a really bad copy of a real one. It does not work as intended and it only erased all my data when I saved it. I can see brand was printed over other kind of micro sd and also I found package opened. This thing deserves 0 stars, but I have to put at least one."
1.0,Test immediately upon arrival if intented for use in a GoPro!,Does not perform as advertised. Was not able to get rated video out of my action camera with this card. Purchased in anticipation of getting action cam and was not aware of issue until after return window. I highly recommend you put your card through the paces as soon as you receive it to ensure you haven't gotten a lemon. Doubly disappointed as this was a card that GoPro specifically stated would be capable of high def/high frame-rate capture.
1.0,Slow transfer and stops for 30-60 sec until it starts again,"So slow, nothing as advertised.  Will return it.  I kicked Sandisk to the curb years ago for other brands, wish I never came back."
1.0,Not original or knock offs,Cheaply made and very slow with my drone.  Not the original SanDisk.
1.0,"Corrupted in 2 days, very cheaply made.","Became corrupted after 2 days, wasn't even able to reformat it at that point and would get very hot after only being in the adapter for a few seconds. And then it broke in half as I tried to put it back into the raspberry pi and I hardly put any pressure on it at all. Very cheaply made."
5.0,Excellent for gopro Hero 6,"Very good memory card. This is the one gopro recommends for its cameras. Since I just bought one recently I added this to my car.. and I can see why. This SD Micro card is waterproof, temperature proof and shock proof. No wonder its perfect for gopros. It comes with an adapter for the computer. Excellent!"
5.0,So durable.  Works so well,I used this in a under water camera. Well.. it said it was a under water camera.  It leaked and fried the cam. I thought the ad card was toasted as well because it was soaked. But to my amazement it was still good.
1.0,"RETURN POLICY SUCKS, NO RETURNS.","Didn't work with my camera, and I was not aloud to return it, even though it was a prime item."
5.0,Recommended for 4K video capture,"I got this for a YI 4K camera and it seems to be working great. It was a recommended card in a 2017 Wirecutter article that compared the best card. Note that as of the time I wrote this review, the first picture on Amazon's site is outdated. The card I got was labeled V30 (rated for 4K video at 30 fps) which is shown on the other pictures but not the first one.  Scroll down to ""From the Manufacturer"" section to get the specs and the real image of the card. The ""Compared to similar items"" generated by Amazon also has outdated picture."
5.0,I love these things,These cards are a BEAST! I am using these on my Raspberry Pi boards and they are incredible!
1.0,Not the product advertised.,"Recieved a knockoff card. Does not record @ 100MB/s like advertised, Put it into my DJI Mavic air, it got stuck and was continually warned that it was a 'slow' sd card. Formatted it many times, switched to 4k and started recording to be surprised with slow, jumpy recording."
1.0,this is not the Extreme PRO. Slow,I just noticed the other one star reviews and saw that this can't be the same speeds as the Extreme PRO.  Be careful you don't get this if you need the fastest transfer possible. This is OK but I'm disappointed that it isn't the EXTREME PRO I was wanting.
1.0,Do not buy! Even if it is prime! Does not work!,The first use of the 128gb on my GoPro was alright but in the second use it kept reading sd card error. It is not worth to buy because it’s a waste of time and money.
5.0,"Quality, HIgh Speed Storage for phones are cameras!","This is the microSD memory card that you will want for your phone! For $29.99, you get 64GB of memory in this very fast V30 format. It will allow you to record movies without a hiccup. Also good for cameras too! This is a big increase of storage for a normal 16GB Android phone."
1.0,Misleading Photo,Misleading Photo
1.0,Not good for dashcams,Do not purchase for a dashcam. The card writes too slowly to support dashcam use.
1.0,El producto no llegó,No recibí el producto.
5.0,Fast and reliable,Works great.  I use it for my GoPro Hero 5 Session.  No issues and fast.
4.0,currently works,"I've had many of these in the past. They seem to fail after a year of filling up with pictures, become corrupt and unusable. I've never attempted any warranty claim. Less hassle to just buy another one.  Not happy about losing pictures that weren't backed up. I have a little higher end Lexar in my 4k action cam and haven't had any issues with it yet. Didn't want to spend the extra $ for phone use.  Bottom line, Backup everything if you want to keep it."
1.0,Doesn't work with sj6 legend sjcam,"Received wrong product? The box says uhs 1, but I ordered uhs 3... Doesn't work with my sjcam...  There is '' memory error '' on the screen"
5.0,Spend the extra money to protect your memories,This is something that I reccomend paying a higher price for. These cards are what hold your photos and memories on them and buying a subpar product could lead to issues down the road. These are tried and true and will stand the test of time. Work perfectly in my GoPro and will continue to purchase again and again.
5.0,Awesome read/write speeds,On my Galaxy S9+ I'm getting 65MB/s write speeds and 85MB/s read speeds. A big step up from 14/35 on my previous sandisk 128GB card. Very happy. With the 238 GB of usable storage (android system always uses a percentage for file directory and system files) plus the almost 39 GB of internal storage I have free I'm pretty well set for storage.
1.0,Counterfeit card,This is a counterfeit card it does not perform at the speed advertised.i checked it and compared to other card on my computer with a card reader.it operates at 15 mbps.
5.0,Great performace in the Raspberry Pi,I got this to be the storage device for a raspberry pi -- and I'm amazed at how fast it is! I never suspected one of these flash drives could feel like an SSD ;) I'm really impressed with this little thing. I bought a second one for another Pi as well. 100% satisfied and happy too
1.0,Defective,Product worked great for a few weeks and now I get an errror and will not record.  Wasters money
4.0,"Good fast card, but not accepted by older firmware of the Yi 4K plus action camera.","Bought this card for my Yi 4K plus action camera. It was not compatible with the camera's firmware version 1.0.4. I had to use another older card I had lying around (sandisk ultra 32GB v10) to update the firmware of the camera, and then it worked. This card gives me exactly 1 hour, 22 minutes of recording time @ 4K resolution, 30FPS on the Yi. I also tested it on my Andriod phone (which caused it to become write protected, thanks to andriod lollipop, preventing formatting and use in any other device... It was a huge nightmare but my older cheap action camera was able to format it with the write protection at a low level as compared to using my Windows 10 laptop which failed and, after the firmware update of the Yi using the older card I had this new card worked perfectly on the Yi 4K plus). It was a massive headache but the quality of the card is good, its super fast and gives decent recording time. Allows for 59GB of storage out of 64GB."
1.0,Possible fake and defective,The 128gb card only reads 23gb. It will not format to anything larger.
5.0,It's a great product.,"I needed a microSD card with at least 128GB of storage space with fast & stable performance for my Autel Evo drone and this Sandisk Extreme card fit the bill perfectly~!  With powerful specifications such as A2, V30, and U3, this is the perfect card for action cameras and drones.  Good stuff, Sandisk~!!"
1.0,Just stopped working :(,It lasted less than one month before it stopped working. Good thing I bought the cheapest one to try this type of card. I am never buying an SD card from SanDisk again.
5.0,Lightning fast Raspberry Pi boot,"I copied my U1 micro SD to this U3 card for a Raspberry Pi 3B+.  The boot time on Raspbian was less than a second after hardware boot--I don't see the commands executing on the scrolling screen as I did with the U1--the desktop just comes up and is ready to go.  I bought a 64 GB version of the same micro USB for a digital camera, and the image write time is far less than a second."
5.0,Great little high performance micro SD card for portable applications like a Raspberry Pi,"Got this card specifically for my raspberry pi to boost random I/O performance (boot-up and program loading) and it is noticeably faster than before on a standard UHS-I card.  Several people have also posted reviews on receiving fake cards and I did get what is on the listing, though I specifically picked a ""100% positive"" seller to avoid that lottery.  Great little card if you get what you paid for."
1.0,Broken on arrival and stuck on read-only,"The product arrived broken, stuck on read-only. Toggling the read-write switch on the SD card did not work. Tested on multiple computers."
5.0,Works Perfect in GoPro Hero 6 Black,The Real Deal! I am using three of them with my GoPro Hero 6 black. Tried every resolution and frame rate settings out and it is flawless. Make sure you CHECK THE SELLERS RATINGS BEFORE YOU BUY. If they dont have 100’s of good reviews or have a only a handfull they probably are selling fake cards.
2.0,Great when it works.,"The memory card was working absolutely fine for a month, and then out of nowhere it stopped working.  i lost over 100gb of pictures!  it cant be read."
5.0,It's fast,"It works great as expected with my gopro hero 2018 camera; sometimes the quick recording functions freezes the camera but I don't think it's related to the card, instead of that it could be a problem with the camera firmware."
1.0,One Star,Received UHS-1 card instead of UHS-3 going back tomorrow
4.0,Pretty good some concerns with GoPro,So far so good. However I did knock off a star because GoPro no longer recommends it for the Hero 6 which is why I bought it. I've read that for some that there is an issue once you get to 100GB and that you might not be able to use the last 28. I'm not sure if that's why GoPro removed it from their recommended list but that is a concern.
3.0,Expensive for one card,"I just got this card.  After several tries of getting bad cards, this one fits in my camera, but I have to wait a bit longer to see how it works.  I thought it’d come in a pack of 3.  Just reading carefully, it turns out to be class 3.  For just one card, it seems really expensive for 32GB.  If it works well and does not corrupt easily then it’s worth it.  I’m surprised how hard it is to find a good Card that lasts!  Will report back after a while."
1.0,Knock Off,Total space it gave me was less than what it needed to be. I was expecting 64 GB of total space but instead I got 59.45 GB.
5.0,Love it!,"I wanted to keep using my LG Stylo 2 phone on WiFi, but it was loading apps slowly, so I replaced the card with this one. The speed difference in loading the apps I have on the card is amazing."
1.0,One Star,Sd card error on the hero 6
1.0,File corruption,This corrupts every other file I record I have missed the return date and have lost plenty of important moments. I bought this to pair with my new insta360 one x as recommended and would advise against it.
1.0,Item is not original.,Item is not original.
3.0,The difference in the description and what you get.,"I don't have any complaints about the microSD except the description says it is the ""microSDHC UHS-3 Card - SDSQXAF-032G-GN6MA""  but when it arrives you read the back of the card and it says it's ""microSDHC UHS-1""  The package is the same as online with the same code of SDSQXAF-032G-GN6MA....I'm not the expert but how can it be UHS-3 and UHS-1?  How is it the faster 3 but the slower 1?"
2.0,Corrupting Files,"My GoPro kept corrupting files, and it took me a while to narrow the problem down to this SD card. I think it was just a bad one in the batch because I bought the same card from Best Buy and am having no more issues. I'm way past the return period though, so I'll just have to toss it. Would not recommend getting them off here."
5.0,The difference in price isn't that great to make a difference in buying these over the cheaper ones.,"Love these cards. They are primarily used in my Drones for some awesome 4K footage. They haven't had an issue with keeping up with camera input. They seem durable and have actually been through a few laundry cycles. Of course not intentionally, but they make it through and I haven't noticed a performance issues at all."
1.0,Didn't work.,Didn't work with my dash cam for some reason. The actual physical fitment did't work even though the unit called for a micro sd reader so I think it was maybe defective.
5.0,No more sunburnt videos,I bought this card to use in the dashcam in our truck after burning up 2 standard cards.  Before i had to pull the camera out of the windshield if we parked wich was defeating the purpose of a dash cam.  Twice i forgot and the cards failed and the camera shut down due to heat.... now i dont have to and it runs continuously without heat failure.
5.0,What's not to like?,It's a microSD card. It's SanDisk. It works. I've used lots of SanDisk memory products and have never had a problem with any of them. I can't say the same for the el-cheapo memory cards I've used. SanDisk doesn't cost a whole lot more than those el-cheapo brands and in the long run they'll save you money (and aggravation).
1.0,Card failed right out of the package. No option to return. Buyer beware!,Card arrived in good condition but was defective.  Tried to use card in drone like I have done all my SanDisk micro SD cards and it failed. Drone is used daily and operates perfect with other SD cards. There is no option to return the card even though I’ve owned it less than a week.  Very disappointed Amazon and Sandisk.
1.0,FAKE - DO NOT BUY!,"Memory card is fake, did speed tests and is slower than my Ultra, the labeling with A1 beside it is not from SanDisk...Also, card coloring looks orange rather than bright red like on my other cards.  Amazon needs to validate who they are buying this crap from....Got refund, wasted my time..."
1.0,Received a defective product,I received this item and it stopped working within five days. I only used it once. I’m sending it back and getting a refund.
5.0,Fast and furious,"I bought this gamecard for my Nintendo Switch. I just plugged it in the console, it made an udpate and it was ready to go. This is one of the fastest memory cards in the market. The price is great, I got it half the price of what it's sold on average on the country (50USD+) and it works perfectly."
4.0,I'd say it's pretty reasonable. Hopefully it will prove reliable but fortunately,"I used this without issues on my Mavic Air, for both video and 100 bps, and also for photography. For the amount of storage at that price, I'd say it's pretty reasonable. Hopefully it will prove reliable but fortunately, the Mavic Air also has internal storage for emergencies!"
5.0,SanDisk?  'Nuff said.,Got this for use in a smart phone.  Fabulous so far. Went with the fastest possible memory speed to minimize the time required for the camera app to reset for a another image capture. SanDisk has been around a very long time.  Never had a issue with any solid state data storage device from them.
1.0,One Star,did not save some video on hero camera. cant recommend
5.0,No issue shooting 4k video,This product is great! Shoots 4k video at 30fps seamlessly and doesn't ever get interupted. I use this for my Phantom 4 Pro + and it does exactly what I want it to. Capture amazing 4k video! It transfers quickly to my computer which is perfect for when we are traveling the world to different countries filming. (We are travel cinematographers.) I recommend this card and will be buying 2 more very soon for a trip to the Philippines!
5.0,Very pleased!,Bought this for a GoPro Hero 5 which I was using a previous card out of my Hero 3 and getting the issue of recording for 15 seconds and then getting a memory error.  Totally was due to that older card.  This one is the proper specs and so far I've filled it up quite a bit with no issues.  Very pleased!
5.0,Still works after being bent by the postman,Work great so far. Will see how they survive inside my kids GoPro sailing trip.
5.0,Great for Nintendo Switch,Works fantastic with my Nintendo Switch
1.0,FAKE Do Not Buy - Error Messages - Don't Waste Your Money,This card has errors everytime I use it. It completely died after 4 uses. Just heard b as co from SanDisk that the card is a fake. I am furious!!!
3.0,Package and card don't match,"What is going on here?  I purchased both A1 and A2 version, the A1 version not only doesn't look like the black card as advertised, it's actually the same as the A2 version but the package shows it's an A1 version with slower speed?  I can't believe SanDisk would make such a mistake, is this even a legit SanDisk product???"
1.0,Card could not be recognized by multiple cameras,"Card could not be recognized by multiple cameras for long periods of time. Intermittently would work, but then fail again. I initially thought it was my new camera that was acting up, so I spent a lot of time updating software and reformatting this card. Eventually after working with camera maker, I decided to buy a card for $30 and it worked great. Clearly this card is not worth the money and you are better off spending the extra $20 to buy a card that works properly and avoid the hassle I went through."
1.0,The packaging says A1 but the SD card is actually A2,Beware that  packaging says A1 but the SD card is actually A2.  I have heard so many problems with newer A2 SD cards and I purposely decided to buy the older A1 version.  To my surprise when I received it. The card is actually V2 even though the packaging still says A1.
5.0,Provides More Storage,"Bought this after my older 32 GB SD card quit working in my Samsung S7 phone.  After I installed it, I found an app to move applications to the new SD card and gained 10 GB more storage in my primary phone memory.  Great way to add more apps without upgrading your phone."
5.0,I'm thinking about buying more and keeping them on hand for temporary backups and the like.,I used to only use 64GB cards in my devices but figured I should move up to 128GB since they are supported. So far I haven't had any issues at all (unlike my 64GB cards). I'm thinking about buying more and keeping them on hand for temporary backups and the like.
5.0,"Purchased for my new (used) GoPro  camera, it was on the recommended microSD card list.","I was looking for a micro SD card for my new Gopro camera.  This was one that was on their recommended/approved list.  No issues at all, works as designed. I didn’t even notice that it came with the adapter, but it did and I should’ve seen that in the details so that was nice."
5.0,Great reliable micro SD Cards.,Ordered this micro SD card when I upgraded to a new drone and my older scandisk cards were to slow for 4K video. I have had great experience with scandisk cards. I use them I’m all of my camera and drone gear. My only suggestion to fellow drone flyers is to go for a bigger card (more memory). I’m definitely ordering another on.
1.0,Worst SD card ever,"This card does not works, I thought it was a problem with my GoPro 6. I lost 120 pictures and 10 videos.  I tested with my Canon 70D, same problem 100 pictures lost. Finally with my new  GoPro 7 it only kept  recording for 2"
1.0,Product listed as new but had previously been opened,"Product was listed as new but had previously been opened. In today's world of rampant computer viruses, how do I know this card is safe to use. I leave for vacation tomorrow and don't know whether I can trust the card or not. Great. Thanks Amazon."
5.0,Perfect for GoPro and general purpose camera filming,Purchased this microSD for my GoPro Hero 6 where the camera had  unfortunately had to be returned due to manufacturing defect. I've been using this card however in my DSLR for the past year and half without issue. It's great for overflow photos!
1.0,"Bought 15 of them, giving me writing error all ...","Bought 15 of them, giving me writing error all the time with gopro 6. if you do not want to miss your shot DONT buy them!"
5.0,Great so far!,Bought two of these in case something happens to one while on a trip/I ran out of room.....and I can proudly say I haven’t needed the second one yet. This guy takes a lot of videos without running out of space.
5.0,Hero 7 Black,I have been using this with a 
5.0,A very high performance microSD card for 4K video capturing,This is very economically priced and worked well for 4K video recordings at 30fps.  Best for those 4K cameras and/or drone cameras that can do 4K resolution recordings
5.0,"Best Micro SD purchase I had by far, for 32GB","Great speeds, Worked great on a smart phone and then my N3DS. Worth the price but it's a shame a Nintendo 3DS only supports a max of 32GB."
1.0,One Star,It does not work with my laptop.
1.0,FAKE MEMORY CARD — DOES NOT WORK,I received a FAKE memory card!! Extremely disappointing. See pictures attached. The bottom card is the fake. It has a glossed over finish and says “made in Taiwan” on the back. I put this card into my Sony 4K camera and my GoPro — did NOT work.
5.0,Holds a lot of pictures,"Used in my Canon 6D, fast enough for continuous video, and big enough for RAW image storage as well as JPG. These have been reliable, in my experience."
1.0,No returns--even if defective!!!,I have a defective card and return policy states there are no returns. I am out $19.
5.0,Great card for small cameras and 4k cameras.,"I use this in my DJI Phantom 4 because it needs a higher write speed for 4k video. This is an excellent card to use, and has not glitches like some slower cards have in the past."
5.0,Mine was real,I am happy I purchased this product since I was running out of room on my phone. I did buy the extreme 128gb micro sd card.  I was worried about some of the negative reviews regarding the fakes that have been sent and decided to get one anyways.  I checked out everything and it is a legitimate Sandisk card.
3.0,I thought it was a good product but I got a faulty piece,"It lasted very little time and stopped working, it does not let me format the card anymore, I can not erase or record more information on the card."
5.0,Great for Mavic Pro,Great products! Haven't had any issues. SanDisk consistently provides great products!
5.0,Greater price/performance ratio on an MMC overclocked Rasberry Pi 3,"Before buying these, I compared prices on all of the top performing cards for RPis with overclocked MMCs.  These were the best value by far."
5.0,You get what you pay for,SanDisk is the only thing I will be purchasing from now on. I bought the Samsung 128gb and it worked for a day or 2 then started giving me problems for my GoPro Hero 5. I would not save the files of my ride to work on my Motorcycle. You definitely need to have footage of your ride when on a motorcycle due to all those ppl that don't pay attention.
5.0,"Great for GoPro cameras, the ONLY card for ALL GoPros!","Purchased this for my GoPro Hero 4 silver and couldn't be happier! Seems to be working great so far and offering quite a good read speed on my MacBook Pro. I have only used SanDisk Extremes for my GoPro and they have all given me no problems, plan on buying more of these too. Thanks for a reliable and fast product."
1.0,Became defective in two weeks.,Became defective in two weeks.  Write protection problem.
4.0,Works great,Works great for my Galaxy 8S8
4.0,Good for 4K video,Works for 4K video fine.
5.0,Much faster than my old micro SD card.,Tripled my phone's speed. I stored a lot of my apps data on an older PNY 128gb micro SD card. My phone reads and writes to this card so much faster!
1.0,Counterfeit Card - Lost Data Today - Came as an A2 not as the pictured A1,"Lost photos on a drone shoot today and finally figured out that these cards are counterfeit. This is what happens with counterfeit memory. It looks like a 64GB card, but after 4GB, you start losing data. Stay Far Away!"
5.0,"Blazing fast, Lots of storage, Works perfectly.","Other than it provided additional storage, I cannot even tell it is there.  Integrates into my tablet perfectly. I would purchase this again. (128 GB is the max. my tablet supported.  I would have purchased a larger one if it would have worked.  Still, 128 GB is plenty of additional space for books, podcasts, pictures, and some live video.)  Very pleased with SanDisk."
5.0,4k Fast,Very fast storage for taking photos on LG G4 Stylo in 4k. Also great for video and significantly better than cheaper cards of similar capacity.
5.0,Works for me,"My card is used in DJI drones. While the drones do not require anything faster than 100 megabits per second (write), this card at up to 480 megabits per second (60MBps) seems to complete photos faster than most others. Recommended."
2.0,This card lasted less than a year.,I don't know what else to say.  It was in a PDR in my vehicle and lasted less than a year.  Card died without warning.
1.0,It is not the product that I requested!,"I bought a SanDisk Extreme 128GB microSDXC UHS-3 Card - SDSQXAF-128G-GN6MA [Newest Version]. However, I received a SanDisk Extreme 128GB microSD UHS-I Card with Adapter - 160MB / s U3 A2 - SDSQXA1-128G-GN6MA."
5.0,Sandisk Delivers,Using the Sandisk 64gb micro sd with my new Yi 4K Action camera. Recommended by Yi.
5.0,Worked fine recording at 4k x 30 on my Mavic Air,I originally bought the SanDisk Extreme Pro 64gb for my Mavic Air. That card wasn’t available so I bought this one. SanDisk Extreme 64gb. Worked fine recording at 4k x 30 on my Mavic Air.
3.0,Great -- when it works,"I ordered two of these microSDHC cards for use in my phone and Amazon Fire. After about 2.5 months, the card in my Fire suddenly stopped registering, and no attempts to reformat it or use it in another device have been successful. The card in my phone is still working well and has helped me store thousands of photos over the past few months, but I've been making sure to back up the files frequently, just in case this card fails, too."
5.0,"Reliable, easy to Transport, excellent Speed",Extremely happy with the performance of the MicroSD card.  This is my fourth one as I truly love the speed and durability. Does the job very well and high recommend this for any purpose that calls for a microSD disk.  I love it.
5.0,Nice high speed SD card,"These ""Extreme 64GB SD cards work great with my action camera shooting 4K HD @ 60fps.  No issues with buffering of any delays in writing to the card.  Transfers to the PC are fairly quick as well, as fast the PC will support."
5.0,Highly Recommend for GoPro,"Got this for my GoPro Hero 5 Black. I get just over 8.25 hours of recording time now at 1080p, 60fps, about 4 hours and 20 minutes at 4K, 30fps"
5.0,"if you need one, this works great","need the 128's now a days, this is dependable brand and the speed i needed and the price equaled or better than what's out there, added it with an order i already had and saved me a trip to micro center or staples ... and no stinking tax!"
1.0,DID NOT RECEIVE 64GB CHIP,METHOD TO REPORT ITEMS NOT RECEIVED DIFFICULT.  REORDERED ITEM.
1.0,failed,product failed after a couple month. Will not format
