ratings,rev_head,revs
1.0,SanDisk Cruzer CZ36 64GB USB 2.0 Flash Drive SDCZ36-064G-AFFP has a serious design flaw where it becomes WRITE PROTECTED,"I have been using SanDisk products since they first became available and have never had any issues with the 8GB, 16GB and 32 GB size. All have been 100% reliable over many years.  (So far!)  I think I there are still some 4GB units in daily use that continue to work flawlessly!  Unfortunately, I can NOT say the same about the SanDisk Cruzer CZ36 64GB USB 2.0 Flash Drive, SDCZ36-064G-AFFP."
5.0,Easy to Use for Non-Techies Like Me,"I'm a middle aged man who's never had a flash drive before and I couldn't be happier with how easy this thing is to use. I wanted to backup my pictures from my laptop and PC and it was as simple as plug in and drag and drop to to the flash drive. No software to install, directions to follow or formatting to be done. Exactly what I needed. I have over 4000 pictures loaded on this 64 GB flash and there's still over 20 GB left for more. I'm already getting another one to for videos now that I know it's this easy. If I can do this, anyone can."
5.0,Flashy,"No doubt, I lack the technical expertise to evaluate this flash drive – many reviewers provide excellent spec information on the quality parts and superior processing performance of the Cruzer. But I do have the hands-on expertise to say it is an awesome piece of equipment.  File-sharing services may eventually make these drives obsolete, but for those who love securing their data on something they can see and hold, the SanDisk is outstanding. I use these little beauties to back up my computer. I can also easily download my huge graphic files to share with colleagues."
1.0,Not a good idea for any important files or mission-critical data,"We purchased about 20 of these SanDisk drives over the past three years, and about half of them have failed.  I purchased again in October 2017 thinking SanDisk had fixed these problems, but the newest drives I've received also have failed.  Either I get a ""you must format the drive"" while browsing files, or the contents just randomly disappear and the drives are inaccessible unless unplugged and replugged, and the same failures occur yet again."
5.0,"Big enough for archives, small enough for a drawer.","I bought two 256GB drives to archive photos and videos.  Flash drives are ideal for this purpose because they are small, convenient, inexpensive, reliable, and have plenty of memory for thousands of photos, etc. I purchased USB 2.0 drives instead of USB 3.0 because my computer’s output has 2.0 only.  You can check which you have on your MAC, for example: apple/about this mac/system report/USB."
1.0,32GB labeled as 128GB,"Extremely disappointed. I received this flash drive and had been using it to upload pictures over the last week. I was shocked to receive an error message that the drive was full and only had 31.9GB of total space. I double checked the back where the details are printed and it does say it's a 128GB drive, not a 32GB drive. I'm way past my window of return as I didn't start using it until recently and only checked upon receipt that it worked. I never expected that I would have to make sure that SanDisk was actually selling me the size I paid for and not a smaller one disguised as 128GB. This really sours me on SanDisk products. After owning 5 other SanDisk drives over the past years and not having any trouble with them, I thought they were a reliable product."
2.0,Only Buy If You Want A Basic Flash Drive,"I bought this flash drive because I needed an encrypted one for school and SanDisk is a known and trusted brand. However, upon my first use, I put a file in the ""vault"" for secure access (because it is not an actual encrypted flash drive, you manually move files to a password protected area of the flash drive) and five minutes later when I tried to retrieve the file by going into the vault, I got a message saying the flash drive was ejected when it was still in the port and the icon was still on my desktop. I closed out of the vault, went back to the drive window and tried to open the vault. Lo and behold, it wanted me to start from scratch (accept user agreement and reset password). Needless to say, I do not trust putting files on this flash drive and I cannot return it because I threw out the packaging. So now I'm out $16, have a flash drive I do not want nor will I use, AND I have to search for another flash drive."
1.0,First one was not formatted and second one was corrupted within a month.,"Well to start, I ended up with two of these.  The first one arrived and did not work whatsoever.  It asked me from the very start to format the disk, and when I accepted this option (on my brand new computer), I figured out that I as a savvy homeowner could not format the disk and that it should have come already formatted for use with windows.  I applied for a return.  Unfortunately, I order online for a reason and do not have time to make a return so I ended up paying for it and its replacement in the end.  I ordered these for work and to carry important files that I wanted to back up and have with me as I travel.  The replacement worked as promised for about a month or a month and a half.  At this point, I was unable to save anything to the drive and thought maybe the computer was the issue.  I used some smaller usb's that i have and was able to operate them properly.  That is when I realized that my new Cruzer was already corrupted and that to attempt to restore it would mean that I would most likely lose all of my work.  Although I can access all of the files currently on the USB, I cannot add or delete any files making it useless for my needs.  It was irritating enough for the first one not to work, but now neither works.  If you are keeping important documents or anything you NEED or want to keep then I would spend my more money on something that will last.  I'm currently looking to buy another USB as I need it for work, but it will not be a cruiser.  In all fairness, I have not reached out to sandisk but knowing I lost my files is enough for me to try something else."
5.0,Why only 16 Gb,"I bought the 16 Gb model of this drive, in fact I bought two of them. The first question most people would ask is why. With 32, 64 and even 128 Gb drives costing only pennies more why buy such a small capacity? The easy answer is because that’s all I need. In today’s technology the most common media to use to make a restore disk for your computer’s operating system is with a USB thumb drive, for most laptops these days that’s the only media you can use. A typical restore disk needs between 9 - 12 Gb of storage room, making a 16 Gb drive the ideal capacity."
5.0,SanDisk Cruzer remains the best!,"A friend asked me to pick up a flash drive for her. I logged onto Amazon and glanced through the SanDisk Cruzers. They have been my go-to flash drives for years. Currently, I have a 256 mb, a 16 gb and now a 32 gb on my desk. I use all three in solving software problems on friend's computers. So I ordered the 32 gb for the friend and ordered one for myself as well. As always, they work instantly, perfectly and quickly. Great products!"
1.0,It is tooooooo slow! Do NOT buy it.,"I bought 256 GB, It is tooooooo slow! Do NOT buy it."
1.0,Make a recovery disk before trying it.,"Had some bad luck with mine. I'm on a WIN 10 PC. It was very slow to start, then kept giving me an error when transferring. I tried the scan and repair it with no luck. Finally after a few plug and unplug tries my computer crashed. Tried to restart with it not being able to a few times (cold sweat, fear), luckily I have a recovery on a Lexan flash drive that fixed the startup problem. BTW, if you haven't already made a recovery disk or flash, please do. You'll thank yourself if the startup is ever corrupted. Sorry about the bad review. I really wanted it to work. I hope this problem was just a freak thing. I don't have any malware, adware etc. So I need to assume it was the flash drive. I sent it back for a refund."
1.0,Horrible Flash drive,"Okay, I don't usually write a bad review on anything unless it is really bad. This flash drive is horrible. Whenever I put it on the computer, the flash drive would completely delete all the data inside and so I would have to eject it and then put it back in. The first time I put in the flash drive a second time, the data was brought back but then I used it again four more times and I was given the same problem. This is the 5th time I use it and now the data is completely gone."
1.0,Less Than 10mb/s Write Speed,"Super slow write speed; When saving a 72 gigabyte .zip file to this flash drive it was transferring at around 5 mb/s and it said it would take 5 hours 30 minutes to transfer.  My computer supports USB 2.0 and in Windows 7, Device Settings I changed the setting to Performance [That did not increase the transfer speed].  Make sure you research what the Read and Write Speed is for any flash drive you buy.  I recommend the Patriot Supersonic Rage 2 [400mb/s read, 200 mb/s write] or Magnum 2 [400mb/s read, 300mb/s write] USB 3.1 [which are backwards compatible to USB 2.0]."
5.0,Great price,Great for pictures
1.0,Another failure for the review section.. Avoid using this device for important data.,"Connected, backed up, and verified in June, when purchased."
4.0,You Can't Go Wrong with the SanDisk Cruzer Line for Dependability and Value,"I've used a number of thumb drives over the years. SanDisk Cruzers have always been in my list of go-to drives for design and dependability. When my 6-year old 16GB Cruzer  was no longer big enough to hold all my portable apps and music, I knew I had to turn to another Cruzer for the same performance and guaranteed life expectancy. Why Cruzers, you might ask. Well, my 16GB  went through the wash a number of times and still worked after allowing it to dry out before using it. I also lost it in my garden while I was weeding the garden in the Fall. When planting in the Spring, I found the drive in the dirt. I cleaned it off with rubbing alcohol and let it dry out. After snow, rain, frost, thaw, etc., the darn thing still chugged along after I plugged it in. At that point, for me, I was sold on Cruzers for life."
1.0,... for me and told me that this is the best quality brand out there,"My husband bought the Flash drive for me and told me that this is the best quality brand out there. However, after 4 months use (I use it maybe once a week maximum), it just decided to get loose in between the metal and plastic part and automatic disconnect to the computer every time I plugged it in the computer. UNLESS I kept on pushing the flash drive to a certain angle (Not every angle works)!! So it means that I got one hand occupied with pushing the flash drive hard and the other hand uses my mouse. How ridiculous is that!!! And there were multiple times, I couldn't even slide it out because of the GENIUS design."
4.0,"Large, quality jump drive perfect for storing pictures!","I am in the process of moving my pictures off of CD’s and onto jump drives and am looking for high quality, high storage devices.  SanDisk is a trusted brand, so I was excited to find such a deal on this 32GB disk."
2.0,"Good Flash Drive, Crappy design","Bought this because it was really cheap and has a decent amount of capacity (64GB model, really only about 56-58GB ) but there are a couple issues I have with  thumb-drive. 1st one is the design, its a sliding design, which is great for storage but can be a pain in the arse when inserting it into the usb ports. The sliding mechanism doesnt lock when fully open/extended, therefore when you insert it, it will either not fully go in or close/slide back in."
3.0,"Password protected 'Vault"" part of it doesn't work but using it as a simple flash drive works fine","This is my second SanDisk Cruzer 128GB flash drive that I bought.  The first one I bought had no problems (I think it is a different version, though) so I jumped at buying this one when it was marked down so low.  This one; however, had some major problems!  The security software that allows you to put everything in the ""vault"" and password protect the data does not work.  If you don't need the password protection, though, this flash drive works just fine - just drag your data into the folder and ignore the program on it altogether."
3.0,No way to attach to key ring,This flash drive has a small pin on the back but there is no small ring or any way to attach this to a key ring or lanyard. You would need the style that has a string to loop through the pin (which I don't have). I wish it came with some way to attach it to a normal key chain without having to order a special lanyard to attach it. SEE PHOTO which shows all the styles of rings and hooks I tried but NONE will attach to this flash drive. Only the string/loop style will work.
1.0,DO NOT BUY. FAKE ITEM,"I attempted to put 36.8gb of photos and videos in it but it said there wasn't enough space available. I was however able to fit 29.8gb. It is most likely a 32gb with the outside showing 128gb and the computer reading 128. However, when you try to use more than the 32 you get an error. Crazy how amazon allows this."
5.0,These work just fine and are quite durable.,I bought three of these memory sticks. One was for me and the other two were for each of my sons. We have all used ours and have had no issues at all with them. They seem fast enough for me to upload from and to download to and their capacity is correct. They are sturdy and have been used numerous times without any sorts of issues. These weren't very expensive but they are fine for most needs. I may buy a couple of more for things I want to store off the computer now that I see how durable and reliable they are.
1.0,"""The disk is write protected"" -- I can't transfer anything.","I purchased this USB to transfer files from my camera/GoPro while on vacation but when I transfer files, it tells me ""The disk is write protected."" and I can't transfer anything. I tried to reformat it but it tells me the same thing. Not a good thing to spend all this money and cannot use it."
1.0,Do yourself a favor and buy another brand.,"Must revise my good review. I was a bit hasty in giving these drives a good review. I purchased a package of 2 - 32gb Sandisk flash drives a couple of weeks ago . I have the exact same ones I purchased a few years ago and they have performed well over the years although they are a little slow, but that may be because of other factors not related to the drives."
1.0,"Slow, slow, slow",This is one of the slowest flash drives I've used!  I swapped it with another flash drive and it was almost 3 to 5 times faster.  I tried different ports and reformatting the drive and nothing helped. I guess a should have read the reviews that tested the speed and I would have found this out before I ordered it.  It's going back...
5.0,"A great flash drive for audio in the car as well as for data transfer and storage (**UPDATE Feb 18, 2018**)",So far it's been fantastic. I use it in my car to play 100s of music files but I also use this same drive to transfer other data from my computers.
5.0,"Quality product by Sandisk, Highly recommend","The flash drive works well out of the box. The slider allows the user to protect the USB connector when not in use. It extends the connector and locks it in place when needed. However, the included SanDiskSecure Access software is confusing, because its ""Download for Mac"" document makes it seem that it is necessary to install in order to use the flash drive. But the software is intended to set up encryption and password protection for data on the drive. This is not needed for most users who just want to transfer data. I removed the software installer from this drive to free up space. When it comes to high quality memory cards or flash drives Sandisk products are the state of the art standard. I've used mostly all of the other ones out there with mixed results. Some were good and some not so good..but I never had a Sandisk drive or memory card fail on me ever. When you buy one of these you know and can be confident it's going to work. This brand has proven to be extremely reliable time after time. I use them to take my data with me on office machines and to back up all my mp3's at home. High marks for quality and workmanship"
3.0,Retractable Design is Annoying,"The drive works just fine and I trust SanDisk quality, however the Cruzer can be difficult to plug in due to the retractable design.  If you don't keep the red slider forward with your finger on it then the plug retracts into the body of the Cruzer instead of plugging into the port.  This has turned up as a problem especially when trying to use one of the side-by-side USB ports on the front of my computer when one of them is in use.  In this instance there is a 50-50 chance that the slider on the Cruzer cannot be reached because it is facing the other plugged in USB device."
5.0,I like these larges size SanDisk USB units,"I like these larges size SanDisk USB units. I use them when I am on any trip. I always take my lap top so after I take photos I download to my pc, then immediately transfer them to my USB disks. I have lost too many things. Now I don't. I take tons of photos whenever I go by a cemetery. After, downloading them it saves them until I can get home. I go through them a loy. SanDisk is the only brand I will use. I have had had to many malfunctions with some of the off brands."
1.0,Hardware design fault -- past and present!,"I just got off the phone with SanDisk Tech Support, and I can say that I will NEVER purchase another device from this company! My 2015 SanDisk Cruzer 128GB randomly acquired the ""write protected"" fault this week, and now it cannot be read from, written to, formatted, or fixed."
4.0,If you download videos get this flash drive if you own a PlayStation 3 or Xbox 360,All flash drives and hard drives are less usable storage than advertised because of the file system they use that's normal the part of the storage you don't get or have access to is used as flash memory so you transfer speed won't be so slow if you access to all of the storage your transfer speed would be more like 500kbps not the 5 to 17 mbps you get with the their configured now what would rather have slow transfer speeds or fast speeds.
1.0,It is useless! Personally,"When I first tried to use this I was able to write files, but then could do nothing else (delete, copy, format, move, etc.) because the disk, for no reason, became ""write protected."" I did not install or use their ""vault"" application, and in fact the application cannot even be installed (even after downloading the ""update""). On the Scandisk website you can see that this is a known problem, and they offer a RMA if you jump through many hoops (too many for a $14 product). No wonder it is selling for such a low price! It is useless! Personally, I never will buy a product from Scandisk again, not because this USB drive has this problem, but because they don't care and have done nothing meaningful to solve it. They just keep selling the defective product. I have spent hours searching the web for a solution, but apparently none exists, so don't waste your time."
4.0,"Works, but slow","Bought this to transfer my precious photos from one computer to another. had a hard drive crash, and I was able to get my photos and documents off the drive and put onto another computer, but after replacing the HD, the computers would not ""See"" each other. So I bought this. It works, but I did not pay attention to the specs when I bought it. Since it is USB 2.0 it took 3 hours to copy 58 gigs (all you get, not 64 as advertised) of files. So that meant 6 hours total as I then had to copy them to the new hard drive. It works, but slowly. I will use it for incremental backups once a week now, and the slow speed should not be an issue. However, if I were to do it again, I would spend the extra 3 dollars and get the USB 3.0 model. Only reason I don't give it 5 stars is the slow speed."
1.0,"One defective, one had less space than advertised","I was buying this specifically as a cheap option to back up a family member's old camcorder videos, and I was only going to be writing to the drive once (so the slow USB 2.0 speed was not a problem for me).  I needed a capacity of at least 126.7 GB or 118 GiB, so I ordered the ""128 GB"" model.  The first drive that I received seemed to have the right capacity (128,036,372,480 bytes, or 119.24 GiB).  However, after copying less than 2 GB of files to the drive, the transfer froze with an I/O error, and the drive was unusable going forward.  I could no longer add any files to the disk, and I could not reformat it (other than quick format) without that hanging as well.  I assumed it was either defective or possibly counterfeit, since I've read about getting models that were labeled 128 GB and only being 2 GB... but I assumed that since I made sure to order from Amazon as the seller and not a 3rd party, that was not the issue.  So I tried again and requested a replacement from Amazon, and I received another drive that did not have the I/O error and looks exactly the same, but the capacity on this one is almost 3 GB less than the first (125,452,681,216 bytes, or 116.84 GiB).  Neither one was able to store the advertised capacity that I needed, so I returned both.  I won't be ordering another one of this model."
4.0,This Flashdrive is for primarily storage,If you use the San disk vault software.  You can password protect it.  There is no option to open a file within the vault.
3.0,Significantly slower than the Sandisk Cruzer Glide 3.0,"I copied a 32Gb Adobe Lightroom file back and forth to this drive and USB3 version. This drive is significantly slower than the USB3 version in all cases, including being slower on a USB3 port than on a USB2 port. I paid the same for each, and cannot see any reason for buying this one."
1.0,Don't buy SanDisk Cruzer 64GB,"Don't buy this before you read the reviews! I realized that this simple and ""used to be"" perfect devise is now loaded with extra garbage that ""keeps your files safe"" - rather, keeps them from you using them. All that does is make this small storage devise useless and too much of a pain even to try wading through the online setup instructions. It also robs you of 8 MG of storage needed for their stuff. It was perfect before they added the extra stuff."
1.0,Repair This Drive Message: second time it was used,"Arrived quickly, however it is extremely slow to transfer files. Then, the second time I plugged it into the computer an error message appeared: ""Repair this drive: We found errors on this drive. To prevent data loss, repair this drive now."" I cannot believe it, but I suppose it's better to learn the SanDisk Cruzer is faulty early on before I actually lose data. I'll never trust it, so it was a waste of money. I have many SanDisk products and have never had a problem until now."
1.0,Intermittent Failure,"I've owned other SanDisk drives and usually like them. This one failed within days of using it. I plugged it in, and Windows recognized it, and then an hour later, it disappeared from Windows Explorer. I shut down the computer, pulled it out, restarted, and plugged it back in. Copied files to it. And again, within a short time, it failed and disappeared. Even tried multiple USB slots. Nothing."
2.0,It's sad when I have much older 2g uSD cards that ...,"I bought 3 of these for USB RAID testing. Writing to these things is SLOOWWW... even in a RAID stripe. Running across reviews on another site, this seems to be a very common problem with SanDisk, which is disappointing. Even doing a raw /dev/zero in linux returns a slow write speed. It usually takes around 45-50 minutes for a full blanking pass. I've tried different file system options and such for write block alignment, but nothing really helps. It's sad when I have much older 2g uSD cards that can out perform these. I guess the next time I'm buying USB flash storage, uSD with known and (supposedly) guaranteed rates is the way I'll go."
3.0,Spend an extra dollar and get something that works right off the bat.,"The price was decent. For my computer running Windows 7 Professional, it wasn't plug and play. Requiring the user to go online and find a driver for a flash drive this day and age is a little ridiculous. Going into device manager and having it auto search for drivers yields no results."
3.0,"Decent flash drive, but SecureAccess isn't the best.","It's 64GB and USB 2.0, no doubt about that.  No issues transferring data to and from the Cruzer, but the SecureAccess software is a pain to use.  Sometimes it works, other times it doesn't. Another time I had everything encrypted, but then it wouldn't recognize the password to let me access it.  I had to wipe the drive and start all over again (luckily this is used as a third level of backups, so wasn't much of an issue)."
5.0,a great storage solution,"I bought the 64GB version of this flash drive in 2013 and it has worked really well. Three years later, I’m still using it with no problems at all, so I decided to get the 256GB version on Prime Day. The look hasn’t changed and it’s the same as my old one in every way except that I can put a lot more on it."
1.0,Worthless,"I bought this flash drive after returning from a time in the UK. Downloaded all my pictures from that trip which numbered in the thousands.  The next time I plugged it in, it was asking for a password which I had never set up.  I tried every thing I could think of to get to my pictures with out success.  So now it is totally worthless to me.  I have 6 other San disk flash drives and they access like any other flash drive should.  I don't know why in hell they would even put in such a lousy security feature in a flash drive, but if this is what they have gone to, I'll never buy another san disk flash drive."
1.0,This is a piece of @$#!!,"I have to off load my photos so I bought this USB.  It has never worked again.  A week later when i need one of the photos, nada, zip.  I have lost all my photos now so thanks for the lousy product.  If you really hate someone get them this for a gift and really ef them over.  This product sucks and is worse than a worthless item cuz you will loose everything."
2.0,Not really 16GB,"Okay.  One major flaw-  I bought these specifically because I had about 15 GB of files to backup.  I come to find out, as I'm doing the copying, there's not enough storage to finish.  I check the properties of the drive and it tells me it only has about 14.3 GB capacity.  Now it does come with some preloaded files.  But I removed those and actually completely reformatted the drive.  But apparently after doing some searching most storage device companies, I suppose including SanDisk, classify 1 gigabyte (GB) = 1 billion bytes.  I work in IT, and I was surprised to find they did this.  This is not true!  1 KB = 1024 bytes.  1 MB = 1024 KB.  1 GB = 1024 MB.  So 1 GB = 1024 x 1024 x 1024 bytes.  Do the proper math and in computer reality, you are losing bytes here.  Also, I'm not that impressed by the write speed.  But that doesn't bother me as much."
2.0,"Don't bother, go with the other similarly priced brand","I bought this and a PNY thumb drive at the same time. The sandisk is a disappointment! I don't know if it's the programming or what, but this drive constantly disappears from my computer. I was in the middle of watching a series I had stored on it, and halfway through one of the episodes, the drive just went away, and the computer couldn't find the files. It shut itself down while it was being used!! I had to constantly take the drive out of the usb port and put it back in so the drive would show up. I have 3 ports, and this happened in all of them. When it worked, it did what it was supposed to, which is the reason for the two stars. Meanwhile, the PNY is working perfectly. I'm avoiding sandisk from now on."
4.0,"Not bad, but not really spectacular either","Not particularly a big fan of Sandisk since they were acquired by Western Digital. The quality of their products has suffered because of it. The storage capacity is pretty much on point around 14.5 GB (depending on how it was formatted). The write speed I’ve encountered is roughly 5.2 MB a second, which is kinda poor when compared to the Kingston and Silicon Power drives I own (20.1 MB/sec. on average). I usually won’t purchase anything by Sandisk if I don’t have to, but purchased this for a client so they can have a recovery drive for the laptop I had to service. Sandisk isn’t for me personally, but if your experience has been a positive one, then by all means keep being a customer of theirs."
1.0,Utterly useless,"The zip drive came in in a write-protected mode that could not be changed. After 15 minutes on Sandisk forums I found out that this is a KNOWN ISSUE AND CANNOT BE REPAIRED. The only thing I can do is to return it, which is exactly what I am doing. Don't bother with this one, it is a waste of time."
5.0,SanDisk Cruzer drives are good value for the money no matter the size needed.,I needed a new flash drive to store some of my data on. I chose this because it is easy to use and affordably priced. You can store anything on this flash drive. One trick is that if you do listening to audiobooks or digital talking books (DTB) from the National Library Service (NLS) you will be able to store many books and magazines on this 64GB drive if you don't have a cartridge for the player.
5.0,Stock up on these,"With new systems coming without any CD/DVD/BRay, it is important to have a few of these in the drawer at all times.  High quality, cheap, and in the minimal packaging that cuts out the hassle of freeing the USB from the store packaging made to reduce theft."
5.0,SanDisk Cruzer 64GB USB 2.0 Flash Drive has been very reliable,"Ever since the advent of the USB Flash Drive, I have always used ""SanDisk"" as it has always been my favorite brand.  I still have some old 1GB, 4GB, 8GB, and 16GB from years ago and still working fine to this day.  Recently, I have been buying 32GB and 64GB 2.0 Flash Drives from Amazon at very reasonable prices, compared to my local retail stores.  So far, they have been very reliable and I have not had any problems with them whatsoever in terms of performance or lost data.  For my needs, the 2.0 Flash Drive speed may be slow to most people by today's standard compared to the latest ones with much faster recording speed; however, the price for the 2.0 USB is reflective of that and therefore gives me more value for my money!"
5.0,Works like a Charm,"All-around, one of the better purchases I've made. After buying a new HDD, I needed a way to get Windows 10 onto it, and my 8GB flash drive wasn't going to cut it, so I decided to get this..."
5.0,Best brand flash drive out there,"Unlike some other brand products out there, these work fine. I have a couple dozen SanDisk flash drives, some many years old. I have never had any problems with any of them, unlike another brand with a well known name. They are a great way to store seldom used data in a small place and keep it off your hard drive. I also use them to transfer data from one computer to another and to play music in my car. I won't buy any other brand."
1.0,"First unit was defective, would not let any files ...","First unit was defective, would not let any files to be written to the drive, which is kind of the point in buying a flash drive.  I tried to get support from SanDisk, they seemed unaware of how to fix issue and suggested I ""apply"" for a replacement from them.  Wait, I need to ""apply"" for a replacement for a defective product that I have only had for 5 minutes?  The number of forms and information required was ridiculously complex and onerous.  Thanks to Amazon, I simply sent the unit back and received a replacement with the click of a mouse.  Would not purchase again."
5.0,Works for me,"My first-ever flash drive (guess I'm a late-late adopter) so I don't have much to compare it to. However, it did the job, storing a bunch of music files. Came with password protection, which I didn't use, but I liked that it was an option.I"
4.0,"Just ""OK"" won't build as bootable flash on some software","It's a quality storage device but if you are looking at something to serve as a bootable flash drive to boot Linux, serve as boot for raspberry pi or any special OS on a Windows laptop, it wouldn't work when building from some Windows USB imaging apps that I ran.  And I compare this to the SanDisk that is more rounded and rocket-like in appearance which all USB building apps seem to support.  This flat pancake model does not work with all of them however (e.g. laptop just boots like no disk was in the USB where installing the image built on the sleep bullet model, will work)."
1.0,Works fine unless you use the security software,"Brand new out of the box I setup the encryption software included on the drive and while in the process of transferring files, it stopped and said the drive is write protected.  I can no longer do anything with the drive included accessing the files that were supposed already transferred.  I can not restore write protection, I tried all the internet tricks and nothing works.  Also, searching the internet I found this to be a fairly common problem for years so Sandisk obviously isn't terribly interested in fixing this bug.  I have other Sandisks where I didn't use the software and they work fine but using the software is playing Russian Roullette with your drive that will leave it nothing more than a  paperweight."
3.0,This gave me so much problems.,"Such a big pain just to use on my Wii. I tried all kinds of ways of formatting it differently and to different formats to try an get USB Loader GX or WiiFlow Lite on the Wii to be able to read my wbfs backups, but nothing worked. The wii reads my wbfs games perfectly no problems at all when I use my 500GB external hard drive on it, but I don't need that much space and 128GB is perfect for all the Wii games I have, so I was hoping to simply be able to use this with no problems at all.  So formatting this Flash Drive as Fat32  to use on my Wii won't work, the Wii just won't be able to read it at all.  Fat32 format works perfectly on my Wii if I format my external hard drive to Fat 32 to use on the Wii, but I don't wanna have to do that again.  I wanted to be able to backup and play my Wii games and 3 GameCube games on this Flash, but since using this as Fat32 doesn't seem to work, the only way to have this work for only my Wii games is by formatting this Flash Drive using Wii Backup Manager which let's wbfs files work on it but nothing else,  so the computer reads it as a unformatted flash drive and I can't use it for anything else. I'd give this 2 and a half star if I could."
1.0,It was slow while it did work but the USB ...,"It was slow while it did work but the USB stick did not last long. I lost 52GB worth of data when it decided to no longer be readable. Of course there is no warranty unless you choose to pay additional $$ which is ridiculous, imo... I already paid for the product, why do I need to pay extra to ensure I am covered if it doesn't work????"
5.0,Excellent high-capacity backup at a reasonable price,"I love the concept of these high-capacity flash drives. I am a photographer and it's not unusual for me to shoot 5-10 gigs of photos in one day. To manage this kind of output I have to use traditional hard drives, but I have grown to not trust them. I have had no less than six traditional drives go belly up and nothing is more frustrating that seeing 100,000 images go up in smoke. Most of these images, of course, are backed up on other drives and on DVD, but it's still cumbersome and dvds, with only 4.7 gigs of useable space are tedious and take up a lot of space (and who knows how long they will last)."
1.0,Beware that the password can change on its own or not recognize the one you create,"i have been using this along with 3 other sandisk cruzers all with the same password.  i used this one last week to backup a file with the same password.  today i put it in and it says password not correct.  i checked caps lock and all that and chatted with sandisk.  he had me remove files and reload files and it still didn't work.  he then said sorry, nothing we can do to access the vault without the password.  one might think i'm using the wrong password but i am 100% sure as the password always has been the same for all the sandisk usbs.  Beware"
5.0,170 gb to a 256 flash drive. Dreams slow but gets the job done right the first time,On my fire tablet  8 inch 7 Gen It is slow.  But for file transfer that will get the best copy.  Yes it took almost 8hr to do but we'll in range with everything shut down.  Once started walk away and let it do its thing. Right now I am transferring 850 pictures and videos. Amazon was very helpful getting set up.  I only had one hitch the fire tablet was only 40% charged. So I stop the transfer and had it fully charge. I am letting it transfer overnight.  I bit of information i learnd do not transfer files over 1gb my files are 5 mg to just short of 1gb.
1.0,These DO NOT have 64 GIG storage.....,"These drives average about 57.5 gigabytes of storage capacity.  Sandisk tech support gives a convoluted formula as to how their drive can be missing over 6 gigabytes of storage space, and they provide no information to help determine if these drives are counterfeit. (Look at forums online. LOTS of people are quite upset.)  Not one of the three drives had the same available storage and ALL were at least 6 Gigs less than the stated 64 gigabytes. I believe that this is false advertising.  I understand completely that some info must be written on to an empty drive for operational  data.......but CERTAINLY not 6.5 gigabytes. On a slip of paper, that was included in the cardboard box with the loose drive, was a VERY VERY fine print ""disclaimer"" that says ""Actual user storage less.""  Funny, I didn't see that disclaimer in the product description. The bottom line is:  If you're expecting to get even close to 64 gigabytes of storage from these drives, forget it."
2.0,How can a USB disappoint?,Did I ever think I could be disappointed by a USB? No. It never crossed my mind. It's just a USB for heaven's sake. Sigh.
2.0,Only 58GB usable out of 64GB,"The drive itself is OK to use but what irks me is that the drive is a whole 10% less than advertised.  At first, I thought it was faulty and returned one to Amazon (as great as ever)  for a new one. But that also formatted to the same capacity. Even after formatting to NTFS (which you should use as the default format method if you're not using a Mac), it still shows 58 GB."
5.0,Tricky to plug into USB drive,"SanDisk are my favorite flash drives. I maybe did not need an entire 128 GB, but it was also cheaper to buy the larger memory then two smaller memories. It does scare me a little that if I lost it or something happened to it, I would loose an entire 128 GB, but that would probably be my own fault. I try to keep everything saved in at least two locations anyways."
1.0,Stops in the middle of playing back MP4,I use flash drives to play MP4 files on my Smart TV.  This drive stops in the middle when playing a 2.4GB file with my videos on my TV.  It played the MP4 file correct without stopping on my computer.
5.0,Good option for video clips that don't fit on a DVD,My videos don't fit on a DVD disc any longer and burning a DVD is such a pain!
5.0,Exactly what I wanted.,This product was packaged very well and arrived in excellent condition. And they are most definitely perfect for my needs. I used each for a different genre of music in my collection and they hold the data very well and the playback is very clear and spot on. I use them in our Chevrolet Traverse and they make our road trips so much nicer. I will more than likely be ordering more for my other genres. I most definitely recommend this product to anyone and everyone.
5.0,It works,"It's a usb drive.  It is 2.0.  It works.  The intended use for this was a PlayStation Classic that I softmodded.  Loaded games, and boom!  Now the PS Classic has games worth playing."
1.0,"Drive was totally worthless, was ""Write Protected"" when I ...","Drive was totally worthless, was ""Write Protected"" when I received it, spent hours (literally) trying to troubleshoot this ridiculous nonsense. Made edits to the registry, made edits in Diskpart, ran commands from Command Prompt to remove write protection, all failed, scoured forums looking for a way to resolve this issue, never did... garbage"
1.0,Quit working for me,"i bought this flash drive about a month ago,it worked good at the start.but now it won't even boot up.i even bought a multi port device that had 4 usb ports on it.tried the Cruzer on it in every port worked one time.now if i can't get it to work i have lost all my recording's that i will never get back.will not buy this one again."
1.0,DO NOT BUY THIS.,"The product has some annoying features, but I was able to load all of my family photos for the last 12 years on there.  It worked for a few months.  Now when I go to open them - I receive an error message and none of my files are available.  EVERYTHING is gone.  I called customer support for assistance and I could barely understand a word they said and they were not helpful at all.  Do not trust this product with your information.  I have attempted many recovery programs and still have not been able to retrieve my photos."
2.0,"Eject, Please, Eject...(Updated)",Updated Review:
1.0,Only 119 GB storage on 128 GB - NOT AS DESCRIBED!,"I purchased a 128 GB  to back up photos from my hard drive.  Upon  plugging the flash drive I found it only has 119 GB.  Thinking this was a mistake I tried transferring 124 GB of photos and was immediately told not enough space - on a 128 GB drive.  After an internet search, I found that with the larger flash drives this is often a problem.  Flash drives should contain some reserved space for operations but not a 7% loss of space. SanDisk uses the metric version of GB which is1,000,000,000 bytes.  They do not us the standard term most hard disks use which is based on a kb=1024 (much larger).  No where does any of the advertising on the AMAZON sight explain this. So if you need to transfer or store a certain amount of information to flash drive, subtract at least 10% of the stated drive capacity of the flash drive to ascertain it's probable capacity and make your decision from there on which size will work for you."
1.0,Buggy device,Mine wouldn’t let me even open the dang thing because it kept having errors upon setting up the security key. Then it was asking me to update the software (which it wouldn’t let me do). It was buggin out so had to return it.
2.0,So slow--can I bypass the encryption?,"I bought two flash drives, one Samsung BAR Plus 64GB and this one. The Samsung BAR was like an Explorer file folder. I just copied and pasted about 20GB at a time and it was super fast. In fact, it probably copied 20 GB in the time it has taken me to read a few reviews and write this one. Now, if I needed encryption and a password, or it was zipping files, maybe I'd tolerate a slower speed, but this is ridiculous! I want to find out if I can bypass the software interface. I didn't understand when I bought this that it was a special kind of flash drive that was so different from the others."
2.0,I purchased this in 2014 and originally it worked fine. I used it to back up all my ...,"I originally gave this 5 stars but have since had to bring that number down to 2.  I purchased this in 2014 and originally it worked fine.  I used it to back up all my photos and documents and have had no issues until recently.  Recently, I've tried to update my picture files (on the SanDisk) by adding some new photos to the files from my computer.  I purchased the 32GB and I've in no way reached the limit yet the drive would only accept a few photos and then I receive an error regarding the remaining photos that could not be copied.  I at first thought something was wrong with the photos so I ran a virus check and all was well.  I then checked my percentage of space used on the drive and I was no way near 32GB, it was around 12GB that had been used.  I then deleted some of the photos that were already stored on the flash drive (something I did not want to do because they are lost forever) in order to test if the problem was available space left.  I then tried again to copy the photos to the SanDisk and this time the photo's were accepted.  My issue is why did I have to delete material from it in order to place new documents/photos.  Again, I have loads of space availabe and was no where near the 32GB.  I originally purchased the 32GB in order to have a lot of space available to store photos however it appears I'm not able to utilize all the space advertised."
1.0,Very Slow,"I bought this to transfer about 85Gb of photos and 25Gb of music from an old to new computer (110Gb in total, both computers support USB 2.0).  It took over 7 hours to download the files to the flash drive, and another 5 hours to upload them.  USB 2.0 is supposed to have maximum transfer speeds of 60Mbs, but the fastest speed on this drive is 10-11Mbs, and the average speed seems to be a paltry 2-3Mbs (at some points the download was only moving along at 20bps).  Meanwhile if you execute a command that interferes with the read/write function, the whole transfers stops and you have to start over again."
4.0,nice that it lights up when plugged in correctly,"Works well, nice that it lights up when plugged in correctly.  Acceptable transfer speed but that could also be a function of your processor.  Make sure to hold the red button in place while pushing it into the USB port otherwise it sometimes can just retract on its own.  When you open the folder for this thing, there is a bunch of stuff on it already that just looks like clutter.  As stubborn as I am, I don't take the time to look up the function or purpose of these files while also being afraid to delete the folders worrying it will ""break"" the flash drive.  It may serve a purpose but for my purposes, I just want my own stuff on these things."
3.0,Delete the encryption software,"As far as I can tell the flash drive, as a flash drive, is fine.  But:  SanDisk Secure Access is terrible."
1.0,Won't play music on anything other than computer,"The only two options for formatting are exFAT (default) and NTFS. I tried both with no success. I'm trying to get it to play in my motorhome in dash player and in stereo system in back. It does nothing but keep flashing ""loading"" but nothing ever happens. Plus, the button that slides is too loose and hard to get into the devices. Other brands I used I had no problem with. This one sucks."
2.0,Pretty Slow/Had Problems with Access Security Software,I've had other flash drives before made by SanDisk and I have to saythat I am disappointed with this model 32GB Flash Drive SDCZ36.
2.0,I bought this product 3 years ago thinking I would ...,"I bought this product 3 years ago thinking I would save it until I need it. Well the other day I needed it and guess what I found The amount of storage space on the disk is 32GBs not 64GBs. Everything wrote on the back says 64 GBs, however when you open it in properties it says 32GBs of unused space. Actually it says 12.1 GB used 19.8 GB free total space is 31.9 GB. Still,... not, 64 GBs. What gives?"
5.0,Awesome for my needs!,This little USB drive is working like a dream. I picked it up for my little photo frame that I got last year and it seems to be showing my photos just great. I am super pleased.
1.0,Buggiest thumb drive I've ever used,"I wanted just a quick back-up of some music files and documents, so I bought several of these, as I have an old SanDisk Cruzer with only 4 g of memory and it has worked wonderfully for years...I just wanted the extra storage capacity, and I'll admit to being a bit of a nutter who wants an easy (and small in size) way to save some stuff in a Faraday cage in case of an EMP or solar flare. (If you can get past that, please keep reading.)"
4.0,Highly recommend!,"This flash drive is exceptionally good for those who want large amounts of data to work with, and are on a budget. If you are carrying files around for work or personal, you should have more than enough room on this to carry it all...even if you are transporting large GB level files. It's only downside is that you don't seem to get the whole 64 GB for the sandisk installer on there...but it's still more than enough to work with."
1.0,Don't buy this if you're transferring videos,You'll have to format this drive to exFAT if you want to transfer a file over 4gb. I'm currently transferring about 58 GB onto this thing and it's going to take over an hour. I think they should be more explicit about how slow the transfer speed is on this drive. If you're just transferring photos and music it might be alright. But if you're like me and moving around large files like video files then DO NOT GET THIS DRIVE.
5.0,Bought SanDisk USB 2.0 because they are reliable.,"I have been using flash drives for many years. I can't comment on the durability of this individual drive as I just got it, but a SanDisk drive has never failed me while in use. Speed was as expected for USB 2. I'm using these for archival backups so USB 3 speed isn't as critical as expense. Transferred 125 GB of files in one operation and lesser amounts in others. The device did not warm up in use. The Vault encryption would have added time to the operation. I only used it for sensitive documents. No point in encrypting family photos and home movies."
5.0,256 Gigs Of Back-Up In A Thumb Drive,"256 gigs in a thumb drive! That's a lot of memory in a little stick! We are using 2 of these, on 2 different laptops, to back up our docs and pics (actually, everything except the program files). The Sandisk program that comes pre-installed lets you set up parameters for your backup operations (time of day to do it, how often, and so on). Both are working fine after a month or so that we've owned them."
3.0,"Cheaply made, buy a different model","UPDATE (5/23): I’ve had trouble getting this flash drive to show up on number of devices now. One day it’ll work fine and the next day it fails to show up. I’m worried it might fail or stop working at any moment, despite my really light use. I bought a different model SanDisk flash drive from Target for a similar price and haven’t encountered any of these issues with it (top flash drive in photo). The quality difference between the two is night and day.  Other SanDisk flash drives I’ve used are fine, just stay away from this one."
5.0,Comes With File Encryption Program,"You pay for what you get; a 2.0 USB flash drive with 64GB of memory in my case. I was lazy and wanted to transfer about 35GB of information from an old computer to a new one without having to use more than one flash drive that I already had. I didn't realize when I purchased it that it comes with SanDisk's own little program for password-protecting files which I thought was a neat bonus. I have no idea if the encryption and what-not for it is legitimate or more like a gimmick, but the fact it came on the flash drive shows SanDisk cares about their customers and that's why this is the second flash drive I've purchased from their brand. The actual drive is sturdy and fits snugly into USB ports, and has the notch you see in the picture for retracting the USB connector into the little drive to protect it from getting dented/damaged/bent in your pocket. Works perfectly!"
1.0,Can't figure this out with MAC,I recently purchased this drive which requires you to download the software to use it.  When I attempt to download the software for MAC I go through the steps and then get an error that SanDisk Secure Access cannot be downloaded.  The only option is to download it on the drive which is not what the instructions say.  The instructions say to download to MAC then extract to the USB.  How is this suppose to work on MAC if I can't download the software?  Why is the software needed in the first place?
1.0,Very disappointed. If you get 64Gb plus drive get USB ...,Bought 2.  When started copying files process stooped after ~1/4 was done. After that drive stopped responding completely.
1.0,This product does not work... it's a ...,This product does not work... it's a read only drive and I can't save anything to it...its not able to be formatted. I only have 1 star because I couldn't give  none
5.0,Fast and dependable drive,"This is the largest thumb drive I've bought to date and I am pretty impressed with it so far. I needed this because my work computer will be reimaged very soon and I would have lost all of my data. Our IT department recommended that I back up all of my important files, which happened to be about 60GB worth! Due to the amount of data I was transferring, it took a while to put onto the thumb drive, but it seems to be very responsive and easy to use. You can even put your files into a password protected file on the drive to put an extra wall of security up. That's what I really like about this company. They really thought out a good security solution. It is very easy to lose a drive full of information like this and you never know what the intentions are of someone who would pick it up."
4.0,Convenient Flash Drive,This is my third Sandisk Cruzer flash drive. These drives are cheap and so far reliable. I can't give them five stars because I've only had them two years at the most. Flash drives are convenient and necessary when you are working on projects and need to transport data. I have other brands too. I appreciate flash drives but it's still important to backup your data on a hard copy. I like these drives but I will never fully trust any kind of drive because they can fail at any time. SanDisk made a good product. I also don't have a problem with the way this one slides in and out. I would advise everyone to gently remove this one from your computer like any other flash drive because they are so small and there is potential to damage it.
1.0,I've bought this brand before and never experienced this. ...,I've bought this brand before and never experienced this...The computer is forcing me to format but isn't able to format..might be defective...
5.0,SMB2 comlpiance - mapping Cruzer as a server drive on Windows 10,I purchased this Cruser drive specifically to be used as a network storage device connected to my Linksys wireless router.
1.0,Garbage!,"I saved two entire school semesters worth of work on this thing.  I followed the instructions to a ""T"" and created a password as instructed.  I wrote down and stored my password safely with all my other passwords.  Then one day, this little Sandisk gizmo decides my password is no longer valid!  Whaaaat????  I never changed it!  I contacted customer service which turned out to be a useless venture as they just regurgitated the instructions on how to apply a password!  So now all my precious work is locked in this useless piece of garbage forever unless I can find a good hacker."
3.0,SO SLOW,"Maybe I have a dud, but this is too slow.  The speed is never higher than 17MB/sec (formatted to NTFS, coping videos), but it keeps slowing down to 0MB/sec even while copying the same file.  Copying the same data to a Lexar 32GB USB 3.0 is more than 4X faster.  It's peak speed is around 50MB/sec, but it never goes slower than 40MB/sec.  I don't know how much of that is due to USB 3.0 vs USB 2.0, but either way, I wish I would have spent a few dollars more and bought a better one."
1.0,Not working after 2 months.... Lost all data,I have been using this drive for 2 months and it is now broken. I follow all directions of ejecting before removing and it is saying that it needs to be reformatted. I lost all of the data that it contained which is a real bummer because it was mostly for work. I wish I would have purchased a higher quality thumb drive.
1.0,Doesn’t Work!!,"Stop working after five weeks. I loaded it twice with videos and used it four times. The next time I went to use it, the light wouldn’t come on and it did nothing. Totally left me hanging."
4.0,Put that housing on a diet.,"I got this for my Xbox 360 S, and sadly, the housing is so fat that it won't allow the plug to fully engage due to the outlet being so deeply recessed. The end result of that is the 360 doesn't even see the drive. I am having to order an extension with a slimmer housing so that it will seat properly."
3.0,"Super slow, great price","the upload time on this thing is simply unacceptable! I get download times that are way quicker than loading files of similar size unto this disk. You get what you pay for, and with this product you aren’t getting much, because you aren’t paying much."
4.0,Great for backing up selected files or photos from a hard drive.,"These SanDisk flash drives are very good for routine backup jobs. We bought two 64GB drives and they were sufficient for us to back up several years of pictures and home videos. We bought them when they were a deal of the day and for the price they are great. They do download a bit slowly but since I am loading once and storing them as redundancy it is not a big deal. Durability is great with these, as is functionality."
3.0,Too slow,"If you have USB 3.0 don't bother with this antique 2.0 drive. It runs at a max of about 5 MBytes/sec, slowing down to about 2 or 3 MB/s after 100 MB or so. This means it can take over 4 hours to fill it."
5.0,"SanDisk: When You Need A Quality Flash Drive, Never Doubt the Quality of a SanDisk.","As with all of my previous experiences with SanDisk, this flash drive operates perfectly."
5.0,So much capacity in such a small package,I actually carry this on my key chain - and use it fairly often.
1.0,Does NOT play with Mac,"Despite the descriptions, this does NOT work well with Macs.  You have to download specific software before you can use and I suppose due to it being primarily made to work on Windows it does not like many of my file names.  This means the 3 hour process is stopped each time it finds one of these file names it does not like.  So you either have to babysit the program and not copy the files it doesn't like OR you can do like I did and trash it and go for another option.  These use to work so easily but no longer.  I suppose this is the ""improved"" version?"
5.0,A really great addition for computer storage space,"I test software. One of the first things a person that tests computer software learns is that all hard drives have an expected lifetime. Whether that lifetime is 100,000 writes, or 1 million writes, or somewhere in between, there is always a lifetime. As a software tester, I often install and remove software up to 32 times in a single day. For most people, that is an extremely high number. I do it because every developer needs to know if the software they work so hard on will work. I have a good record of breaking software I test. I find bugs before the software gets to the everyday user."
1.0,can't attach to a keychain,"There's a spot for it, but not even a mini keychain will fit through this loop, no matter how much I manipulate it. Also, upon inserting the flashdrive into my computer, it included some files that seemed cool -- they would allow you to protect the information you put into the flashdrive by encrypting it. However, the software is not user friendly and clutters the space. When I tried to a large set of files into the encrypted flashdrive folder, it told me some of the flies were unable to be copied into the folder but not which ones. I copied hundreds of files at once, and I have no idea which ones didn't make it in. Disappointed, will be returning."
1.0,never again,"this is junk. Worked twice now I cannot format it. Tried it on two different computers, same result."
5.0,"Good, still works fine",Prelim: A couple years ago I got a similar product (one that glides for protection) and it failed rather quickly.
5.0,It survived the washer and dryer,I've had this for over two years now. It does its job. I'm writing a review now to say that I accidentally left it in my pocket and didn't realize until I was taking my laundry out of the dryer. It still works!
1.0,disappointed,I've used these for years. Just got this one and it would not open my videos. I did a search and found out all this complicated info as to 'what to do' and it was way too complicated. All I want is to copy photos from the computer! Returned it.
2.0,It works for transferring files but not as a removable storage,If your needing a usb flash drive for the sole reason to get computers off one device and put them onto another this will do the job.
4.0,USUAL EXPECTED SUPERIOR SANDISK QUALITY,This flash drive works as expected for Sandisk quality flash drives.  Upload and download speeds are fast; date integrity is preserved as expected; no corruption of files detected.
3.0,decent drive,"I have only used these drives for a few times now, so i can not comment on longevity. I will say that I bought 2 of these drives because of a lightening deal. I gave the drive a 3 because they are light weight and feel cheap. I used them to transfer files between computers and got between 4.10 MB/s and 6.21 MB/s transfer rates. So to me, that is absolutely horrible. Both computers showed relatively the same speed. What i do like about the drive though is that there is a bar at the corner to hold a lanyard or something else, the drive tip which slides out locks well in the out position."
1.0,Failed and burned my finger after six months.,"We had one of three fail after four months.  Purchased Sept 2018, Failed Jan 2019.  The device fails to show up as a drive when plugged into our late model Dell PC.  When I removed it from the port, it was hot enough that the metal end burned my fingers.  Fortunately we had most of the files saved elsewhere.  Looked at the warranty form, that wants photos etc.  Not worth spending 20 minutes to get back $12."
1.0,Not fast and not reliable,It was very slow and not adjustable to different computers.
2.0,Be sure the check the capacity!,"I read the other reviews of this product so I was prepared to receive a flash drive with a little less than advertised, but that wasn't ideal. We received this flash drive and checked the capacity and it has 116gb which is 12gb short of 128gb. Now, for us, this isn't such a huge deal that we want to spend even more time to return this flash drive, plus we need it now. Just, if you take a chance on this product, please check the drive capacity so you can make your own decision whether to return it if it doesn't have the right amount you bought! Otherwise, I give the drive 2 stars because it is nicely made and seems durable."
2.0,DO NOT USE ENCRYPTION SOFTWARE!,"This USB is great if all you want is mass storage for an affordable price. However, DO NOT use the encryption software! As soon as I did, I PERMANENTLY LOST all of my work I had transferred into their ""vault"" program. I was so desperate to restore these files that I even purchased a $40 file restore program. Not even that worked. I am incredibly upset. Please, for your own sake, DO. NOT. USE. THE. VAULT. SOFTWARE."
4.0,Good general purpose flash,Great affordable usb flash drive for general use. I use to buy San disk flash drives during school days for massive projects and animations. I mainly bought this to add music and leave it in my cars media port. Build quality seems ok a bit weak in the push/pull slider but I can't say for sure since it will be mainly in my car.
5.0,Compact flash drive 64G,"This is a compact design, especially with the retractable plug. It fits nicely into USB ports even sandwiched between other devices on a  multi-port hub. The red plastic handle is translucent and there's an activity light that lights when it's connected to the USB bus. As far as I can see the rate of flashing is independent of any activity that's going on. It flashes constantly at a rate of about once per second. Still nice to know when it's connected."
5.0,SanDisk Cruzer 16GB USB 2.0 Flash Drive...Good value for the price to stand the she test of time.,"I needed this flash drive to make a working copy of Windows 10 in case I would have to reinstall it from a USB drive. I have other USB flash drive sizes that are either too big or small.... The 16 GB is the perfect size for creating any OS (operating system) boot media. I've been looking for flash media for a while now and came across this brand because it is a good brand you can trust to stand the test of time. The price was reasonable for a drive of this size. Yes, I'll be buying more of this type of drive (not just for 16 GB but other size capacities as well.. The one thing that I noted was that the packaging was a bit hard to open."
5.0,"Sturdy, reliable flashdrive that is not as slow as you may have been led to believe.","I bought 25 of these for Fall term to pass out to my students.  I loaded each drive with a 2.5 GB 7-zip virtual machine.  I didn't have much time to get these setup before class so I used three machines to do the transfer - my old (2010) macBook Pro, my HP desktop i7 quadcore with Suse, and my new hpZ230 workstation partitioned with Ubuntu on it."
1.0,Total Junk!,"What happened to ""Sandisk"" Name brand quality?!"
1.0,"Don't buy, pay attention to the 2.0","This is a USB 2.0 drive, that's really important to pay attention. The read speeds are around 11 mb/s and the write speeds are around 2.5 mb/s. It's miserably slow, especially when a USB 3.1 is only about $5 more and reads at 120 mb/s and writes at about 40 mb/s. At size like the 128 GB I have, it takes hours to write large files to it. I have to start the files then go to sleep. A 3.1 of the same size, maybe 10-15 minutes. If you are going to buy this thumb drive, save yourself the headache and just set a $20 bill on fire."
5.0,Does what it is supposed to do,"I have used this flash drive now for a couple of years, and it has seen hard use moving between briefcase and PC. It has never lost data or malfunctioned. The LED indicates that it is inserted properly. I cannot comment on data transfer rate (but it seems perfectly adequate for large file transfers) but its capacity and durability make me recommend it highly."
5.0,great for converting DVDS to play in the car!,"I wanted to get a big flash to back up our kids dvds. To put in perspective, I put 30 movies on this drive and it's only half full. I bought another one for just our DVD player in the car. Which is AMAZING. Never again do we need to pull our dvds out before a road trip and figure out which movie we are going to watch, we have them all in the car...which helps organizing and not worrying about the dvd or cases."
5.0,Very Happy/Password Protected!,"I bought this Sandisk Cruzer 32gb Flash Drive for the purpose of putting my favorite GoPro videos on it! It's basically a usb flash drive, not much to say about that! It was reasonably priced at $14 and came within 2 days, due to Amazon Prime. My least favorite thing about this Flash drive is that there is no lanyard or string to attach to the tiny hole on the flash drive, had there have been a lanyard provided it would have been much easier to carry around (it's hard to find a string as small as this hole, not including sewing thread). It's not a huge deal, its just bothersome and I'm sure others fell the same way! Now my FAVORITE thing about this flash drive is that it is password protected, so if you were to misplace the drive and someone was to find it, they could not access the files without the set password (+++ to Sandisk for this feature)! Overall I'm happy with my purchase, I now have my most favorited GoPro videos saved to this drive and I look forward to buying from Sandisk in the future! Thanks!"
1.0,Locked Out,I bought this flash drive from Amazon about a year ago today: on 12/12/13
4.0,"Fast Delivery, great price!","My flash drives arrived quickly, well packaged. Haven't used them fully yet, so I'll rate a 4 right now. I've had good experience with SanDisk before, so I'm sure they will work well."
4.0,Good for a Sliding Drive,"Be really careful when you buy a USB drive nowadays.  Make sure you can see the tip of it where it goes into the computer.  Some big name companies are now making those connectors out of plastic which will drastically reduce their utility.  If it's a cheap drive for a system backup, a class at school, or something disposable then great, but I have some years old ones and the metal is scrapped really bad.  If it were plastic that drive would probably be ruined or have left a plastic residue inside the computer USB ports that's unlikely to be good for it.  So yes, this is metal and that's a very good thing!"
5.0,Envelope arrived open ...,"Now I have to wonder if I received a defective return until I actually use it, which will probably be this coming weekend. <<< fingers crossed >>>"
5.0,Slow transfer rates but very affordable,"I bought the 128 GB model and I use it to upload movies and TV shows to watch on our ROKU. I love the affordability of this flash drive ($20.99) and it’s got more than enough space for us. The only knock is that this drive is only USB 2.0 so the transfer rates are pretty slow. For reference, it takes me about 10 minutes to transfer 4 GB of files. I was fully aware when I purchased that it was 2.0 so there’s no need to deduct a star."
