ratings,rev_head,revs
4.0,"Great speeds, below average build quality","For the price, I guess build would just be a bonus. At below $20 for 32GB, I understand you're paying more for functionality than durability. That being said, I've purchased $10-15 drives with significantly more substantial plastic than this one. I currently use a metal Kingston drive, but I had to go out and buy a new one because it had gotten so banged up over the years. Just looking at this one I could tell it wouldn't be able to stand nearly the same wear and tear. My biggest concern was that because it has moving parts, everyday use would add onto the damage of being put in and out of bags, computers, pockets, etc. Additionally, the loop for a keychain is abysmal. The plastic there is the most frail of all. All that being said, speed/price/size are unmatched at this price, which is why I bought this product in the first place. I did my usual 4gb video read and write test and it was slightly faster than my previous device. If you know you're not going to need a super durable drive, definitely spring for this one. But if you plan to use it in a variety of devices and store it in a variety of places, I recommend spending the extra few bucks on a full metal built alternative."
5.0,"Effective, tiny, made it through the wash.","Small enough to forget you have it in your pocket, incredibly useful for instant transfer to Androids, computers, etc, and survived the inevitable laundry gauntlet."
3.0,useful if you have a case on your phone,"Haven't had it for too long but so far it's kind of ""meh"" for a flash drive."
2.0,Better make sure it works with your device(s),"Sounds like a great idea, but implementation is poor. Spent over an hour downloading and installing their Memory Zone application and upon first try, got the message that my phone device wasn't connected. I checked all connections for tightness and they were tight. Then I got the message that the OTG may have been disabled in my settings and I should search for OTG and make sure that it was enabled.. SanDisk provided a handy link for my settings. I clicked on the link, went to settings and after paging through several pages, could find no mention of OTG. So I went to the next screen on the phone. Then I received the message that said that maybe my phone may be incompatible with the Dual USB drive. Again they provided me with a handy link to their compatibility website. I have a Motorola Moto Z Play Droid. Although I saw that terminology on several Motorola items, I found none with ALL of those terms on a single line on their website. Back to the ""diagnostics"" on the phone. The next screen said that ""Certain mobile devices do not support exFAT"" and I may need to format the  drive to FAT32. Again they provided a handy link to find out more about this. I clicked the handy link and was directed to a website that described that there are several free programs I could download to perform the format. At this point I had already wasted over an hour. I was not going to download yet another program to make this jump drive work. In frustration, I went to the next screen on the phone, which informed me that my battery might be low (it wasn't). Then it said that if I still wasn't able to connect, I should contact them. No phone number. No website. Nothing. After providing all of the handy links on prior screens, they didn't have the decency to provide any contact information for their own company! Their jump drive now provides the same value as a CD that was incorrectly written to and now used as a coaster. I'll use the drive as a regular jump drive that should have been a great idea, but sadly, failed miserably."
4.0,"Tiny and works perfectly in my phone, tablet and notebooks! Great!",Really tiny and useful.
3.0,Versatile,It works right out of the package.
3.0,It has a design flaw. Whe cover does not ...,It has a design flaw. Whe cover does not stay put while you insert the drive in your pc. Should have a lock position so its easier to insert into ports
4.0,Check Compatibility!,Make sure your phone is listed as compatible on their website. I originally bought it for my Blu phone but it's not on the list ...luckily my back up Samsung Galaxy 3 was on the list. It was so easy to transfer the files!! If your phone is on the list it's definitely worth buying!!
2.0,Worked once but never again,I bought this thinking it would be a great way to back up photos from my while traveling.  I checked it out before I left and it was awesome.  I even bought a second one so that I would have plenty of storage but neither ever worked again.  I love Sandisk memory cards but this product is totally disappointing.  Sandisk is replacing them and I hope it helps.
3.0,It's a thumbdrive.,"The thumb drive works and works well for data transfer between my PC, Chromebook and Smartphone. The two connectors fit well and allow for fairly rapid data transfer. So why only three stars?"
3.0,I only have one complaint about this,"I have a Samsung 7 model, and like any person with an ounce of common sense, a protective case for my phone.  You're not going to plug this into the phone still in the case.  Now, if they, or someone else could recommend a cable that works with this phone and the i-Blason holster case, I'll give this five stars across the board!"
5.0,"Good little flash drive, no need for an OTG adapter.","Used it a few times. Works well for copying files from my android to a PC, though you may have issues with rights creating folders within Android. This is an issue with Android, not the flash drive itself."
3.0,"Good Build, Poor Write Speed","My quibble with this thing is the write speed. It writes at about 2-3MB/s which is terrible. Worked well on my Galaxy Note 3 and Note 10.1 2014 and HP Laptop. It hold data well though, just the speed is horrible. It is quite small and will fit well on phones with usb OTG."
4.0,Awesome but a little dated,"Works Good, doesn't get hot. Only works for some Android Phones (Older...not the New Galaxy SO at least)."
4.0,"Acts as an external storage for Android, but not for Spotify.","I bought this to increase the storage capacity of my Note 5.  I hoped to be able to save download Spotify music to it and just keep it in the car for when I drive my commute.  No luck.  Spotify will save music to an internally mountable MicroSD, but it will not save to an external USB.  This device will play back standard music and video files, so it DOES indeed work for android and computers."
1.0,"works with PC, not with Galaxy Note 3 phone","galaxy note 3 won't recognize this (for which I bought this) but the computer does so I can use it for that. problem is likely the samsung galaxy note 3 port, not the drive. SanDisk encourages use of their app. It's an OK app for file management on your phone but it isn't necessary if you already have a file explorer app."
5.0,Great For File Transfers!,Seems pretty well made and definitely does what it claims to do. And a pretty good deal as well. Sandisk has disappointed me lately but this little guy seems up to their prior standards.
5.0,Great drive!,Looks great. Fit and finish are really nice. Speed is good. Improvements over the previous design prevent the collapse of the unit when trying to insert it in a USB port. The loop for a lanyard is also a very nice touch.
1.0,I won't recommend for other people,"Be careful It is very ""hot hot hot"" .I never have thumb drive generate heat.  It is very strange.  It damage my USB port.  The speed is ok. Save 10GB data  take 1 hour. It read very fast but saving data to the thumb drive take a long time."
4.0,Frees up storage space,Don't count the stars I gave. It's not the product's fault I'm technologically challenged. All I know is I'm able to remove all photos & videos on my phone and save them on this tiny little gem. Getting them off? No clue lol. But now my phone no longer warns me about reaching my storage limit and I 'belive' I have them saved somewhere
5.0,This thing is great,"I like how I can jut plug it into my phone and it reads it. Comes with its own software too. Would be nicer if it can back up the SD card and phone to the USB, but its software only does the phone. I have some issues sliding the mechanism back and forth depending on if I want to use the normal USB or the micro phone one.  But It works great."
5.0,If you never think about an item you use - consider it perfect.,"If you never think about an item you use - consider it perfect. This is most important about the flashdrives: you should never notice them. Plug write\read unplug , move to next thing."
5.0,"Man, just get this and you will see. Very smart.","OMG, where have these been? All my pics transferred with no hassle and safely!"
3.0,Works fine but a bit too small and may get dusty,"So far, this works well with my older tablet.  BUT it is a bit small, is rather fiddly, and does not have anything to keep dust out of the connectors.  There is a loop to connect something to if you want, but I would rather have had a model with a cover of some kind."
3.0,New designs is not so great,The new design of these slides the connectors to easy and when plugging in can slide and you have to pinch the other end to plug it in. Otherwise a great flash drive. Now they need to make one with a USB type C and USB A (think its A) connector for the new USB C phones.
4.0,"Handy, I think...","This does work, although it takes a while to figure out the interface (and you may never figure out exactly how to access an SD card in your phone...I'm still working on it. But it does work to transfer files from your phone's memory over to a computer."
1.0,one of slowest flash drives i've ever used,"I bought it thinking it's a usb 3.0 so it must be as fast as my other flash drives. I was wrong. its speed is the same as a usb 2.0 flash drive and the switch mechanism is so loose you have to grab it from both ends so it can go in the usb port. better and cheaper alternatives exist, so i highly recommend you buy another one."
4.0,Great little flash disk.  Nice to have both the OTG and normal USB connectors.,"Great little flash disk.  Nice to have both the OTG (I used to have to have a cable to convert) and normal USB connectors.  However, the sliding case is a bit annoying to deal with."
4.0,"So far, so good.","Wish I'd paid more attention before I purchased as I thought this was a USB C to standard USB, but it's a micro USB to standard USB. So I just use my adapter (USB standard-to-USB C), and it works fine for connecting to my Macbook Pro (2017). It's a bit slow, which is no surprise, but otherwise seems to be working quite well."
4.0,Use on Raspberry Pi 0 w,I purchased this for use with a Raspberry Pi 0 w. While the drive it normally too wide to fit alongside the power connector its easy to pop off the plastic casing with a screwdriver. Once this is done the drive fits alongside the power connector perfectly.
5.0,GREAT DRIVE FOR TRANSFERRING FILES TO AND FROM ANDROID DEVICE TO COMPUTER,Having both micro and regular USB connectors make this device easy to use when transferring files between my Android phone and PC. I find it easy to use and have had no problems so far. Have been using for couple months now.
4.0,"The concept is great, but awkward to use","Great transfer rate, quite speedy for the price. It's a little awkward to use, and I had the housing on the USB 3.0 side separate from the body while removing it from a tight connection, although it snapped back into place."
2.0,"No cap to keep the dust out, no password option.","Two stars for fast shipping and I love the compact size. This one in particular does not offer a password option to secure the data. Also, there is not a cap on either end to keep the dust out, so I have to buy a separate case to keep this in."
3.0,Pass this one and get a Qarfee brand,Did not work on my brand new computer. I tried everystep to figure it out and would not recongize on my Amd Lenovo computer. Returned and got a Qarfee- works as soon as you plug it in.
5.0,Works great!,"If you can use a thumb drive on a computer, you can use this on your phone. Fast upload and download speeds."
5.0,I keep this on my keys for quick photo transferring ...,"I keep this on my keys for quick photo transferring. Don't bother using the app, it's easier to just transfer the files over with your own phone system"
5.0,Mass storage and more.,It's little and compact for a 2-1 OTG/USB. Its the new way to carry large file and can transfer the file to your Android phone that is compatible with OTG/USB.
1.0,disappointed,"This does not fit my phone, it's useless and I need to exchange it but not sure what to get. I need one for a Samsung Galaxy S-9"
2.0,Looks well made -,Can not for the life of me figure out how to use this. Have google and googled and still no luck!! Friends have tried to help me as well.
1.0,From Camera to Comuter,"I found this product to be totally unusable.  It would not appear as connected to my phone.  I spent over an hour with the Tech Support people trying to get it to work, and we could not make it work.  Possibly it was not compatible with my phone, but there was no indication that this was the case;"
5.0,Great for transferring photo from your phone,Cleared over 3 gig of photos from my phone and transfered them to my laptop and on to a backup drive... phone went from slooo-motion to warp speed with that memory freed up
3.0,Did not work for my phone,"Did not work with my phone, so sadly, had to go back.  Needed it right away, so have to do without.  I have a Samsung S9+."
1.0,CRRRRAP! I want my money back. Craaaap!,If you're looking for CRAPPY look no further!
5.0,About time !!,"I use it to transfer files from laptop to tablet. About time somebody made this. Works well, is what it is and does what it does just fine."
5.0,"Great product, great price.",Easy backup or use to transfer of documents or family photos etc from/to smartphones (micro USB only) to any regular USB attached.
5.0,Works great with Galaxy and iPhones,Simple to download files from PC to phone and back again. Haven't had any issues moving large files around.
2.0,Runs very warm!,"While this does work well, it gets extremely warm... almost to the point where I'm uncomfortable holding it. This happens in both my desktop while plugged in and when I have it plugged in to my tablet."
4.0,Nice product.,Good product. A little bit cumbersome to use and a constant basis because of its style. I would not buy again but I iiked it.
4.0,Hard to use,The USB end slips back into the device when trying to push it into a USB receptacle.  Very hard to get it to connect.
5.0,I loved. Thank,"All in agreement, I received the product and it is as it appears in the description, of the announcement. I loved. Thank you"
4.0,Muy útil.,La verdad me gustó mucho esté artículo por su utilidad que es muy buena y útil.lo mal es que se me hace muy difícil poder pasar archivos de música de mi celular a la memoria. Pero después todo es muy útil .
5.0,Necessity for Galaxy S6 users!,"So nice I bought it twice. This 32 GB and a 64 GB. It works great for transferring files from my Samsung S6 Edge to my computer. It also helps keep my device hard drive from filling up with photos, videos and documents. I story them on this flash drive and have them at my fingertips whenever I want."
5.0,Great for traveling!,Such a convenience to have a way to backup my phone while I'm on the go. No computer or data connection handy? None needed.
5.0,Does what it is supposed to,"I purchased this to move files from my laptop (USB) to my tablet (Micro). So far, so good."
5.0,Great to have in emergencies when your phone gets full ...,Great to have in emergencies when your phone gets full or when you need to move/copy a file very quickly. Small is great but I just hope I don't lose it...
5.0,"Really great because of the size, even if you only need one side or the other!","Even if you're only using one side or the other, and don't need dual USB/micro USB, this about the smallest thumb drive you're going to find."
5.0,A Must Have Mobile Product,Excellent memory storage for saving and transferring phone files.
1.0,Piece Of Junk,Totally worthless piece of junk. Broke during installation.
5.0,Fun flash drive.,Really cool. Works great. I hate that the ends stay open and exposed. Not great for carrying around all the time on a keychain.
5.0,Will order another one!,Very small and very convenient and is living up to what it does
5.0,Works great for PC and Android,This makes getting files off of your phone or Android device and putting them on your pc (or another Android device) so simple.
5.0,Nice,Nice to use them in daily basis.
4.0,"Handy, bit confusing","Handy, but a bit confusing to open each time."
4.0,i like the style,the Item has good quality
5.0,"Use with PC, tablet, or phone",Great because it's interchangeable and requires little fuss to that.
5.0,"Never used it, but nice!","Accidentally ordered it by mistake. But the item did look fantastic. After reading about it, the specs and capabilities are very interesting."
5.0,Big yet small!,Big yet small... a very handy thing.
4.0,Good item. Very convenient.,Seems like it drained the phone battery when I left it plugged in 1 night. Other wise works perfect for a flash drive.
5.0,It is what I needed,It is what I needed.
5.0,Working good,Working good
5.0,Great product,Easy of use
5.0,Love the ascetics of Leef products,Love the ascetics of Leef products.  They are in a class of their own when it comes to USB drives.
5.0,Fast Shipping,Fast shipping Item as described
4.0,"Funciona bien, pero le falta algo de calidad","Funciona bien, pero se calienta mucho, además con adaptador a tipo c no lo reconoció el teléfono."
5.0,Perfect,Perfect
5.0,nice ! super fast !!,super fast transfer speed from my samsung galaxy S4.. very happy with this drive....
3.0,It works fine,"It's fine but not as fast as my ""PNY Turbo 64GB USB 3.0 Flash Drive - P-FD64GTBOP-GE "" which is understandable. The thing I don't like about this drive is that when plugged into my laptop I can't use the USB next to the one this drive connected to. The design should have been a bit less in width."
5.0,Good Device ...,Good Device ...
1.0,Doe NOT work on all phones.,does not work on my phone...waste of money.  I have an LG K20 Plus
5.0,Good looking and good quality,Works pretty good and very useful. I hope it doesn't break like the previous one
5.0,Perfect use.,Works perfectly for the Wii U that I wanted it for.
4.0,useful,"Haven't used it but I hope it works, gotta store lots of pics."
5.0,So unfortunate,This was great until it broke after a couple of uses. I wouldn't mind a replacement.
2.0,It broke less that 60 days after purchase,This flash drive worked really well for what I wanted it for. Sadly it broke on the micro USB side of things so now I can no longer access it via my phone but can through the computer so it's not completely useless but I am disappointed that it broke so soon.
4.0,Útil,"Funciona muy bien, en único problema que le encuentro es el diseño ya que es incómodo cuando lo conectas en el laptop"
5.0,Great Little Device,Always a pain backing up the phone or transferring pictures. Now it is effortless.
5.0,Si,Buen producto
5.0,Perfect,Perfect
5.0,Perfect for quickly getting my photos off my phone and ...,Perfect for quickly getting my photos off my phone and getting them on my computer or printed. I've purchased a few of these and I haven't had any problems.
5.0,You need this for your cellphone,Works great for transferring files hither and yon...
5.0,Awesome,Works great
4.0,He sure to attach it to something bigger,Good but very small. Easy to lose
5.0,Good,Worth it
5.0,Works great,Works great
5.0,Great little device,Great
5.0,Five Stars,Works as advertised. If you need this then totally get it.
2.0,"Wish it was a bit more sturdy, maybe metal housing","Lasted about 2.5 months before the little keychain tab broke and then of course it got lost. Wish it was a bit more sturdy, maybe metal housing."
5.0,easy to use,simple to use and nice and compact to carry in your pocket.
2.0,Two Stars,It didn't work for my android phone.
5.0,"Too small, but I love it",Great for my Android phone back up!
5.0,Great product for a great company,It's a SanDisk. Great product for a great company.
5.0,Great,Very Good
4.0,Four Stars,"I like the duality of the drive, however the slider is annoying since it doesn't slide consistently."
5.0,Five Stars,all went well
5.0,Would buy it again,Love it! It is really easy to use. I wish i would buy the one with more storage!
5.0,SanDisk.. what else..,Always a fantastic brand.
5.0,Five Stars,Very Good!
5.0,Five Stars,like the idea of the dual purpose
5.0,good price.,"My little thumb drive worked perfectly for transferring photos from my droid phone to external hard drive.  Simple to use, good price."
5.0,Five Stars,Better then I thought it works on my android phone also.
5.0,Easy to use.,Easy to use & good design
5.0,Five Stars,works good
5.0,... expected and backing up your phone is just as easy.,Works as expected and backing up your phone is just as easy.
5.0,Love it!,I love it! I can carry it with me and I can use it in my phone or my laptop.
5.0,Perfect,"Very cute, compact, and exactly what I needed. Recommended."
2.0,Two Stars,Doesn't work in my phone. No indication in posting that it isn't compatible with all phones.
5.0,Five Stars,working on Android phone as external storage
4.0,Same old problem HOT,I real like sanDisk products but just a little problem HOT!!
1.0,"Downloaded app for use, moved all pics from camera ...","Downloaded app for use, moved all pics from camera roll into album and doubled contacts in phone.  Couldn't transfer to computer, got VERY HOT during use.  Returning"
4.0,Four Stars,It's cute. What else can I say?
5.0,Five Stars,EXCELENTES MUY BUENAS
4.0,Works good,"Works good, Sometimes if forget what to grab to extend the connector"
5.0,Fine device: worked as stated with prompt shipping,"Fine device: worked as stated with prompt shipping. Excellent product, easy to use and carry.  I would suggest making the band for attaching key ring or lanyard, mettle or stronger plastic to keep the loop from breaking."
3.0,Smaller than expected!,"Overall I like the flash drive, only down fall would be the flip function , it doesn't lock into place so the cover will slide back down."
5.0,Excellent.,"Great price, quality and speed. Works flawlessly with my Android phone."
5.0,Works,Works.
5.0,Fine for me,Works great with Droid turbo 2. Backup every week all photos and music.
5.0,Easy of use,Just the right size.  Easy to transfer between cell phone and lap top and desk top.
5.0,Five Stars,Came as described and in a timely manner
5.0,Five Stars,Perfect.
4.0,Nice item til it went missing....,"...till I lost it, darn it!"
4.0,Four Stars,"Good quality, good buy"
5.0,Five Stars,"Great design, but I may need the usb-c port?"
5.0,It works!,It works for what I bought it for and has yet to fail. I am happy with my purchase.
5.0,Compact and Easy to Use,"Convenient, compact and easy to use!"
5.0,Five Stars,Quick & easy was to transfer to/from tablet or phone to computer
5.0,Five Stars,Excellent
5.0,Good,Item works well
4.0,Very good,Very convenient to use
1.0,Was a waste of tome and money,Wasn't able to even use it...didn't work for what it was advertised for...I even googled to see hiw to use it and it never worked.  Was a waste of tome and money.
