ratings,rev_head,revs
5.0,Fast & Reliable if your device supports it!,"I've used SanDisk cards for years and they have never failed. This latest design (UHS-II) is Fast! It's backwards compatible but for popping into your computer, but make sure your camera or primary device is UHS-II compatible otherwise don't spend the extra money for UHS-II. I have several of these and they work great, very fast in my Fujifilm X-T2."
4.0,Super quick,"Very quick write speed memory card. I used this on my Canon 5D III and it is amazing at how fast it writes and does the playback on. They are a bit pricey still, but 300 mbs is worth the price."
5.0,Fast and reliable with my point and shoot,"I was using an older SD card that had 90 mb/s writing speed as opposed to this one's 300 mb/s speed. I was constantly waiting for burst photos and videos to write to the older SD card. As soon as I upgraded to this new one, it was pretty magical not having to wait those few agonizing seconds between shots. If you're on the fence and in a similar situation as me, I highly recommend making the jump!"
5.0,Fast and big upgrade,"We've been shooting primary on CF on the Nikon D800 and just switched due to video to the SanDisk for primary.  Combined with my card reader, upload times are amazing and very little lag, unlike the CF reviewing the images."
5.0,FAST!,Fastest card I've ever used. 24MP Jpeg files at 8FPS just keep going. Highly recommended if you have a UHS-II capable camera.
5.0,Great card with no issues. Must buy!,I use this SD card in my Sony A7iii and my Fujifilm XT3. Never any issues. But I do take precautions. I will keep the cards in there for a bit and erase photos and add some more.
5.0,Must have SD card for 4K Video and High MP Cameras,Best SD card I have ever used. I currently use these cards in my Nikon 850 and they all have worked without a single problem with heavy use for two months. Worth the cost at 32 GB -  will wait for lower prices for the larger cards at the same speed.
5.0,Unbelievably fast.,"This card is unbelievably fast, having a nice fast card like this is a must if you are shooting in RAW."
5.0,Technology sure does cost a lot sometimes.,"It’s always hard to find the right cards Amazon. This one is no exception! These are the faster cards so that’s why it cost more money. With that said, technology sure does cost a lot sometimes."
5.0,Works Great!,"Love this Card. The Camera A7rii buffer is freaking slow and overall sucks. I thought this would help, but no. It is the camera. This works well with my A7iii."
5.0,fast and best bang for the buck,"scorching fast for my A7RIII, best bang for the GB buck."
5.0,Best SD Card.,I always buy Sandisk Extreme  Pro SD cards.  They have always performed well.
5.0,Nearly eliminates shutter lag for rapid photography,Lightening fast - makes a huge difference in camera speed. Worth the price.
5.0,Highly recommend them.,I have a ton of Sandisk memory cards and have never had a problem with them.  Highly recommend them.
5.0,Fast!,Pro photographer who takes lots of photos every week. Works great. Download to laptop is ....SCREEEEAMING!!
4.0,As described,"As described, fast one day shipping!"
4.0,Positive,"Good product , but pricey"
5.0,Extremely fast,Great writing and reading speeds
5.0,Very cool,"Really beautiful, works good, makes me feel a little bit more secure having it!"
5.0,Fast read / write.  Backwards compatible to older cams.,It’s a 32 gb card that’s really fast.  Designed for video and still photography.
5.0,Sd extreme pro 32gig,So far so good
5.0,Great card,Great card
5.0,Five Stars,Writes much faster than SDHC UHS- l.
5.0,The speed,The speed makes taking photos so much faster
5.0,Great cards,"Good speed for shooting 4K video, card hasn’t given me any issues. Would recommend."
5.0,I need these fast cards for my Fuji cameras. ...,I need these fast cards for my Fuji cameras. These work amazingly well. Sandisk has always been rock solid for me.
5.0,Gift,Gift
5.0,High performance.,Great capability for high performance cameras.
5.0,Great Deal,Very good price and quality on sd card would buy again!
5.0,Great card.,Works as expected. Great card.
