ratings,rev_head,revs
3.0,"These used to be UHS-I cards, what happened?!",The cards I ordered back in Feb 2017 were UHS-I and not Class 10. All of the cards I have got since then are slower Class 10 cards. They look almost identical except the UHS-I card has the U1 logo instead of the class 10 logo in the lower left and a capital I next to the MicroSDHC logo in the lower right. Other differences include the fact that the UHS card is made in Taiwan instead of China and overall much faster read/write speeds.
5.0,Awesome Job! Reliable and Works Great!,Bought this to live inside of my dash cam (Viofo A119S-V2) to record 1080p/60fps as I drive.
1.0,Not even good as a paperweight,"I bought this SD card to use for my vehicle dash cam.  With a growing number of insurance fraud, this card paired with my dash cam was a way to protect myself.  I figured SanDisk had a great reputation and decided to choose this one over the other competitors.  Unfortunately, I should of been more cautious.  I have owned this SD card for over a year and realized today that it had not recorded footage for the last 7 months due to an error.  The SD card can no longer be edited or formated.  Luckily, I have not been in an incident in which I needed the footage or I would be straight out of luck."
2.0,Limited Life in Dash Cam,"I ordered this micro as card in April of 2017 and it was dead by the end of May of 2018. It was used in a Yi dash camera recording in 1080p. I realize that a dash camera continually writes & rewrites data to the card, but I usually only drive about 2-3 hours a day Monday - Friday and maybe 1-2 hours on a weekend. That only amounts to approximately 900 hours a year. Even if I double that to 1800 hours a year, that is still far short of the claimed 10,000 hour life expectancy. I was expecting this card to at least last 18 months before any issues. Now I cannot even reformat the card. When it did work, it did work well and that’s why I’m giving it 2 stars instead of less."
5.0,Excellent performance,"Currently performs excellent in my Blackvue Dashcam. I've tried standard SanDisk and Kingston MicroSD with my dashcam. For the past couple months with the heat in El Paso, my dashcam had been constantly rebooting (Yes, we've been having the hot weather while everyone else was getting snow). I tried reformatting the card, swapping between cards and found information regarding the harsh extreme temperatures causing issues with the SD. Think about it, constant expansion and contraction, hot, cold and science stuff... Anyway, not a single issue with this card, just wish there was a 128gb version but at least I do a cloud dump everyday. Another excellent product from SanDisk, which I have been a fan since the beginning. I hope it performs the same throughout the summer and I'll update this by fall 2017 or sooner if issues arise. I have like every brand of electronics and components in the home and I have to say I've never been disappointed with a SanDisk product to date. Good, honest and trustworthy production."
1.0,Less than a year and DEAD,6ish months in and the card is already dead. Tried formatting it both on the dash cam and on my computer. Pretty disappointed since it was so highly recommended.
5.0,Eliminated dash-cam recording failures,"I was repeatedly getting ""recording failures"" with standard SD cards in my dash-cam.  This high endurance card fixed the issue.  I've only been using it for about a month but the card seems to be recording just fine.  If this changes over the longer term, I will update this review."
5.0,After using many different cards...,Update 5/30/17:  the card has been running for a month now and still working perfectly.  I still reformat the card once per week.
4.0,Used it on my dad's Rexing dashcam and it has been good so far with no complaints,Originally bought it for my Street Guardian SG9665GC but it kept on giving a memory card error on all three dash cams. Used it on my dad's Rexing dashcam and it has been good so far with no complaints. I would probably purchase this again since it's been over four months now of 4 hour a day usage for him. Make sure you check on the dashcam forums for compatibility with your dash cams.
2.0,"Not as ""durable"" as regular 128gb SD cards (for $10 more), for dashcam use","Two stars because it's a quality product that I have no major gripes with, other than it not being as durable as they say for dashcam use."
5.0,Perfect for dashcams!,"This is perfect for my car dashcam. I was using a standard sandisk before and after 6 months it stop recording because the read-write cycle maxed out.  This high endurance card has a lower transfer speed (around 20MB/s) but it makes up for it by having a higher read/write cycle.  I have my dashcam running 24/7 in my car, even when parked. It takes 10 minute videos then creates a new file, overwriting the old ones once it fills the memory. So about every 8 hours it overwrites the whole card. I've been using this card for about 6 months. So that adds up to about 550 full read/write cycles already. It's not only held up to all the constant rewriting but also 100 degree+ weather in the summer and now the below freezing temperatures in the winter."
5.0,Great cards for my Viofo!,"In the past, I’ve had bad experiences with other types of micro sd cards for my dashcams (Viofo A119 and Rexing). My cards would die every 18 months or so. Did a little bit of research and found out that dashcams prefer a more specific card that can take the abuse of being written and re-written over and over again. Watched a few youtube videos on dashcam related SD cards and everyone seemed to agree this card gets the job done. That was about 2.5 years ago. Well, the SanDisk High Endurance cards finally gave up. It lasted 2.5 years….a full year more than my previous cards. And the great thing is it was only a 32gb card. This time around, I decided to replace the 32gb cards with 64gb cards. I’m sure these new cards will last me well over 3+ years. By the way, I commute 70 miles round trip on a daily basis. About a 4.25 hour commute daily. So if you drive shorter distances, I’m sure your cards will last longer."
1.0,waste of money,This item lasted 12 hours in my Dash camera and then quit recording- dont waste your money on this product
2.0,Great SD Card - Doesn't Last in the Heat,"It was a great card - while it lasted. Bought this in the summer of 2016 and it only lasted me a year. I was using this in a dash cam application and although it says it has a high temperature tolerance, it must have degraded over time since my dash cam no longer recognizes it. Tried plugging it into my computer to check the contents and there's nothing there. Oh well. Time to find a different brand."
1.0,Worked great for about 6 months,"Worked great for about 6 months, threw an error that it was unable to be formatted."
4.0,PERFECT FOR DASHCAMS.,So far so good.  I've been using this SanDisk card for well over a year now with no problems.  I couple of times my dashcam would stop working.  I took the card out and put it on my computer and deleted the files.  Re-installed the card and it's running  like it should.  Cars do get hot no matter where you live.  Try this high endurance card in your dashcam.
5.0,Reliable micro SD for recording use,"I purchased this high-endurance micro SD card to use with a dashcam. Mine is set for 5 minute cycles, i.e. a 5-minute video is recorded, then a new file is created for the next 5 minutes, and so forth until the entire SD card is full — and then the camera overwrites the oldest files as it continues creating 5 minute videos."
5.0,Great for DashCams,"My DashCam crashed multiple times due to errors on the sdcard.  Turns out the card doesn't like to be written over and over and over and probably especially when the camera has been on the windshield inside a closed environment of my pickup that is in the sun all day.  Heck, I don't like it either."
1.0,The card does not work,"I have bought the set of the recorder, the suction mount and the memory card and I'm pretty satisfied with the recorder and the mount. But the memory card does not work at all! It can not be formatted or store video. I have also tried to plug the memory card into my other devices and it did not work either. So I have to insert another card to record video. So can I get a new card? Or do I have to return the bad one back?"
5.0,Works with SV3C IP Cameras,I was able to fit the SD card right into the SV3C IP Camera without issue.
5.0,Excellent cards for recording video,"These cards appear to be dependable and functioning great while recording video. They are not the cheapest but they don't have a problem with speed while writing massive amounts of video data.  It's too early to tell if they can take 8000-10,000 hours of writing before being exhausted but they should last a year or two."
2.0,Does not work with BlackVue dash cams?,Been a loyal customer toward SNDK flash product but this one is a bummer.
5.0,A must for a dash cam,"I opted for this memory card for my Rexing V1 dash cam.  After doing some more research online its highly recommend by many manufactures and the other users that a High Endurance memory card is a must for dash cams.  Not only for temperatures, but also due to the loop recording that happens non stop."
5.0,Great dashcam card,"**UPDATE, 1 YEAR LATER**"
5.0,Performs faultlessly in 1st week continuous dashcam usage,"AT least 3 other well known name microsd cards presented intermittent glitches (..because none of those 3 cards were sold as ""high endurance""). This SanDisk is NOT (..i.e. no longer...) labeled as MLC (..as opposed to cheaper, less reliable TLC..) but in the one week of non stop recording in my dashcam, I have not yet encountered a single glitch.  Assuming it continues this way, I should have gone this route two years ago.  Not forgetting this is very reasonably priced - lower than at least 2 other branded MLC microsd cards"
3.0,Why do I give only 3 stars?????,"Why do I give only 3 stars?????  It is missing the word ""High Endurance"" label on the micro SD card itself.  It said so on the package but why aren't they also stamp on the card to distinguish it from a bunch of other SanDisk micro SD cards that were so similarly named?  How can I tell if it is high endurance card?  If I drop this ""High Endurance"" card into my pile of other Sandisk cards, I would not be able to tell which is which :(."
4.0,Purchased to use in Tesla Model 3 “Sentry Mode”,"After using several USB thumb drives for recording video on the Tesla’s camera and getting mixed results, mainly getting a lot of corrupted videos I did some research and discovered that to get best results you need to use a high endurance sd card built specifically for continuous video recording. So far so good, no corrupted since using this card. Make sure to format the card as a FAT32 in order for it to work in the Tesla. Also create a folder entitled “TeslaCam” without the quotations marks and save it onto the card."
5.0,"Outlasts Everything Else, But Still Eaten Like Wheaties","TL:DR - Highly recommended for Pittasoft ""BlackVue"" series cameras, can get 6+ months on a 24/7 setup, but carry at least one spare, as failure is unannounced and abrupt. Warranty service is excellent, and somewhat fast, if required. Would be nice if they lasted a little longer, but such is flash."
3.0,"In the past year, 3 SanDisk 128GB cards have failed for me but this 64GB will works","Excellent capacity for the price but as a long time SanDisk user, I've become disappointed since they were purchased by Western Digital. While not used heavily, this 64GB keep on working. I use it in an ASUS phone."
3.0,... dashcam for a while now and I'm actually fairly disappointed with how often I actually need to format this,I've been using this in my dashcam for a while now and I'm actually fairly disappointed with how often I actually need to format this. It's almost every month or so that the camera will say that something went wrong with this SD card and that it requires formatting. (I don't even drive that much.)
5.0,Tailored to my Aukey,My thoughts are you need this kind of card for mostly for its resistance to heat if you are going to subject it to use in a dash cam. In my black car it can get up to 160 degrees in the Florida sun. Its small size requires a lot of extra care in inserting and removing it from the device. I strongly suggest laying a towel or small sheet under the area where it could fall. (I lost one when I dropped it and it ended up under the wiring harness under the mat).
1.0,64GB card only has 1MB memory,"Does not format on a Windows 8 PC. Tried Sandisk instructions through the Computer Management window but format was not an option when right clicking on the drive. The SD Association formatter worked. When I tried to save a firmware file from a dash cam, the card said it only had less than 1MB of memory. So I right clicked properties for the card and it says its a 1MB card. It does not show 64GB."
5.0,Headset ok Company Great!,"The headset is a little bulky and all the controls are on the same side which makes it little confusing to operate. You have to figure out how many times to press the volume to either turn it up, skip music tracks. The ear buds ratchet out which make it odd to pull out. But the sound quality is good and overall its not that hard to get use to. But for only $30 it is priced right. However I started having trouble with one side cutting out and the headset would randomly disconnect from my phone. I notified the company and they very quickly offered a replacement and stood behind their product! You can't beat service like that and I will definitely buy from them again."
5.0,"worse, going to waste due to improper usage","A must-have for dashcam applications. I originally installed a regular Class 10 micro SD card but, upon receiving the High Endurance versions, realized that the build quality of the latter is specifically tailored to high-heat exposure and more writes than your common micro SD. Now I don't have to worry about the card letting me down or, worse, going to waste due to improper usage. Peace of mind is what this card is truly about."
1.0,"Doesn't work. Computer says it's a 30.6 MB drive, and it fails when I try to format it","Tried formatting in two computers as well as the dash cam I bought this for. Will be returning this and buying a different brand. Unfortunately now I'll have to wait a week to be able to use my dash cam. Others have had this same issue, poor quality control. stay away from this item."
1.0,No longevity,"These are pretty awful. One failed almost out of the box with my dashcam, the other about 6 months later. Both worked again after reformatting, but can't be relied on in mission critical roles. My prior card (a plain-jane Sony) lasted much longer and was going fine when I replaced it with one of these."
5.0,Better than most other brands. Stand behind warranty.,I only buy SanDisk. Used to buy Transcend and learned the hard way that they do not stand behind their warranty. Sent in a card that was used only in a camera via the supplied SD adapter. They responded with a microscope picture of the contacts stating that it was not used properly. Huh?! Switched to SanDisk and have never had a problem. Will only buy product from SanDisk from now on.
4.0,"Works very well, hope it can take the abuse, will update if problems.","Works fine with my cameras, I originally bought this one for a F770 Thinware dashcam but did not work, not the card's fault, Thinkware uses proprietary cards, so I used it on my gopro sessions 5 and wroks great, now I now I have a robust card that will last a long time."
1.0,"Garbage instructions, connecting camera doesn't work (I'm technical)","I fought with this for about 45 mins. I understand you can't connect it to 5 ghz, and I followed all the instructions. I'm fairly technical, and wasn't able to get this to work. After seeing more reviews related to this hassle, I threw in the towel and returned this garbage. I'd rather buy a bit more expensive one that works that I don't have to fight with."
5.0,Dashcam works great!,"Just what I was looking for. Products price fluctuates, so be on the lookout. Shop around and get lowest namebrand ""high endurance"" card. So far, no ""high endurance"" cards above 64gb. Calculate how often you need to replace given your dashcam - 24/7 30fps parking mode vs 1fps parking mode vs no parking mode will wear the product differently."
5.0,GREAT FOR DASH CAMS,"I switched from the Sandisk Extreme Pro to this card because Sandisk claims that it is better for Dash Cams. The Extreme Pro is a great card but this one is supposed to be more suited to continuous dash cam video recording and better for the extremes in temperature in a car. I live in NYC and the winters are VERY cold and the summers are very hot, especially when the car is parked in the sun with the windows closed. Been using it continuously for awhile now and it works flawlessly."
4.0,Do not use for dashcams,"Do not buy this for a dashcam, I used this for over a year in my Rexing dashcam with seemingly no problems but needed to pull a video this morning and it hadn’t recorded when I needed it. This appears to be a common issue with this SanDisk and dashcams."
1.0,One Star,Encountered first errors after only 3 weeks of use.
5.0,Works great in Blackvue DR590w 2-ch dash cam,"Before this would work in my dashcam (blackvue dr 590w 2 channel) I needed to format it using the blackvue software on a PC. Once I did that, however, it worked great, actually significantly improving the video quality of the recorded footage over the 16 GB blackvue sd card that came with it. I think perhaps the write speed is faster on this card, allowing for less video compression in my case."
5.0,Work as advertised and are supposedly designed to handle continual overwriting in dash cams or security cameras.,"These work very well in my dash cam.  Other disks have died after a short time because of the constant overwriting.  These are designed specifically to handle the overwriting. I have just installed one of them, so do not know how well they will hold up.  If they fail, I will be amending this review.  If there has been no amendments, you can trust that they are holding up as expected."
5.0,Bought this after my last micro SD card died in ...,Bought this after my last micro SD card died in my dashcam.  I guess and constant writing didn’t do it well.  So I bought this in its place.  I bought two so far and so far both have been holding up well.
5.0,Working great. I bought two,"Working great. I bought two: one for my dashcam and one for a home surveillance camera. Both are on constant recording loops so the ""high endurance"" aspect was an important point. I burned through my old dashcam card pretty quickly and it started throwing write errors but none so far with this card."
5.0,Works as expected,"I use this card in my 'Rexing V1 Car Dash Cam' and have had zero problems. I use the SD adapter and 'Sabrent SuperSpeed 2-Slot USB 3.0 Flash Memory Card Reader for Windows' that I also purchased from Amazon. I watch the video files on my PC, deleted them from the folder, and replace the card in the dash cam."
5.0,"Dash Cam media - So far, So good....","Bought this SanDisk 64GB micro SD for a dash cam and so far, it has performed perfectly. Have reviewed several of the recorded videos and they are flawless. I have several SanDisk products (mostly thumb drives and they have never let me down, even drives that are several years old and used often). I'll make an update later if anything changes or the product fails."
5.0,Per San Disk this is what you need for dash cam's.,Your dash cam will constantly write over itself so you need a storage device that will endure this type of workload. I am a road warrior and I have two dash cams. I haven't had any problems since I purchased this card. Buy It!!! You won't regret it. San disk will warranty this item free of charge.
5.0,Disk is as advertised and works perfectly in the DashCam ...,"Disk is as advertised and works perfectly in the DashCam I also ordered.  Received the disk the day before the DashCam, and it is functioning perfectly so far.  Price was right as well for a unit designed for high heat applications, such as a parked car in the sun. Have used MANY SanDisk  disks over the years, with no problems/failures to date, so fully expect the chip to outlast the DashCam."
5.0,This is indeed the best micro SD card for dash cam,"This is indeed the best micro SD card for dash cam. The temperature in a car can vary a lot, but this card is frustration-free."
5.0,Good reliable card,My device specified the High Endurance card so this is what I ordered. I had a lesser card that kept giving error messages and needed reformatting too frequently. After installing this card I have not had the problems I did with the previous card.
4.0,So far so good,Purchased this for my Blackvue 2 channel Camera as my other card died. I needed something specifically for designed for the job of constant recording that a dash camera requires.
1.0,Not remotely close to 64GB,I'm well aware there are variances in size and you don't always get the advertised size but this is unacceptable. It's clocking in at 59.4GB  (a full 4.6GB under the advertised size).  I needed as close to 64GB as possible. This will be returned.
5.0,Heat resistant is a+++,"Resist heat very well, I use it with my dashcam and since I live in Texas the weather in evening can reach up to 100F..."
5.0,We'll see how it holds up to hot summers and cold winters...,It was suggested to use a high endurance sd card for a dashcam because of the resistance to high and low temperatures as well as the constant rewriting.  I installed it into a Rexing V1P dashcam and the card was detected immediately after turning it on.  Format was quick and it's working so far.
5.0,Used in Rexing V1 Dash Cam. No complaints yet ...,"Used in Rexing V1 Dash Cam. No complaints yet, using camera on maximum definition. Will do follow up review on how much recording time is available for this setting."
2.0,No App for iPhone (IOS),"I purchased this item for my Tesla MX.  Like other customers, I too had trouble with the software.  There was no digital signature and will not install until there is one.  Hoping the seller can fix this issue otherwise I will return the camera next week."
1.0,"Adaptor is ok, the micro SD card is junk","Wish I could have learned that the Micro SD card I was using in a dashcam was defective, but the return window and 90-day product support have ended. If you buy this make sure the micro SD card works before the return window closes."
5.0,Works great for dash cams,This microSD card is perfect for cameras that overwrite their own data with a continuous loop cycle. It's been great so far and seems very reliable. I haven't had any issues for the last month through some stress tests. I will update my review if anything goes wrong or if I have any updates!
5.0,This card fixed a few issues I had with my ...,"This card fixed a few issues I had with my Aukey dash cam. A cheap SD card I got at a big box store kept causing the device to freeze, defeating the point of a dash cam. Haven't had any issues with this card for the past two months."
1.0,"Good, but only for 2 months.","Failed after 2 months. Purchased  specifically for use in vehicle dash cam. After 2 months or write/rewrite, it no longer works."
5.0,Good for dashcam,Been using for the last 3 months. No problem so far.
5.0,Works for my dash cam,Dash cam stopped working then I read I needed a special SD card. Oops. Put this in and we are back in business. It's winter in the Midwest and my car doesn't get the garage so I will update it if the cold effects it. So far (1 month) so good. We shall see.
5.0,This Is The Video Card For Dash Cameras,If you have a dashboard camera this is the video card you'll want. It withstands the interior heat where other cheaper cards fail. Nothings worse than finding out that your video card failed and didn't capture the accident that you were just involved in.
3.0,Lasted about 6mo in 24/7 hardwired dashcam in florida sun,"after about 6 months it started causing reboots, I pulled the card and tested the speed and I am getting between 5-19MB/s, with the average closer to 6MB/s, Class10/UHS1 spec is 10MB/s minimum for sequential..  while the card still works, it slowed down a lot or is not meeting spec any more. Attempting to get a replacement"
5.0,Works without issue in a Raspberry Pi 3 B+,"So far, this works without issue, with decent performance in a Raspberry Pi 3 B+.  Since this MicroSD is used as an operating system drive, time will tell if the I/O of the OS will wear the card out prematurely or not."
5.0,Works Perfect for my Dashcam,Pros: I bought this to go with my Aukey Dashcam and so far it's been working perfectly. It's a high endurance so it should last for a long time. Just had to format it and it took off. No complaints.
4.0,May 2017 - Oct 2018,I got 16 months out of this in my dash camera before it died. Most of my driving has been commuting so it would have been in use for only a couple of hours a day.
5.0,Great for Dashcam,I am using this in Phoenix in my windshield dashcam. I havent had any corruption issues yet and it handles our summer heat quite well. Time will tell the longevity as this will be its first full summer.
4.0,Plenty fast enough for all 1080p dashcams.  Can handle hot South Carolina Summers.,Works well most of the time. I may occasionally have to reboot dashcam if there is a recording error alarm. Maybe happens twice a month. After reboot it is fine. Not effected by heat like most standard cards. Worth the money.
5.0,Great card for dash cams,"I've used this in an Aukey DR01 1080p dash cam for over 6 months, including through a hot summer (i.e. 100+ degree weather), without any issues. So far no complaints. I actually just purchased another one for a 2nd dash cam. Time will tell if it holds up in the long term!"
5.0,Used in a Rexing front and rear dash cam.  Last about eith hours.,I use this in a Rexing front and rear dash cam.  Videos are very good during the day both front and back.  The front video is good at night but not so swell on the back due to adequate lighting.  I left it on to see how long it will store before overwriting and it lasted about eight straight hours with both front and rear cameras on.  Audio is excellent even with a window down while driving city and highway. Very impressed!
5.0,Works Great in my Dash Cam,"I purchased this for use in my Rexing V1 dash cam, and it works as advertised. With my video quality settings, this will hold 5.5 hours of video before it starts loop recording over it."
5.0,Great Video Card for Dash Cam,I used this to record my wide angle dash cam video feed as it was recommended when I purchased the camera. It is very compatible with my dash cam as the playback recordings are good quality. I cannot think of a reason not to purchase this card to record streaming video.
5.0,Perfect fpr Blackview,Use in my Blackvue dash can. Works with no issues. Old one kept causing unit to reboot due to corruption. Now it does not. Exceeds to requirements of the camera unit. Would recommend for any camera that does high read/write/overwrite operations. Including web cams.
5.0,Recommended,I use this in a Z-Edge dual cam dashcam and it works well.  Over a year with no issues in Florida heat inside a vehicle with black interior and also in Michigan during winter.
3.0,Worked for 4 months in my dash cam (BlackVue) but ...,Worked for 4 months in my dash cam (BlackVue) but died after parking in a hot parking lot (100+ in Texas).  I guess my dash cam is picky with cards though...going to try the Lexar 633x next.
4.0,"No initial problems, I'm using it in an IP ...","No initial problems, I'm using it in an IP security camera outdoors to capture motion or do backup recording in case of power failure. No problems formatting from Mac to Windows to a Pelco IXP21 security camera with its own Micro SD slot."
4.0,Decent card but expensive.,"When I heard Sandisk was making some card for 24/7 recording, I was like... YES! need one that doesn't always die on me for my dash cam."
1.0,Dead after 1 month,Card couldnt handle 1 month of use in my dash cam. at about 1 month I had to reformat it weekly to keep it recording and by 2 month the card was unrecognizable even by data recovery tools. Absolute garbage.
5.0,Get it !!!!,"I read the High Endurance cards are best for recording over multiple times, so I ordered 2 of these for my dash cam. So far, I haven't run into any problems. It does come with the flat SD card adapter, which is nice, but I would have preferred the reader style card (like a thumb drive style) to insert into a standard USB port on my laptop. Other than that, the price was reasonable, it works fine with no problems and fast shipping."
2.0,Failed after 5 days,"I used it for 5 days with a dashcam, and stopped working."
5.0,Works great in dashcam,"Works great in my Viking V1P dashcam. I get nearly a week of recording with the video on the highest resolution. This is with typical city driving, I'm sure it would be less if it is used for long commutes or cross-country."
5.0,They work and have not failed,I have a bunch of these in security cameras that are recording 24x7 - including one as a dash cam in my truck.  They work and none have ever failed in this harsh use.
5.0,Affordable and fast!,I got this for my dash cam in my car and it has worked great so far. It stores more than enough and transfers to the computer fast. I would highly recommend this specific card over others as its affordable it transfers faster than others in my experience.
5.0,Good performance.,Good card. Its endurance will take some time to verify. Tested read and write speeds and they're both ~18Mbytes/sec. More than enough for my 1440p dashcam which requires ~3Mbytes/sec.
5.0,It’s a great deal when it was at $25,"This is a must have memory card for dash cam or security cam. I’ve been using this for about 6 months and still work so I bought one more for my other camera.  If you use normal sd card, it will fail prematurely because of constant writing to the memory.  It’s a great deal when it was at $25, will buy again"
5.0,Has held up well in the heat,"Got this specific memory card to use in a dash cam. It has held up well in the desert heat and hasn’t had any issues with failures, errors or loss of footage."
5.0,"High Endurance, High Hopes","I may be premature on the 5 star rating because only time will tell if it's capable of standing up to my dashcam. The price was high but if it does not fail like so many cheaper ones have, it was worth it."
5.0,Worth it,i have quite a few memory cards for my Photography work. I use this in a hand held video camera and it works great and is fast to write. for 20$ its most definitely worth the buy
5.0,Working so far.,"After destroying a couple of SanDisk Ultra cards in my dash cam, I researched and found I needed a High Endurance card instead.  This card is working well so far."
5.0,Dash Cam card,Card came as advertised and is working well in my dash cam. Stores 5 hrs of video but I have not tried to store that much yet to verify. But it stores fast and the high endurance should last 3 or more years I hope.
5.0,Works just fine with any other storage application,I bought it because it was recommended by Amazon while processing my order of the dash cam but apparently I was re-recommended to use Kingston instead
5.0,Very good product,"So I've had this high endurance video SD card for 7 months and it's constantly recording, stopping and recording and this thing has held up really well. I'm very glad I found it."
5.0,Supposed to be the best for Dashcam,Supposed to take the Heat and re-recording use of a dashcam. Only time will tell for sure.  have used a month so far. so good. will re-post with update in 3 months if i am allowed to
5.0,Great for dashcams.,"Great for dashcams. No issues with reads or writes thus far. It was a genuine Sandisk product shipped directly from Amazon. Be careful with third party sellers, as always!"
4.0,Maybe 128gb next year . . .,Works just fine ...
5.0,Excellent SD card,"I have bought this card for my dashcam, it works really well, this is an excellent product that arrived on time and is truly as expected."
4.0,Good,"So far so good, will update later  again, could be a little cheaper"
5.0,You need these high endurance cards for dash cams and ...,You need these high endurance cards for dash cams and dvrs that are constantly writing.  If you are having problems with other cards failing in your devices you need this one.
5.0,Works great in my car dash camera (continuous writes),"Works great in my car dash camera (continuous writes), and hopefully it stays that way for a long time."
4.0,it's good to see SanDisk provide something that can hold 60GB,"So far the SD card has held up well.  I cannot yet comment on its reliability.  However in this day and age where one can fudge SD card capacity and sell cheaply made cards beyond their pricepoint, it's good to see SanDisk provide something that can hold 60GB, survive a couple formats, and not lose a sector or two immediately."
5.0,Holds all of my photos and videos,SanDisk High Endurance Video Monitoring Card with Adapter 64GB is perfect for using in my dash cam.  It holds all my videos of my trips. Great value for the price. Highly recommend!
5.0,Great little piece of memory card,"Great little piece of memory card.  Using it in my Rexing V1 Gen3 dash cam and so far, so good.  For the price, it's a no-brainer."
5.0,Durable in my dash cam,"Seems for reliable - I've used this in a dash cam for about year with no issues. Dashcams are high demand on cards since they're constantly writing and re-writing data so if it's been this durable for me, it's a great card."
5.0,used in Rexing V1 gen3,"This has been a great card for use with my dashcam.  It has been stable and reliable, and copying data to my laptop is a breeze."
5.0,Works well with inexpensive dash cam,No complaints. Works well with $19.99 walmart dash cam. Allows us to record almost 4 hours of video and then plug right into computer with adapter. Much better than 4GB card that came with the dash cam.
5.0,Effective and we'll worth the money.,Works in all temperatures.  Summer highs did not affect the chip.  It is used in a dash cam and has been working all summer!!!
5.0,Is it worth it,Yes is worth every penny. Since  I bought it is working fine. I'm not surre if is a SanDisk legit card but is working for me  and that is what matters
5.0,A little bit extra goes a long way,Yes it's a little bit more money but the High Endurance really pays off in longevity. If you need a card for high read/write applications this is the card for you. Spend the few dollars extra you won't be disappointed
5.0,A must for dash cams!,Bought this for a dash cam I installed in my wife’s CR-V. It’s been through one summer and one really cold winter and it’s still recording just fine.
5.0,"If it has the endurance expected, I'll be happy.","I've gone through two normal microsd cards in my dashcam.  They each lasted a year or so.  This one is only a month or so in, so I can't speak to the longevity, but it's supposed to be built for dashcams, so I hope it will work much better."
5.0,SanDisk quality,This is a necessity for dash cams that over write old files. This is very reliable and will hold up to many write overs. You get what you pay for.
5.0,Get a better quality memory car for the extreme car environment when using a dashcam,I just got a new dashcam and wanted something that would last through a hot/cold car environment. Hope this does last.
5.0,Great for dash cam as well as DSLR camera,Very good memory card. Been using one in my car's dash cam since a year and still working fine. Hardly ever had to format. Another one I have been using in my DSLR. Good results. Would recommend for sure.
1.0,Stopped working after 3 months,"Bought a ""high endurance"" micro SD card to use in a dash cam.  It lasted for 3 months before giving me a memory card error even after repeated formats.  Avoid."
4.0,"I'm using this in a dashcam, and it seems ...","I'm using this in a dashcam, and it seems to be working well. The previous SanDisk card I used in the camera failed within 2 days of use. If my dashcam reboots regularly, I know the card is the issue. Thankfully, that hasn't happened with this card."
5.0,Works with BlackVue,"Used it with my DR750S, and it works. At first the card format is not compatible with the dashcam, after format and it works ever since."
2.0,"Just ""Okay""","It worked well for 10 months, then it was corrupted and had to replace it."
5.0,... the Viofo dash cams I purchased and they work great. No problems after many months,I use these cards in the Viofo dash cams I purchased and they work great. No problems after many months. Solid cards to use with a dash cam system that record over and over again.
5.0,Great product!!,This worked perfect for me to download my pictures from my computer. It was very easy and simple to do. Love it!!
1.0,6months and it's dead,"I bought this for my dash cam since it was highly recommended. I had this running in my car for less than 6mo and then I got an error code stating the card could not be ready. I tried to format through the dash cam and through my PC with no success. I have reached out to SanDisk, but still no response. Definitely would not buy again and will be ordering a Samsung."
5.0,Being used in dashcam for a car that is parked outside most of the time,It has been in use with the dash camera for several months.  No issues.  The car is kept outside most of the time in the moderate San Diego weather.
1.0,Check your memory cards as soon as you buy them!,"Purchased when was on sale to be used at a later date. Upon opening, and installing I discovered the card was defective, and completely unusable. Tried reformatting on 3 different OS. Logged in to return, and discovered I was out of Amazon's return window. Attempting to jump through SanDisk's warranty procedures."
5.0,used it on Rexing V1 Car Dash Cam as recommend by Rexing and so far it works fine,used it on Rexing V1 Car Dash Cam as recommend by Rexing and so far it works fine. will see if it lasts during hot summer.
5.0,Does what it supposed to do,"So far, so good. This is my 3rd micro SD Card. I am using them on my Wyze cams which write and rewrite videos continuously. So far no issues."
5.0,Works good.,I bought this SanDisk high endurance SD card for a dash cam. So far it has worked good. Hopefully it will have a long life.
3.0,Unique issue,"Wouldn’t format, not in my dash cam or laptop. Went to the store and bought another (same size and brand) and it worked just fine."
5.0,Still works.,I’ve been using it for my dash cam which runs almost 24/7 for nearly a year now. Still working just fine.
5.0,Working as intended.,I've been using this 32GB card in my ROVE A12-60 dashcam for the past 9 months & it works great!  The camera records at 1440p 60fps & this card handles it like a champ.
1.0,Fake!,Not authentic but a really good fake.
1.0,Sandisk is the worst.,"Never trusting Sandisk again. Says disc error and corrupts my photos on my phone, my dash cam say the same disc error. Get samsung instead."
5.0,Excellent!,This is exactly what I needed for my Aukey Dr02 dash cam. Storage so far is good and the video quality is excellent! Highly recommend!
4.0,Instructionally Challenged,"The micro 64GB device is great, but formatting it for initial use in a Garmin DriveAssist 51 NA was a major ordeal."
1.0,Endurance?  LoL,This sd card supposed to have been built for endurance?  Yeah right.  Is that why on my dashcam it is saying card is degrading and to replace soon?  Last about a little over 3 months.  Going to see how much longer it can last after seeing that message.  Not impress so far and would not recommend.
5.0,Very Fast!!!,"the best micro sd card it is very fast, I can see the difference"
2.0,Not suitable for dash cams,"After using it in my blackvue 750 dual channel dash cam for four months the consistent fails got to the point qhere this was unusable. Write fails started after the first month occuring once every few days. These failures got tonthe point where it failed 3 times in a 20 minute period. While this may be an okay card, it's not up to the job for dash cam use."
5.0,Great Product,Product as stated and works very well with our dash cam.  Highly recommend this purchase to prospective buyers.
