ratings,rev_head,revs
4.0,"Fast & good value, but gets warm","These drives are a good value and pretty fast (see below for more info.) They also look nice, although the metal understandably gets scratched from being inserted. I'm a student and keep the drive on my keychain, so it gets a little abuse and exposure to the elements but it's been going strong since June 2016."
2.0,Speed is great. But reliability is bit under expectation. It may have issue with Linux laptop.,"I got around 20 of these (combination of 16G and 32G, in a few orders) and 2 arrived dead (or appeared dead upon first use). A couple more failed after some time. Speed is great. But reliability is bit under expectation."
3.0,Temperature throttling makes these unusable...,"These are a decent choice for file storage or keyring-backups, but they get very hot very quickly when doing anything I/O intensive (such as booting live images, large file transfers, etc.) and throttle their bandwidth to prevent overheating. I suppose this indicates that they are reliable and self-regulating, but for my intended use this also means that they are effectively useless."
5.0,Function over Form.,"Definitely have much faster transfer rates than any USB-2 drives and many USB-3 drives. I like the fact they're not encased in a plastic shell, a fact a lot of previous reviewers seem to be missing when they claim they get warmer than other drives. I suggest they simply ""feel"" warmer due to the amount of exposed metal."
3.0,The producer cheats with the speed,"I made several tests and the results were disappointing. It seems that the drive has 1GB of fast memory inside and writes the data first on that partition, after the 1GB capacity is used it slows down to 20MB/s constant speed. I bought 2 of this drives both were similar."
5.0,Their size makes them excellent as OS installer in case of an emergency so ...,"Fast and small USB drives I use for OS Installers and everyday flash-drive use. Their size makes them excellent as OS installer in case of an emergency so I can use it to install Windows, Linux, or and OS."
5.0,Haven't lost any data on them yet,"Work very well, have a high data transfer rate.  But they get surprisingly hot in use.  Had to reformat them from FAT32 to NTFS because of the size or the files we were transferring with them."
4.0,Yes it works fine. I only ordered 1,"Hmm. I don't know why this says 2-pack, I only got 1.  Yes it works fine.  I only ordered 1, i got it."
4.0,Four Stars,Great devise at a great price. I just wish it would have included a second strap...:-(
5.0,but still work fine. I left one in my PC for several ...,"These thing are tiny!!  But, fast and work as described.  They get a little warm, but still work fine.  I left one in my PC for several days, still only a little warm, so I don't think it's a problem at all."
5.0,A good deal,"A good deal for two of them. No problems, they work fine. Had them for awhile now."
5.0,stick out of the side of the laptop further than some,seem to work just fine have had no problems  -- they are added to my sneaker net
4.0,It works!,works as quotes with good speeds
5.0,nice,these are nice little drives at a great price.  what more could you want.
5.0,Compact,So far I haven't had any dead USB sticks. Seems to work and price was great.
5.0,"Great product, good price.",Bought these to replace aging 2.0 32GB flash drives.  I'm very pleased with the transfer rate with 3.0.  Great shipping as well.  Arrived same day I ordered it.
2.0,Not compatible with persistent storage,Doesn't work with tails persistent storage
2.0,poor quality,cheaply made...didn't work well with my devices
4.0,They get the job done,"small USB thumb drives, I carry them in my bag for work purposes. They can easily attach to a keychain, and while small in capacity, they are big enough for my needs."
5.0,easy to set up and use,Fast; easy to set up and use.
4.0,"Solid product, works great and not a huge foot print or bulky for tight USB areas with lots of cables.  Will order more.",Great product.  The ship in plastic bags in pairs.  Only one lanyard per dual pack.  They work great and are solid built.  Will order more.
5.0,Great SanDisk just what I needed to download all my ...,Great SanDisk just what I needed to download all my pictures from the years of volunteering at the Delaware National Guard Yputh camp.
4.0,Work very well for backing up pictures and files from computer,"My husband and I back up many way.  These 32 gb devices really help. FYI, we are not too comfortable with the cloud feature."
5.0,Best 32gb Flash drive you can buy.,Best 32gb Flash drive you can buy. Have one on each of my 2 keychains.
3.0,flimsy,"I left it in and it broke when I moved the laptop and hit it.  yeah, my mistake but the solid metal ones are the way to go."
5.0,Five Stars,Excellent product and value.
5.0,Five Stars,"GREAT, WHAT I NEEDED, THANKS."
5.0,Five Stars,I have tried these a couple of times and found they work perfectly.  I would order them again.
5.0,Five Stars,Great transporter of large presentations.
2.0,To hot to handle,"Love the look and style of these, but if you transfer documents, or anything to it. LET IS SIT! It gets extremely HOT."
4.0,"Really small USB drives, great look and solid feel.","Smaller than I thought, really cool look and super handy. 20MB/s sustained on a large video file using USB3 port on my laptop. Haven't tested much more yet."
5.0,SanDisk Ultra Flair 32GB jump druve,These jump drives are great.  They are easy to carry because of size.  I got these to create back-up for my computers.  Works great.  The only issue I have is that these drives get VERY hot when used.  Otherwise great buy!
3.0,Three Stars,Works as expected. They should have included two lanyards.
3.0,OK Flashdrive,"Not as quick as advertised, but still faster then 2.0"
5.0,Five Stars,"Great value, thank you"
5.0,good product,good option for an inexpensive thumb drive.
5.0,Work well,"They work, what else can you say"
4.0,These are compact and fast as the blazes.. ...,"These are compact and fast as the blazes . .. . very satisfactory.  The wrist string is poorly conceived, it should be two in the package and they should be made to go around the neck."
5.0,Five Stars,very small
5.0,"So much storage, so cheap!",Got these because I needed portable storage amd these were a name I trust. Worked great.
5.0,Five Stars,no problems
3.0,Satisfied,Sat operation and received time.
4.0,Small,These are much smaller than I expected.
4.0,Don't lose it...,Very slim and easily misplaced. Use the string or a key ring to keep track of it. Other than that a great price for the capacity.
5.0,Five Stars,"Two drives, 2 thumbs up"
5.0,Five Stars,Good price and they both work as expected.
5.0,and looks like they should hold up fine,Sleek Aluminum finish....and looks like they should hold up fine.
5.0,Five Stars,Just what i needed for work. Thank you
5.0,Five Stars,Brought my computer back to life.
5.0,Amazing usb drive,Amazing usb drive. Very fast data transffer rate. Lost one as i forgot in class...badluck for me but this usb drive is one of the best that i had.
3.0,Three Stars,they r smaller in size than  expected plus it did not have the strap
5.0,Great Buy!,Quick to arrive. Just was I expected. Will definitely order again!
4.0,Four Stars,Does what it's supposed to do.
4.0,Four Stars,As promised
5.0,Five Stars,Good product at a good price!
5.0,Five Stars,Perfecto!!!
4.0,Four Stars,"Great, as advertised."
5.0,Five Stars,great product
4.0,Four Stars,No issues
3.0,Three Stars,"Rather slow and get very hot, even when not transering data"
5.0,Five Stars,Great and easy to use.
5.0,big things come in small packages,work well
5.0,Five Stars,as described
3.0,Flash drive gets hot if plugged into computer for over 30 minutes,"If you leave it plugged into the computer for over 30 minutes, it does get hot!!!!"
5.0,Easy to use,Very fast. Easy to use.
5.0,Sturdy and Small so far i have never had a ...,"Fast,Sturdy and Small so far i have never had a problem with these flash drives would definitely buy again when the need arises"
5.0,Five Stars,Great product.
5.0,Fantastic USB drives.,These work great!
5.0,Five Stars,Amazing
5.0,Five Stars,They R great!!!!!!!
