ratings,rev_head,revs
5.0,It works perfectly.,I was afraid when I was looking for a CF card because there are a lot of reviews out there claiming that these ruin your files.
5.0,32GB is the largest that works with the D300,The 32GB size works in my D300 (non-S version). Gives me 1500 RAW pics (estimated). Seems to read and write fine up to 6fps. I will amend my review later should any usability issues arise.
5.0,Really fast on Canon 7D,"I bought this while it was on sale over Christmas and man am I glad I did! It's got a great capacity and it's really, really fast. Next time these go on sale I'll probably pick up one or two more just to have spares."
4.0,"A great card, but not for everyone","Extreme 64gb, and all the extreme line are fantastic but just barely don't live up to the extreme pro series. I own the 64gb which I got as a part of a bundle however I only use it when I'm doing portraiture or anything more slow moving. The 5dmkiii has a nice buffer but for action you really need that extreme pro series to avoid constant buffer issues. Overall though if you had to choose between a 32gb extreme pro and the 64gb extreme and action was not a requirement for you - get the 64gb card for the extra room overall."
5.0,So far so good,"I'm a professional daily newspaper photographer turned wedding photographer. Having my data secured is mandatory. I cant tell a client, ""oops, sorry.. my card crashed"". For this reason I only shoot Sandisk. I'm sure you'll get a different story from every shooter, but for me personally, I've NEVER had a card lose images. I cant say the same for Lexar. This was over a decade of daily shooting 3-4 assignments a day, typically around 6-800 images a day on the short end or 2-3000 if I'm shooting ballgames during playoff season."
1.0,Needed forensic data recovery to get my pictures,"DO NOT BUY THIS CARD!! I bought it to photograph a wedding and was unable to load the images onto my computer. Tried multiple card readers and then put it back in my camera to see the error “cannot read card format”... I had to take the card to a forensic data recovery specialist to retrieve my photos for my clients! He told me the card spent too long on the shelf and was degrading on the inside. I spent $370 to get my pictures back!! Pick another card, don’t buy memory cards form Amazon!! Go to a small camera shop that refreshes their inventory regularly!"
5.0,"Works perfect on my d300,","Works perfect on my d300,  full nef files I got 1.1K images.write speed is  fine no issues at all on the d300"
5.0,Five Stars,Great memory card.  Works well with my Nikon D300s.  Great write speeds
5.0,"Yes, it’s fast enough for almost every camera 2018!",SANDISK CONFUSION : UN- Confused!
1.0,Seller doesn’t know product - do not buy!! #rippoff,I’ve never had a problem with SanDisk SD cards.  His description clearly stated that it was compatible with my camera . I ordered one & put it in my camera bag; when I went to use it to photograph a super moon eclipse the card didn’t work. Returned it and got a replacement. It didn’t work either.  No thanks to all of this even though Amazon excepted the return I ended up paying 20% fee because of the time involved. The seller should pay that because of their false description !!!!!!
1.0,and it LOOKS like a 32GB card,"Well, I BOUGHT a 32GB card...and it LOOKS like a 32GB card. But in actuality, I received a phony 32GB card. The card I actually received only holds 8GB."
5.0,Fast and reasonably priced CF card.,"I recently purchased a new Canon 7D Mark II for taking photos of my kids on the soccer field. The camera had both an SD Card slot and a CF Card slot. Since no slot should go unfilled, I bought this to fill said slot. I am now shooting JPG to the SD Card and RAW to the CF Card. So far it has performed flawlessly. It eats up burst sequences with no issues. I even like the yellow of the label. Two thumbs up for this groovy card."
5.0,It works on an old iPod.,"I bought this to replace the internal storage for an iPod 3G (Dock Connector).  You will need a 1.8"" CF to IDE adapter for this to work."
5.0,Fantastic. Fast and reliable,"Fantastic. Fast and reliable. I only use SanDisk cards in my cameras. I bought this one for my Canon 5D Mk 111, an amazing professional camera.Speed is the key for a good card, this is great for rapid fire or video. :)"
5.0,Essential to Canon 5DSR,"The Canon 5DSR produces huge images and huge files. If you want to keep up with burst shooting, you need this card. BUT, be sure you also get a fast SD card as well. The fastest I could find at a reasonable price was 95mb/s. Be sure to at least have that much shooting speed or your SD card will be the bottleneck."
5.0,"Buy it. You need a larger size than you think, and here's why...","Do yourself a favor and get a larger card than you think you need... oh my it's nice not ever having to worry about space, or whether you deleted the card from the last time you took your camera out. I shoot running and cycling races, and not having to stress and plan about switching cards in between runners that might only be a few seconds apart.... it's a game-changer."
1.0,"Buyer Beware as some Sandisk 128GB CF card are just simply  ""JUNK""","I bought two of these Sandisk 128GB CF cards, one works right away when I put it into my Sony Camcorder, but the other one does not work at all.  It shows ""FORMAT ERROR"" and it won't let me do anything else on it.  I tried it on a different camera, it showed the same thing.  Some of these are just simply junk.  I am wasting my money on this one.  I am very disappointed on it, it ruined my project.  I will not buy this product again."
1.0,Wasted all this money on this card,"My card ended up being corrupted. I took hundreds of photos and lost all of them. Luckily, I was able to go to a local camera store to try any recovery methods. After paying $35 for the service, I got some of the photos back. Wasted all this money on this card, the recovery service, and have to buy a new card now."
1.0,Cards Worthless,"I've used a competing brand (that I heard was bought out) going back to the beginning of digital.  I decided to try SanDisk 32gb as a second memory card for my 2 5d mark 4 cameras.  I bought 8.  I have formatting, recover and secure erase software plus Windows 10 on board formatting.  To try to work out the problems I've performed format, complete secure erase on both programs and lastly I changed all to NTFS.  I've received error messages, format messages and also they are hard to load in the 5d.  The most bizarre experience on more than one card was some kind of language appeared.  Looks like some kind of computer language.  Reappears after I've performed all the previous mentioned fixes.  Will go back to the competing brand."
1.0,It worked fine for a couple of weeks,"Purchased this to use with my Nikon D200. It worked fine for a couple of weeks, then the camera stopped reading it. So now I have to get a NEW card after Amazon issued me a refund. I hope it was just because of a faulty card, and not the camera."
5.0,Fast memory for all occasions,"This is truly fast. I tested it in my Canon 40D in sports mode. I took 6 fast continuous photos and barely caught a glimpse of the write light. Great value and great buy (bought on sale for $32). All CF card manufacturers advertise their read speed but only a few show their write speed, sometimes because it's not all that impressive. This one is."
5.0,Workhorse for weddings!,"What a great deal. I have two of these cards which handles a full wedding with a D810.  I used to have smaller cards and a D700 but with a dual-slot configuration I can make the jump to large cards without fear.  I shoot raw NEF to the Extreme and JPGs sent to a Samsung 64GB SDXC, and honestly, it's very convenient not to have to worry about switching cards during a ceremony or reception."
5.0,This is a good card for my 5D and has no issues with ...,I have been basically using only SanDisk SD and CF cards for my cameras and have not had a reason to quit. This is a good card for my 5D and has no issues with write speed even when recording RAW video.
5.0,Amazon Saved the Day,I bought this for a Pentax Optio. The original SD card only had a fraction of storage space. I wanted to use this camera's 3D stereoscope feature on vacation and did not want to run out of room. I couldn't find an SD card that would fit my older camera anywhere in town so I tried Amazon.
5.0,Durable and fast,"I've been using this card (32GB) for over a year in a professional audio recorder (TASCAM DA-3000). It has performed flawlessly. Recordings are pristine, and transfer of files to my computer for editing is speedy. (1GB copies in 5-10 seconds.) I'm very satisfied."
5.0,the best,"Very hard to find these, and they are extremely pricey. This is a great deal, and ultimately the best. I recommend this to all. It has plenty of space for photo after photo etc. and it is like I said the best. You will not be disappointed. Seriously buy it while you can."
5.0,These  work great in my Sound Devices Recorder,These work wonderfully in my rather picky Sound Devices 664 Mixer/Recorder. They are on the SD list of approved media and San Disc has always had great quality. I totally recommend these!
5.0,"Great Card, Resolved the SD Buffer Bottleneck on Canon 5D Mark III!","Great card, using for about a month now and responding well. Have it in a Canon 5D Mark III instead of SD cards since they continuously were causing problems with the buffer filling up bottleneck on the Mark III when using SD cards. Using CF solved that issue, especially when taking video, improved that greatly. And the 64GB size is more than enough for any shoot, both photo and video with plenty of room to spare."
1.0,One Star,BAD CARD!!!!!!!! Wouldn't read images.
5.0,Great card,I use this with my 50MP camera. It's got enough storage and read/write speed for me to do my work without worrying about data packet loss or corruption. Great card.
5.0,Great way to move large files and folders around - worked flawlessly,I used this as a large data transfer media for changing computers - it was fast and efficient and performed better than I had hoped.  ( due to the computers' ages they were not working with large backup drives currently available.
4.0,Works Well with My Camera,This works well with my camera – both the storage of the files as you take them as well as very easy to remove files via a USB adapter to my computer for editing.  Very reasonable price per gig of storage.
5.0,Definitely a great buy,Using this card on my canon 40D and it works really well. Took over 1000 shots and used less than 10% of it capacity plus it’s really fast and allows me to take a ton of pictures continuously
5.0,Awesome,Very strong packaging. Came quickly. No more storage worries during video shoot. Last a long time for travel photos with Raw type photos.
4.0,Reasonable Capacity | FAST downloads | Reasonable price.,"I needed a CF card for my Canon 50d as my original card had disappeared during my cross country move.  This card has offers reasonable storage capacity, good download speeds and a good price."
5.0,and is a great price for what you get,"Bought this for my Nikon d200 before my honeymoon to Cozumel. The memory card works, and is a great price for what you get. I was working with a 6 gb before and now I can take a lot of pictures without worrying about memory."
5.0,Works great,Installed in an old Canon DSLR but discovered the pins inside camera were bent. I spent hours carefully straightening them and now memory card and camera work like they should.
5.0,My Gold Standard in Memory Cards,I've used SanDisk CF cards for over a decade now and have never had any problems. This 64gb one was no exception. HIGHLY recommend any of their stuff to any photographers or videographers out there.
5.0,Fast and easy to use,"I had to buy this to update the firmware on a Tascam DA-3000. Now I’m glad I bought it instead of another micro sd because it seems to be faster in accessing, recording and playing high resolution audio files."
1.0,Beware bad CF cards.,"I bought one of these cards about a week ago for my Canon 7D and it work phenomenally, very fast reading, it was great, so great I decided to buy a second card, that didn't work at all out of the box."
4.0,Good product,Bought it for my 5D Mark IV.  I put it on the eyepiece then realized (stupid me) it will not work with the new touch screen feature on the camera.  If it wasn't for that I would have kept it.  It's VERY well made and looked great.  Even the case it came with was quality.  I would highly recommend it for non-touch screen cameras.
5.0,Works as intended,I have used these CF cards for a few years now and they have all worked very well!
5.0,Great!,"I used it in film school with a DSLR: Canon 7D 5D AND 70D (one of these I can't remember I think for the 7D?) Works great and more than enough room with 35gigs, lots of video footage and footage."
5.0,Great compact flash memory card at a great price!,"SanDisk Extreme Compact Flash is great!  It is high quality, can be used and reformatted time and time again without any issues.  Also has a good speed for shooting live shows where timing matters.  SanDisk is the only company I use for Compact Flash Memory Cards!"
5.0,Good Card.,Reliable.  Like the size.  Always appreciate the less fragility of CF cards.
5.0,excellent,excellent. write speed is extremely fast and reliable when i snap a picture or shoot a short film with my Canon 5D Mark IV camera.
5.0,... only these cards and they are always reliable and great. customer service is fabulous too,have only these cards and they are always reliable and great. customer service is fabulous too.
2.0,Corrupted files,"Hello, i bought 2 of them for a timelapse Project and after 2 weeks i came home to download the files and 16 frames are corrupted i will have to buy another ones for sure another Brand to continue my Project, not recommend this cards."
5.0,Fast. Works.,"I just bought another one, so they work. Faster than most SD cards."
5.0,Great fit,Fits and works fine. Plenty fast enough for my Olympus e-30 12mp DSLR (non-video) camera. Holds >3300 images (in jpeg).
2.0,Maybe a defective unit,So I got this card with high hopes.  I purchased it for my D810. Nikon has a recommended card list and this card was on it so i Didn't expect any issues.  I inserted the card into my camera (brand new camera) and it gave me a card error/corrupt card message.  I checked to make sure that the contacts were not bent in my camera and all of them were in perfect condition.  I did some reading online and a few people found that re-formatting the card helped fix the problem.  I reformatted the card on my camera... no change. Then I reformatted  the card on my computer both a quick and full re-formatting.  There was still no change.  Its very frustrating for me to spend a decent amount of money on a card to have it not work on the first try.  I was so frustrated I just put it in my drawer and used an SD card in the camera (it has a spot for SD and CF).  I will be returning this card soon and hopefully getting a replacement. If the replacement card works then I will update my review.
5.0,Great card for high quality videos and memory space.,"My husband shoots videos and photos of wildlife and is very pleased with the card, this is the second or third time we have purchased this size. Great storage capacity for videos, good price. We will continue to buy them right here!"
5.0,as expected,card works just as it should no issues very happy
5.0,Quality product,"I have used San Disk Extreme throughout my photography career and have always been very , very pleased"
5.0,I used to carry 2 32GB cards (about 2hrs of ...,I used to carry 2 32GB cards (about 2hrs of HD video per card) and an ImageTank with me all the time so I could empty out these cards and re-use them during a long day of shootings
5.0,Fast as promised,Got 130MB/sec read and 90MB/sec write (vs promised 120MB/sec read and 85 MB/sec write).
5.0,Works Great,"I love the larger cards, I don't have to worry about shooting in RAW!"
5.0,Speedy. Reliable. Great Price.,Works flawlessly. Great price. Quite speedy. I use it in a Canon 7D Mark II DSLR camera.
1.0,BAD DEAL,"This product does not work.  I’m returning again, I never received my refund."
5.0,Super Fast + Lot’s of Storage,I shoot in RAW and this card can hold about 1400 images! It’s super fast when my camera is set to high speed continuous and doesn’t delay! Highly recommend!
5.0,Five Stars,So far so good. I've shot three 1-hour sessions using this card with no problems yet.
5.0,Reliable,Use it in my Canon 5D II.  It works just fine.
5.0,Excellent CF card!!,I’m a Photographer and storage is critical for photos! Excellent!
5.0,Five Stars,"Just placed in my new camera.  Don't foresee any problems, but I will update if I do.  Thanks"
5.0,Great product,"Wow! This card is massive and blazingly fast! I put it into my Canon 40D and found out that I should have bought a larger, faster CompactFlash card years ago. So far it is reliable."
5.0,Great card.,I used it as a backup for my 7D Mark II as a second card and it is fast with no issues so far. Great card.
5.0,works as advertised,works as advertised  works great
5.0,A good SD card,Fast and lots of storage.
5.0,Tons of space!!,Opened up a whole new world for my Minolta 420.  Tons of space now....
5.0,Fast but Cheap,I use this card in my D800 and D4s..  The D4s shoots 11 frames per second.  I might shoot a five second burst at most.  The card keeps up with me and does not cost a fortune.
5.0,Excellent quality and speed,Fantastic quality and speed for the price.
5.0,Repeat customer,"I’ve ordered these multiple times and have never had a problem, I love them."
5.0,32GB CF,Expands your storage
5.0,Exactly as described.,So far I’ve put 1000 “raw” photos on it and didn’t even quite hit half capacity.
5.0,good job sandisk,love this thing. sturdy and feels nice
5.0,Just as expected,Just as expected
5.0,Happy,Took great pics for many birthdays
5.0,So far reliable,So far I am very pleased with it.
5.0,I have only had a bad experience with one SanDisk in the 4 years I've ...,"I have only had a bad experience with one SanDisk in the 4 years I've been using them. Love this memory card, the capacity, speed and reliability. I'd say I'd be buying another one but it's more than enough memory...!"
5.0,Great memory card,Works great with my full frame camera... No problems with it as of yet.
5.0,No surprises!,"Arrived as expected, all good"
5.0,perfect flash card for your Nikon,good price
5.0,Good buy,Good buy
5.0,it's exactly what they said,Takes faster pictures than other memory
5.0,rock solid,rock solid works great!
5.0,Nice,New life to an old SLR digital rebel camera.
5.0,Trust this seller.,It works. The plastic container was a bear to open.
5.0,"Great price, quick delivery",Worked perfectly in video machine
5.0,Great value!,"Works like a charm in our Canon Rebel EOS. Counter reads 999, but hey - No biggie!"
5.0,Five Stars,good speed
4.0,Works as designed and versatile,Works as designed...
5.0,Good quality,This is a great card. I was able to shoot an entire wedding on this one CF card. I normally go through at least two!!
5.0,Fantastic for Lots of High Quality Photography,"Product arrived a day ahead of projected arrival date. The camera I have takes large, high quality photos, and I'm not running out of space thanks to the amount of space on the compact flash card. A great purchase."
5.0,The quality expected at a grat price.,Gave it to my son for his Canon 5d Mark II camera.  Runs smooth!
5.0,Exactly as described.,Exactly as described.
5.0,Great for the money,This is all I use
1.0,DOA,"DOA but unfortunately was past the return window when I discover it did not work. Lesson learned, unpack format and test!"
5.0,Five Stars,Great card very fast
5.0,Solid and fast! I use these in my Sound ...,"Solid and fast! I use these in my Sound Devices recorders, as it is on their approved media list. Never had a single problem with it, and I use it VERY heavily."
5.0,Works good,Good quality and storage
5.0,fast processing card,"works well, extremely fast on my 5dmk4"
4.0,Good product,Nice product. Works fine.
5.0,Great card!,Works great in my 7D.
5.0,Running lubuntu to great effect.,Faster speeds than my old laptop's IDE controller can support. Running lubuntu to great effect.
5.0,Works consistently,Card worked great when needed on a shoot. Always stick with this brand and model of card.
5.0,Good product !,I have used it for 4K recording a few times and I have not seen any lag.  Seems to hold up to the good customer reviews. Will update here once I use it more.
5.0,10/10,10/10
5.0,Plenty of memory,"Does exactly what it's supposed to, and hold plenty of memory for my Rebel XTi!"
5.0,Doesn't work in Nikon d2x or d200,Won't work in older Nikon pro cameras (d2x d200).  Will work in an even older Nikon d70s.  Strange.  Returned them.
4.0,Good choice for Canon,"Bought as the storage device for my Canon 40D, it seems reliable and more than fast enough."
5.0,"Very good, Very fast, very reliable.","Very good, Very fast, very reliable."
5.0,Great memory cards,Yep SanDisk.  Don’t ever buy anything else if you need your data to be safe.
5.0,"Awesome Card, I got this to use for my ...","Awesome Card, I got this to use for my camera, To take pictures and some video, mostly pics, Of my son's wedding."
5.0,Quality,It works pretty fast and it seems very reliable so far. Highly recommended!
5.0,Five Stars,awesome product .. at great price... would buy again !!
5.0,Five Stars,great deal arrived quickly
5.0,Five Stars,"Love this card, fast but costs a pretty penny."
5.0,Great,Loved it. Priced very cheap.
5.0,Can’t Go Wrong!,Currently own 4 of these cards and have had no issues out of any. Great storage for a pro photographer on the run!
5.0,Good,Good
5.0,Five Stars,These seem to do the job.  Purchased for a DSLR camera and so far work well.
5.0,Holds a lot of pictures,Just what I ordered. Easy installing and removal. Just what
5.0,Five Stars,Great
5.0,No complaints or surprises,Great price just what I expected
5.0,Did the job,More memory than previous cards.  Artived on time.
5.0,Works well,Bought to use in canon 5d mark III - it works fine and transfers data to it at the limit the camera is able to write to it.
5.0,Solid for a refurb,"I got the 64GB CF card refurbished. It works great, works fast, and I can't honestly tell the difference from a new one."
5.0,Reliable and fast,works great in my canon mark ii
5.0,works great,works great
4.0,Dent on a new card?,Good card but​ it came with a little dent that I saw it to late!
4.0,Arrived in great condition,"Just got it in the mail and so far it works well for my NikonD810 camera. It arrived in good condition, nothing damaged."
5.0,Five Stars,Works well
5.0,"I have already put hundred of photos on mine, ...","I have already put hundred of photos on mine, and it works flawlessly.  I have used it for HD video as well with no problems."
5.0,Used in Cannon 5D and worked great.,Worked well in my Cannon 5D with Magic Lantern installed.
5.0,Works well and It's fast. I have the Nikon ...,"Works well and It's fast. I have the Nikon D800 and this memory card can handle recording videos and large 36 MB files, no problem!"
5.0,Five Stars,works great
5.0,Shipped quick great memory card,Quick shipping product as described
5.0,Five Stars,fast and stable for my Nikon D810. I can recommend
5.0,"Oh, yes.  I love this card.  Fast and has tons of storage!","Oh, yes.  I love this card.  Fast and has tons of storage!"
4.0,Four Stars,Great product enjoy using it.
