ratings,rev_head,revs
5.0,"Used item, and it works great. No issues.",Got this for my phone. I had bought one in the past so I hit Buy Now from my orders list. I didn't realize this was a used item. But I am honestly ok with used items! It works fine and I'm pretty sure I won't have any trouble with it. I am not ok that I got an item loaded with the previous owners images and videos. I feel like I have invaded someone's privacy.
5.0,Works on my Samsung Galaxy S4,"This card has word flawlessly so far on my device. I've had it for over a month, and there have been no issues."
5.0,Cell user's best friend!,"Ok, I have a Samsung Galaxy S 3, and despite it having a decent capacity at 16 GB for thee base model, at the time of purchase I could not afford the 32 GB model. I used my old 16 GB card for awhile and then purchased a 32 GB card a few months later and it crapped out on me, so I was back at my 16 GB card again. I waited until the Utras fell a bit in price and snagged one of these sweet little guys again and so far so good and I am about 3 months in on use. It is fast at read and write processes and has a great amount of storage."
5.0,"Quality product from a name we know, what else do you want",I buy these by this brand in different sizes every month for new products.  Cant beat the quality and price from a brand we have come to love.  Bought about 30 of these in all different sizes in the last 2 years and never had a failure.
3.0,So So product,"I bought one of these 32GB cards less than a year ago. So far I've been through three. The first one was apparently a run of cards they released that didn't work in Samsung phones for some reason. So they replaced that one. The second card worked for 8 months before it became corrupted. They have a 5 year/lifetime warranty so if you do get one that doesn't work or stops working, they will replace it."
5.0,Works perfectly,"Fastest speed, real SanDisk  MicroSD card. Make sure that you always test out MicroSD cards with the free program which writes to these drives to make sure it isn't a fake 32GB drive. There are a lot of fakes on the market (particularly when you look at the 32 and 64GB drives). This is a reputable drive from a reputable dealer."
5.0,Fast and works the way it is supposed to,This memory card was recommended by my product that it fits in.  Works great and is priced well.  I scored a great buy
5.0,Great deal!,"I bought a Chinese knockoff first, which never quite worked well for whatever reason, had issues with music playback and whatnot. I learned my lesson, went to get this from a Sprint store and it was $80. So, while still in the store, I pulled up my Amazon app and ordered this thing. Works great, loaded a bunch of music on it with no playback issues I had with the cheap knockoff. Lesson - Go for the best."
5.0,"Good price, legit SanDisk product. Works on Galaxy note 3.","Works well on a galaxy note 3. Wrote and read speeds are what is to be expected for the price. I've had it only for a month or so, but so far there have been no flaws."
1.0,this thing is so SLOW!,"The price seemed too good to be true. Yup, it is."
1.0,Never Buying SanDisk again. Samsung only,Never Buying SanDisk products again. 2nd Micro SD to fail me (1st one was a 64gb unit)... Got this one brand new and it could never format...
3.0,Not entirely compatible with Sony Xperia SP,The memory card itself is very fast.
5.0,You can't really go wrong with SanDisk,"SanDisk makes consistently reliable and long lasting storage media. I've been buying the brand for many years, and have never experienced a failure of SD cards or flash drives. Their prices also tend to be pretty reasonable."
5.0,Good value!,Good product at a fair price and smooth business transaction.  Can’t ask for more!
5.0,Used on our Android Tablet,We purchased this for our Xelio Android tablet.  32GB is the maximum for most tablets SD ports at present.  It was recognized and configured by Android automatically.  We were concerned about this since Android is locked up if we needed root to resolve a problem.
3.0,"good for a while, then poop","This was good for 6 months and then started having issues, lost a lot of pics.  Not sure I would tell anyone that this is a good mem card."
3.0,"Not the best, but good enough","This card is used to supplement storage on a Walmart/Sero 7 which is used as a home media player. I use Wifi, to sync, and even plugged into the USB cable with the PC. Either my expectations on Class 10 storage is too high, or this could have been a better product. It seems to take forever, especially when synching large quantities of music files."
5.0,Works great as every SanDisk product I have ever purchased,I bought this so my wife could scan and transfer sever hundred slides to her computer.  Works great as every SanDisk product I have ever purchased.
5.0,Worked great.,Used it on a vacation in a borrowed GoPro and it worked great.
1.0,whoops,idk it got lost
5.0,Excellent,Excellent
5.0,Worked as intended,Works as intended
5.0,Works Great in my Galaxy Note 2,Put this in my new Galaxy Note 2 and it works great. No issues so far. The shipping and packaging were all very good. I'm very happy with the purchase.
1.0,Not Impressed,"Sure it is big, it does what it is supposed to. MOST of the time. I have had to reformat it twice now in the few months I've owned it. Erasing god knows how many pictures and downloads. When it works it is fine, other times are infuriating."
5.0,Five Stars,it's ok i must don't know how it works but thank you any way i'll figure it out
5.0,SanDisk Ultra microSDHC Memory Card,I use this particular SanDisk card exclusively for my dash camera in my car. The card works great and comes with an adaptor so that you can view the video on your computer. I already purchased two of these cards and will more than likely purchase more SanDisk cards in the future.
5.0,Five Stars,Works well as always.
5.0,Lots of geebess.,Every time I get a new MicroSD card I wonder how often spies use them to hide top-secret documents behind postage stamps or inside the binding of a library book.
5.0,Great SD card,"Great SD card, so far so good! Transfered all files quickly. Working great. Only wish stuff like this would have the full storage capacity and not have less do to factory storage."
5.0,Great card,Great card... if the tests are right it is writing at 14.5Mbs+ in my lumia wp8.1 phone.
5.0,Five Stars,works great
5.0,Five Stars,I always buy Sandisk and have never had a failure!
4.0,It was a good product while it lasted in my galaxy 3,It was a good product while it lasted in my galaxy 3. only lasted 1.5 years. if you buy it and use it in  your phone or a camera i'd recommend  backing you pics and anything else you treasure often.
4.0,My earlier review may have been presumtive.,"After inserting the card in my macbook pro, I see the items there that were not coming up on my Samsung Galaxy Note2. It may be that something is wrong with my phone."
5.0,SanDisk Quality As Expected,"I've used SanDisk for my flash memory needs for close to 9 years because my first experience was so positive. I've never had an issue with any of my memory cards or flash drives from SanDisk, and this one is no exception. I've got it in my Nokia e5 phone and it works flawlessly for both camera and media files."
1.0,Card was corrupted screwed up my phone. Took the card out and phone works fine. Garbage!,Card was corrupted screwed up my phone. Took the card out and phone works fine. Garbage!
5.0,Five Stars,excellent
5.0,Five Stars,works as expected.
5.0,Speed and Power.,Fast memory is always a plus. You really do notice the improvement faster memory has over the phone. My note 3 is a fast phone but I was using a slower memory card and noticed the dip in speed. But now with the ultra my phone really flies
1.0,Not worth it!!,It arrived on time and was as described. Only problem is went bad already and stopped working. It's causing my phone to freeze and I can no longer access any of my files on it not even when I tried to access it through my computer and it will not let me re-format it either.
5.0,"This one worked beautifully, no issues at all","Originally bought for SJ4000 action camera, which only works with 16GB cards. This one worked beautifully, no issues at all."
5.0,Five Stars,Exactly as advertised.
5.0,Five Stars,Works perfectly with my Nook.
3.0,appears OK - but direct shipped from China. Not ...,appears OK - but direct shipped from China.  Not sure if this is the real thing as a result.  Everything is in Chinese and the design looks to be a little different than the other sansdisk items it have
4.0,Great Extra Storage,I use this card in my Galaxy S4 for extending the storage of the unit. It has worked perfectly; no problems and no fuss. I recommend this micro SDHC card for this and similar uses.
5.0,Always work,These Sandisk memory cards have yet to disappoint me.
5.0,Five Stars,works
5.0,"""I had a great experience with the seller","""I had a great experience with the seller. I will purchase this product again in the future when I use up the items I purchase and need to buy replacements ! :) """
5.0,Five Stars,Excellent
5.0,"gift for niece, and she said:","""I got the 32GB SD card and I can't believe all the stuff it lets me add!! I now have all my resume and cover letter information so I can search for and apply to jobs when I'm not at home and I have all my favorite songs and pictures!""  Makes an aunt joyous."
5.0,Five Stars,It works : )
5.0,Five Stars,love it
5.0,Almost 30 days and counting,"I've had this micro sd in my Galaxy S3 for almost thirty days and haven't encountered any problems with it what so ever. I didn't need to format it I just put it in my phone and transferred all my music and pic to it. The only problem I am having with it is that I don't have enough music on it so now I'm thinking of putting some digital copies of my movies on it. HAHAHA!!!! HIGHLY RECOMMEND this card to anyone looking to boost their storage for more favorite music, videos, and pics.....even important files they want to save"
4.0,Four Stars,Satisfied
5.0,Good price. Replaced the microSD in my Nintendo DS,Very fast card. Good price. Replaced the microSD in my Nintendo DS.
5.0,Great SD card,It is a great product for the price and it has no speed issues. the sd  card shipped fast and it was as advertised. I would defenitely reccomend it to anyone looking to extend the memory on a device.
5.0,SanDisk 32GB Class 10,As what I expected
5.0,No Complaints,It works. So far...
1.0,"After long and tedious investigation, I discovered as many others here have ...","I purchased this item a very long time ago, but came back to post a warning message about this card. It is a fake. After long and tedious investigation, I discovered as many others here have that this was actually a 2 gig card modified to look like a 32g card. BEWARE!"
5.0,Five Stars,"Great price, works as advertised. I saved quite a bit buying them through Amazon."
4.0,it worked great with my S3 galaxy,"it worked great with my S3 galaxy, but it made my phone a bit slow in processing pictures. when Im in a hurry on taking series of pictures, the pictures will become blurry."
4.0,it works like a charm,"To start off, it works like a charm. The processing speed isn't half bad and the preloaded files can be deleted easily. The only down side I've been facing within the 3 month period of use is: the constant disconnection from my phone. I have a Samsung Galaxy S4 in good condition, but the memory card becomes unplugged and I have to manually put it in. Otherwise, for the price, it's really good!"
5.0,Does as expected,Good SD card if they were more widely recognized/supported I'd have gotten a 64gb. I pretty much got this card so I could use my phone as a mp3 player since I've lost my ipod touch.
5.0,SD new card.,Has a lot of storage..
1.0,Don't buy the cheap one from seller like this,"The good price of this item came to my attention when I was searching for a 32gb sdhc for my newly purchased gopro. I ordered this and waited for long time before it arrived, I guess it was shipped from over sea and took long time."
5.0,Five Stars,GOOD
5.0,Great price,I needed to expand my tablet and phone memory and bought two of this microship  very good price even on a special  sale on one of the big chain stores was a lot more expensive great buy
5.0,Works Good and last long time,Sandisk is the Best - Works good last a long time
5.0,Five Stars,great product i use it in hd car video camera..
5.0,SanDisk 32GB Ultra micro,I had an 8 GB sd card in my Nextbook at first and it seemed to be working pretty good. I decided to go to 32GB to see what happens. So far so good. Great price & fast shipping.
5.0,SanDisk 32GB Memory Card,Excellent memory card.  SanDisk is the best memory card that l have used.  Fast transfer of data also.
5.0,Five Stars,this sd card works on my computer also
5.0,I really like it,I got this to go in my camera but instead put it in my phone to listen to my music from it. I have over 3000 songs on it and still have 7gb left on it. If you want cheap high storage that is very fast get this.
5.0,i love sandisk! all products of sandisk works properly everytime ...,the item arrived faster then it was said. i love sandisk ! all products of sandisk works properly everytime i buy it. i recommend!
5.0,Works perfect,"works great,  its fast,,  I used it in my Tom Tom GPS and instantly initialized with out a problem,,  worked perfectly,,  I would buy another"
3.0,"""SanDisk"" bad quality","I didn't find out until now a year later after purchase that I was bated and switched by this listing. My old Galaxy S3 phone caused this crap quality micro sd card to fail within two months. I contacted SanDisk after refund expire only to find out your ""SanDisk"" card with painted label is crap made in Taiwan instead of China where their manufacturing is, not a real ""SanDisk""."
5.0,sandisk ultra 32g,the sandisk ultra 32 gig micro memory card is replacing a sandisk 32 gig card that died on me. it plays movies from my camera faster than the old one with no lag. I just hope it doesn't die on me.
4.0,four stars,great in best condition with no problems.
5.0,"Best on market, highly recommended!",BEST price for 32GB Sandisk plus the 10 Micro SD card/adapter.  Unbelievable good item. Thanks Amazon!
5.0,Works perfectly,A lot of memory for the money and absolutely no problems. I can now store all of my mobile music and tons of movies on my phone with no problem
5.0,Great!,Bought this for my Samsung Galaxy phone and it works really well. It was easy to use and give me all of the extra storage I need for my phone.
4.0,This card works like a charm,"This card works like a charm.  Popped it into my LG Motion cellphone, which brought it to external memory capacity.  I'm feeling invincible now."
5.0,Works great!,"Card works great and we've had no issues with it.  Wish i could still load Android apps to it, but that is an Android limitation, not one of this card."
5.0,Five Stars,Good quality
5.0,Amazing Value,"This is one of the main reasons Android dominates iPhone, 24$ for an extra 32GB i have a lot of video on this, a huge amount of music and plenty of photos which load very fast. This is a very fast memory car. I'm really happy i bought this !"
5.0,aok,aok
5.0,No different than a normal Micro SD,There is no noticeable speed difference AT ALL... a normal Micro SD will accomplish the exact same read and write performance.
5.0,Five Stars,great sd card for price.
5.0,Five Stars,Perfect and reasonably priced with quick service
5.0,Perfect.,Works as advertised. What one would expect.
5.0,Size matters.,Good size.  Size does matter.
5.0,I would recommend these if you need a faster card,"Fast class 10 cards, I would recommend these if you need a faster card. Worked in all my equipment that i have tried."
5.0,Five Stars,"Great product ,Great vendor"
5.0,Five Stars,worked as expected
5.0,Five Stars,worked perfectly
5.0,He is very happy using this with his go,I bought this for son. He is very happy using this with his go pro
5.0,So Far..So good,So far so good.
5.0,Scandisk,The product meets expectations.. I hope that the tablet is well suited.. is seen to be of good quality
5.0,High quality and quick,Great micro sd card. High quality and good price. Very quick processing. Very good price too
5.0,Sandisk is my favorite storage solution,Works great like all SanDisk do
5.0,exactly what I needed and was expecting. Adding more ...,exactly what I needed and was expecting. Adding more memory to my phone  fixed a lot of problems that I was having.
5.0,How can you every go wrong with extra storage space ...,"How  can you ever go wrong with extra storage space? And the name Speaks  for Itself, I think. I installed the Disk on my Zeepad for space purposes. It's a cool way of having what you want without deleting items. Just replace with another disk and keep going. The Disk will speed up your device, as well."
1.0,Beware!!!,Must be a Phony. Did not work.  Macbook Pro doesn't recognize it.
5.0,It works,What can you say?  It fit the Dell Venue and formatted correctly.  It works just ad advertised.  I am happy with it.
5.0,Extra Storage,"Works great with my Android! Plentiful storage for audio mp3, m4a, wmv, and many other formats works well on this card. Would recommend to anyone. Fast shipping!"
4.0,Four Stars,"em arrived in perfect condition, is what is described in the purchase, thanks"
5.0,No problems,Accepts plenty of data and seems durable.  Quite fast and is more than suitable for my purposes.  I would recommend this product to anyone in need of such an item.
5.0,best!,Great product! Bought two of these for the same price as if I was going to a local store. Can't beat a deal like this. Product was as described.
5.0,Excellent product !!,SanDisk Ultra memory cards performance that's twice as fast as comparable memory storage products
5.0,Five Stars,Product delivered on time and works as described.
5.0,Nice!!,"I have not had one problem,  Great if you want to store many photos, music, videos, docs, etc  very fast transfer speed too.  This is a trustworthy micro sd card."
4.0,Four Stars,SanDisk 32GB ULTRA microSDHC Card Class 10...  good
5.0,Five Stars,Works great so far with my Galaxy S4
5.0,Works as expected and delivered on time as expected. thx,Great speed and packaging was very good. I purchased several for my Galaxy Tab 2's and Android phones. Excellent read write speed.
1.0,Didn't work,"This never worked in my samsung tablet, even though I formatted it several times."
5.0,A good micro SD,"Always been a good quality product from Sandisk, why buy junk to save $2? Get the proven item, it pays."
5.0,Wish I knew more about installing this memory cards had ...,Wish I knew more about installing this memory cards had to get my son in law to do it.  Need to buy another for my husband soon.
5.0,Great space adder for tablets,Used in my sons galaxy tab 2 with zero issues.
5.0,Five Stars,Lasts long. Works great
5.0,mission is a go.,It's a memory card. I purchased it because I needed it to remember things for me. It remembers things. Mission accomplished
5.0,Phenomenal product!,This card was delivered ahead of schedule and has worked perfectly!  It was brand new in the original packaging...which was in pristine condition.
5.0,Five Stars,great
5.0,Five Stars,"Works great, the smartphone hasn't filled it up yet and seems to get my pictures loaded faster."
5.0,Five Stars,Is a lot of space and I can save a lot pictures and video my phone
5.0,Does the job.,Works great.
5.0,Five Stars,Always can trust Sandisk
5.0,This will probably hold lots of pictures.,This product seems to work just fine.  It will hold more than one years photos .  four more words required
4.0,Great little sd card.,I've used this as a SD card for a Sony Ericsson and Rugby Pro. Excellent product.
5.0,Five Stars,Worked well and a good price..
4.0,no problems mate,Make it do what it do! And nothing less.
4.0,Four Stars,The company I ordered from was great! The product was crap.
5.0,and it works great!,"I use this is my Foscam FI9826P Wireless IP Camera, and it works great!"
5.0,Nice Product.,"This is a Nice Product. This product is, as described in adv and does as it is said in adv."
5.0,Lots of storage for movies,"Used this for my Drift Ghost helmet cam. stored a lot of footage riding on my motorcycle, and our RZR"
4.0,Four Stars,ok
5.0,Five Stars,Good Product!
1.0,One Star,Stopped working two weeks after I bought it.
5.0,Might be a little expensive (but a 16 Gb),Through it in my phone. Added all of the data i needed and has yet to give me any problems
4.0,Four Stars,Appears to be the bomb.  Seems to work in both cell phone and laptop!!!!
5.0,SanDisk Review,So far so good...No problems here. I've also noticed when I transfer files it's a little bit faster. Quick delivery as well.
