ratings,rev_head,revs
5.0,Worked great for my New 3DSXL,"I bought this for my New 3DSXL and it is working great, was able to transfer everything over from my old 3DS and have installed a couple games since then with no issues at all. If this is what you are using it for it works great and I have had no issues. I have had this since launch of the New 3DSXL in America with no problems."
5.0,Very happy,"Replaced the 16GB UHS that came in my Mavic Pro with this card and no issues at all with 4K video.  The card that came with it had some issues with vid quality.  I was worried that it was the drone camera, but it appears it was the card.  This does not qualify as a technical review, but the result was what I hoped for and one hour of video is a plus as well."
5.0,Works great.,Installed into my New Nintendo 3ds so I can download more games and avoid buying more disks (that are so small I don't want to have to keep up with and am afraid of losing over time ).
5.0,Five Stars,Seems to be working just fine in my GoPro 5
5.0,Holds 32bg speeds are great! I use it in my 360 cam which ...,Works as expected. Holds 32bg speeds are great! I use it in my 360 cam which records in VR and it works great.
5.0,"Gotta get it, Gotta get it...lol","Great Great Memory SD. Wow, Saves all of my BikeDubz Pictures to my Samsung phone perfectly"
5.0,Great card great price,I ordered and received a refurbished SanDisk Extreme. I have recorded hours of 1080p video with no issues. The card works as it should.
5.0,it works good. no problem,i used it for my 3DS. it works good. no problem.
5.0,Bought it for 3DS,Using it in a New Nintendo 3DS. Works perfectly.
5.0,Five Stars,It worked and I had no problems. I used it for my new 3ds xl.
5.0,Five Stars,Great product!
3.0,Three Stars,This friggin glitched while I tried to time lapse the solar eclipse
5.0,I ordered 2 refurbished SD cards and both work great. I use one in a Galaxy Note 4 ...,"I ordered 2 refurbished SD cards and both work great. I use one in a Galaxy Note 4 and one in a LG G3. Works for video,  pictures and music."
5.0,Five Stars,Perfect
5.0,Works for the New 3ds.,Works with the new 3ds and haven't had a problem yet.
5.0,Five Stars,Great product.
5.0,Works in Go Pro,Bought this to use  in my daughter's new Go Pro- it worked as expected.
5.0,Five Stars,"Excellent product, service, delivery."
5.0,Five Stars,Works great with my GoPro camera!
5.0,Five Stars,"Expensive, but worth it."
