ratings,rev_head,revs
5.0,Works great with my Canon 80D,I go through about one card a month taking photos. I back up my cards regularly to an external hard drive but I like have a disk backup as well so every month a card gets put into a storage case. I've purchased these packs a couple times over the last year and I haven't had an issues with the cards.
5.0,A Good Deal!,"It's amazing how the prices for SD cards has dropped. I need a card replacement for those vehicle cams. For whatever reason I've had to replace twice - due to the heat from the sun? Anyways, getting 5 at this price was a steal. At least I won't have to worry about finding a replacement for a while. So far I've used 1 and it works, no problem."
5.0,Great cards at a great price,"I always buy San disk, never Disappointed. These 32 gig cards came at a really good price.  it will allow me to shoot up to 1000  raw images on my D 7500.  Although I normally don’t shoot that many on one card I will be overseas on vacation and might have the need to do so."
5.0,Great deal,Great price. Use them for my trail cameras. Works great.
5.0,Good product,These have been handy to keep on hand for all photo shoots.
5.0,Five Stars,They work great with my daughter's D800 and D810.  I will be purchasing again.
5.0,SanDisk43 GB,Like the product and likes the price
4.0,Gift,Great purchase for lots of photos
5.0,As cards,Perfect
5.0,Five Stars,Good deal. I will reorder
