ratings,rev_head,revs
5.0,"Lots of storage space, price is still to high.","Received this product brand new and in perfect condition. The 16GB has lots of storage space!  I recommended dishing out the cash for this one rather than the 4GB or 8GB which are much smaller and won't go very far. 16GB will last you a whiiile... as I already have a ton of PSP, PS1 Classic, and a few Vita games downloaded onto it. Unless you plan on downloading a huge library of Vita games, go with the 32-64GB, but the 16GB is the best go to and will get you on your way."
1.0,Another Sony only product!,Just another Sony exclusive for the PlayStation Vita. You have to buy it because there are zero off brands and for whatever reason Sony didn't put memory in the vita!
5.0,Great for switching between a PS TV and a Vita!,"A bit pricey for memory, let's be honest very pricey maybe the reason the Vita failed ultimately, but the 16 GB is the best value because it will actually hold a few Vita games and many PSP games, and dozens of PS One Classics.  I purchased this so I could switch between my Vita and my PS TV and it works perfectly.  I just eject and switch the cards on the fly and am able to enjoy games on either system/handlheld at will.  No saves were erased and the only time something is reformatted is if you happen to use your Vita/PS TV  without ever inserting a card first, but even then it will prompt you to convert the file over to the card from the onboard memory."
5.0,"Worked flawlessly, no corruption issues like my used memory card.","It worked perfectly for my needs. It came sealed in a sony package and i was instantly able to restore my data from my old 8 gb card with no issues. I'm very happy to have a non corrupted card that has more space to fit my games. I got my previous card used at Gamestop and it was corrupted and destroyed my save data so I had to reformat it, to get it to work properly so I don't recommend getting used memory cards, instead get a brand new one like this one, which has enough space for a couple of vita games and playstation games. It's not too expensive and the storage size is right in the middle of available sizes for memory cards so you get one that's not too big and not too small, so it works for any game collection."
5.0,Why are they so dang expensive?,"I mean, seriously.. it's a flippin memory card. What a huge buzz kill when I bought my PS Vita and Walking Dead game, only to come home and not be able to play a DANG thing.. not even with any of the factory applications. Of course, it was THEN that I saw the TINY little thing in the corner of the PS Vita box that said I'd need a memory card. Really? You couldn't even give me a stinkin 4GB? Anyway... that's how I feel about that.. and that's why I purchased THIS."
3.0,"Sony, why the heck is this so expensive? ...","Sony, why the heck is this so expensive? I just bought a 128GB Micro SD card by Sandisk for $40 with same day shipping!"
4.0,Unpackaged,"It's Japanese packaging and it's out of its plastic packaging. So it makes me a bit skeptical whether or not it's safe to use. But for now it seems like it's working. I'll update more if anything comes up. Other than that, it seems fine."
1.0,Defective Memory Card,"Took about a week longer than it was supposed to for it to arrive. When it finally did, it was DEFECTIVE. Tried putting it in and downloading a game right away, which gave me an error message. I tried taking the memory card out, cleaning it off, blowing in the memory card slot, and reinserting it. After that the ps vita never even recognized that a memory card was inserted. The ps vita is also only a week or so old, and has already had a 4gb memory card used in it before, which means the only possible cause for this is that the memory card i received was defective. After waiting so long for it, its a pretty dissapointing outcome."
5.0,Useful for games,"This memory card is easy, just plug into the vita system and it starts saving the games. It’s very useful because the vita only comes with 1gb of internal memory. Works great !"
1.0,PS Vita Hell,Doesn't work.
5.0,"Perfect size and works great.  Don't get a smaller size, you'll be sorry.","Works perfect, as it should in a PS Vita.  A perfect sized memory card for the games.  Don't go cheap on a memory card, they are expensive, you don't want to have to buy more."
4.0,New Life For A System Named Life.,Absolutely what I needed to breathe new life into my Vita. I've got more games stored on it than I actually know what to do with!
3.0,"It works, but expensive and it wears if taken out too much!",Pros: It works fine!  Cons: Expensive duh! Better to leave alone inside your PS Vita and hardly take it out so that it won't cause reading problems by easily wearable metal plates!
5.0,Five Stars,Necessary evil for Vita handhelds. I really wish Sony used micro SD cards.
5.0,Sony PlayStation Vita,"I thought you could find this memory card at just about anywhere,was disappointe.So,I’m looking for a memory card at amazon.And next thing I know,you can get more memory than a little bits."
5.0,"Sd-card is ok, yet expensive-!",Darn-! Really expensive as-cards but there weren’t any other sd-cards for the psvita- I purchased ? I guess that’s proprietary & Exclusivity ...
3.0,This works as it should but my complaint is that ...,"This works as it should but my complaint is that dang price. So expensive just to save some files on the vita, Sony are just plain greedy."
3.0,PSVita memory cards are propriety crap so Sony can charge more,Not enough if you have a bunch if games and anime you want too download recommended to get the 64gb for your games but if you still prefer paying less on memory then 16gb should be used for any movies and shows you buy on Playstation store.
4.0,What can I say other than it works as advertised,I received it quickly form Amazon Prime and inserted it and was off to downloading games immediately. The only complaints I have which reduced it by 1 star are Sony made it proprietary and the price is really high compared to the rest of the standardized cards out there that have 3-4 times the capacity
3.0,Only bought it because I wanted the Ratchet and Clank ...,Only bought it because I wanted the Ratchet and Clank collection and the 8gb is running out of space. Nothing much to this except the ridiculous asking price. you'd think Sony abandoned the Vita they would drop the price but I guess they're trying to squeeze what money they can out of it.
5.0,Does what its supposed to,"I mean these things are super expensive for no reason, but it is what it is and it works great."
3.0,"Works well, but holy crap sony",A piece of plastic that is as small as the tip of my pinkie finger is worth 50 bucks? Wtf sony?
3.0,Three Stars,"Great quality, and is super needed for Vita...but really, Sony, why?"
4.0,Expensive but worth it,"While Stupidly expensive, they do work for the purpose of storing many games and having a solid speed of accessing data. No complaints other than price, if you can find it from a seller that is going below MSRP take it."
5.0,Worth it,"I always think that i am taking a risk when i buy these items used, never certain that i will get what i pay for but that was not the case here. My 16Gb vita memory card worked great on my vita without a hitch. No issues and no complaints about the seller either, Shipping was timely and product was as described."
1.0,One Star,Card works fine. Sony is a garbage company for creating proprietary memory cards and gouging the consumers.
3.0,Works fine with my other memory card but it is really EXPENSIVE,"This works really good but I spent over almost 80 dollars for two of these and I don't have a lot of money left, I got a sandisk 32 GB, and the price was REALLY cheap, lower then $9.00, and are you kidding me Sony?"
3.0,Works as its suppose to but costs is why Sony,Can't complain its a memory card so it does as its suppose to do hold my data.
2.0,It's great but the price isn't,It's a must have for the vita but because of stuff like this is the main reason the vita died
5.0,Extra storage always good.,Always good to have extra storage especially when you have games. Too bad Sony needs the extra money that you have to purchase this as an extra after just dropping some money on the system itself. It does what its suppose to.
4.0,[I didn't have enough courage to write a title for this review],I bought this thing and I've only used it for Persona 4. I think that justifies the purchase.
5.0,Great product,Just what I needed
5.0,I love you Sony but just why,I wish a 16 GB memory card wasn't the same price as a 64 or even 128 Gb sd card is.. That aside the card came quickly and was packaged neatly and I can now download... some games to an extent.
5.0,Good product,Good product
5.0,Works,Expensive but does its job.
4.0,Wtf expensive Sony.,Works. Waaaaayyyy too expensive though. It's just a memory card.
5.0,I shoulve bought a bigger size one. But if ...,I shoulve bought a bigger size one. But if you need storage for your PSVita this is the way to go.
5.0,Great. I've downloaded my entire Vita library and still ...,"Great. I've downloaded my entire Vita library and still have 8 gigs to spare. A must have for hardcore gamers who don't have the time to switch between memory cards, or who don't want to lose an existing game to make room for a new one."
5.0,Just the right amount of storage,It works as described and is the perfect amount of storage for the games I want to play
5.0,Would recommend,Great for video game lovers
5.0,memory card,Does what its supposed to.
5.0,Five Stars,"16gb worth of games installed is plenty enough for me, thanks."
5.0,Like it,Works well and easy to install.  I prefer using products that are first party manufacture for electronics.
5.0,The stock 8gig that comes with the vita fills out ...,"The stock 8gig that comes with the vita fills out fast, needed to add another 8 so i didnt have to keep deleting my games! Got this in record time and havent had any issues with it!"
3.0,14gb not 16gb,It works but it says I only have 14gb not 16
5.0,Excellent product as specified by the manufacturer.,Excellent product as specified by the manufacturer.
5.0,get this if you don't plan on downloading a lot of games,"if you don't download a lot of games, this is perfect for you"
5.0,Ps vita,Decent memory
3.0,Sony needs to ditch proprietary memory formats.,"Sony can suck it. Where do they get off charging $2/gb in December 2015? I just bought a 128gb USB 3.0 thumb drive for $20, so to pay more for this little thing is insulting. I'm not a fan of proprietary formats, and this proprietary card does nothing to change my opinion. Lame money grab with no added value."
5.0,Aceptable,Lo esperado
4.0,... I say it was a Sony memory card very good thow.,What can I say it was a Sony memory card very good thow.
5.0,Most likely needed if you plan on having more then ...,Most likely needed if you plan on having more then one or two games on your device.  I already have 6 or so and have plenty of space left.
5.0,Useful,Great
5.0,Works as expected,"Works great, fast"
4.0,Product arrived in perfect condition and is working great,"Product arrived in perfect condition and is working great. I've had no issues thus far. My one complaint would be the price, but these are so hard to find in stores now that this was the most convenient way to get one."
5.0,Good stash,Good memory
5.0,Very nice for the gamers,Better than I expected
5.0,Great Item,Works perfect and super fast shipping!  Thanks!!
4.0,Accurate description,"Works as advertised, costs too much compared to other memory cards of same capacity."
1.0,card freezes system,i had inserted it to format it and then all of a sudden my system froze and i would say that it doesnt like reading it at all. been trying to get it to work for a while. might just end up requesting a replacement if i can
5.0,Five Stars,Good price for the memory card. Daughter was pleased to be able to save her game-playing.
5.0,Get the largest you can afford.,It does well. Wished I would have gotten a larger one but this will work for now.
3.0,Three Stars,Not happy that you have the buy the ridiculously priced proprietary sd cards.
5.0,Memory Card,Memory card it does memory card things.
5.0,Five Stars,"Replacement card,"
4.0,"so it's a good product, and it got here on time","It works, I mean it's been doing its job and I can't complain about anything, so it's a good product, and it got here on time. So this is a good product to buy, just be aware this particular one doesn't come in original packaging, or at least it didn't for me, and it's super small so make sure you're careful when you open the little package it comes it or it will fall out."
5.0,Great deal,Works great
5.0,Five Stars,love it
5.0,Five Stars,Wish it was cheaper..
5.0,Excellent!,"The product arrived in a timely manner and is a perfect fit for my Vita. If you need a memory card for your Vita, then I definitely recommend buying one of these!"
5.0,it works,it works that's enough for me...
5.0,Memory,Awesome
5.0,good to go,"It works fine, what else could you want besides a cheap price?"
5.0,Five Stars,Good quality and at a great price
3.0,Price is high but you need it,Works as stated. Expensive for what it does.
5.0,Five Stars,Thanks
4.0,Expensive,works as described
5.0,Five Stars,Works as expected
5.0,Five Stars,No complaints!
3.0,Three Stars,Just go for ps4
2.0,Two Stars,"Overpriced, but there's no choice if you want to use your vita fully."
5.0,Five Stars,It's perfect thanks
5.0,"wished I got a 32 g, this unit does ...","wished I got a 32 g, this unit does cover most games on the market today, but in the near future not sure."
5.0,Fast and perfect condition!,Exactly what I needed for the games and media that I have. Fast and perfect condition!
5.0,works as advertised.....recommended,works as advertised.....recommended
5.0,Five Stars,works good
5.0,Five Stars,Works great and now I can actually play my Vita.
5.0,N/A,This was exactly what I wanted. Item work well!
5.0,Really useful,"The main reason I got this was so I could download games since the default space is only 1GB of space, so it is really useful"
5.0,Works great,Item came in great time. Works great. No problems.
3.0,I hate you,Way too expensive for a 16GB memory card.
5.0,Five Stars,My item finally came in! Ha ray!!!!! Thank you!
5.0,Great Value,Came on time and it was brand new factory sealed
4.0,Came as described,Thank you
5.0,Sony PS vita 16 Gb Memory Card,Exactly what I needed
5.0,Five Stars,Came on time worked well would buy again :D
5.0,Five Stars,:D
2.0,Two Stars,These things are over priced
5.0,Five Stars,perfect to start off using the vita
5.0,Five Stars,great
5.0,Five Stars,It holds 16 GB of memory. That's almost 17 GB!
4.0,Good product but hate thay its necessary,Works for what you need but I still hate how expensive these are and necessary for vita
5.0,Five Stars,good
5.0,Bought as a gift. The recipient said she loves ...,Bought as a gift.  The recipient said she loves it.
4.0,Four Stars,Does what it's supposed to do.
2.0,Way Overpriced,This is obviously where Sony makes bank. You can buy a non-Vita 16 GB SD for 1/4 of the cost. The Vita SD Cards are disgustingly overpriced.
4.0,Four Stars,It is the only card that works with the PS vita
5.0,Satisfied,I received it a day earlier than expected. The packaging is very protective and the card works perfectly on my Vita. Already using about half of the space for games!
5.0,Five Stars,"Good condition and packaging and works great, no problems at all!"
4.0,Four Stars,So expensive but worth it if you're in desperate need of getting games for your vita!
4.0,Four Stars,Good products
5.0,Five Stars,Good product
5.0,Five Stars,"Good product, highly recommended"
5.0,Works Perfectly,Works exactly as described
5.0,Works great,Just as intended. But they're too damn expensive. Damn you Sony
5.0,Five Stars,Fast shipping and fit right into my PSVita
5.0,Extra Memory for your Vita,Works as expected
5.0,Five Stars,Does its job.
1.0,So DISAPPOINTED.,"The package came in but when I open it up, I see nothing inside!!! Just a piece of paper and not my memory 16gb card that I’ve PAID FOR!!!. So DISAPPOINTED."
5.0,Five Stars,Great Product!!! Thank you very much!
5.0,You guys are awsome,Thank you
4.0,Does it's job for a crappy price. It's crazy how overpriced these things are,"I know it says 16gb, I know it never comes it's actual size. Got it with 14gb free. Does it's job for a crappy price. It's crazy how overpriced these things are."
5.0,Great product!,Nice built quility. Works perfect just enough space at an really good price.
5.0,Five Stars,perfect for my sons PSP vita
5.0,Five Stars,very good product. Thank you
4.0,"Big packaging for this tiny memory, might get a chuckle out of you","A little overpriced, but overall works perfectly."
5.0,Our boys were happy to use in their new Vitas,Correct size. Received before delivery date. Our boys were happy to use in their new Vitas!
4.0,Four Stars,I would give it 5 Stars if it didn't cost so much
5.0,Five Stars,good price ...works great!
4.0,Best buy!,Perfect price for low gb*
5.0,Great price.,Bought it for My snn for Christmas. He was very happy. Good price
5.0,Is the price really worth it?,"It works nothing wrong with it, but Sony why is the price so damn high."
5.0,Five Stars,Item as described
5.0,Five Stars,yes
5.0,Five Stars,Came quickly and does what it's supposed to do.
2.0,Two Stars,gifted
5.0,Five Stars,A little too expensive though for the amount of memory storage space.
5.0,Perfect,Working perfectly well
5.0,Five Stars,"Great product, but dealing with company was the best. Great customer service. Highly recommended."
5.0,Five Stars,"Pricey, but cheapest i could find."
