ratings,rev_head,revs
5.0,Solid Card! Ran speed test with blackmagic disk speed ...,Solid Card! Ran speed test with blackmagic disk speed test and the average was Read: 90MB/s Write: 70MB/s. Tested with the GH5 w/ firmware version 2.0. Worked with the ALL-I 400Mb/s 4k file (ran a 5 minute test).
5.0,Excellent read speed in UHS-II mode. Write speed is fast but not much better than the fastest UHS-I cards.,"Excellent read speed in UHS-II mode. I benchmarked the card in several UHS-II readers and the highest benchmark was 269.0 MB/s in the Lexar Professional Workflow SR2 UHS-II. Write speed reached 99 MB/s in several card readers as well. This is a good card for those looking to improve their workflow with fast downloads. Its write speed is not much above what you can find in other UHS-I cards (Such as the SanDisk Extreme Pro 95MB/s UHS-I card), but the real improvement is the download speed."
5.0,Fast enough for most situations on a7r3,"Works perfectly for me with the a7r3. I don’t know how it compares to the faster one that writes up to 299 mb/s because I haven’t tried it, but I’ve never felt hindered shooting portraits, events and nature, even uncompressed raw. The uhs-1’s were definitely slow by comparison and could not keep up with continuous shooting, even slow fps. If you are an extreme fast-action photographer and need to keep shooting dozens of continuous shots over and over, you’ll probably want to compare the faster cards but for me and I imagine most typical shooters, this is plenty fast enough and roughly half the price."
5.0,Works perfectly with the Panasonic GH5 at 400mbit/s even though it's not officially V90 rated.,"Hands down, this is the FASTEST SD card I have ever come across.  I bought it because my ADATA card rated V90 couldn't keep up with my Panasonic GH5.  Even though this does not have the V90 badge on the label, it FAR exceeds V90 specs, and eliminated all the problems.  I highly recommend, especially if you are considering the Panasonic V90 cards."
4.0,"Seems to work with GH5s 4K 400 All Intra, so it's good enough for me","Tested with Crystal Mark, came out with average of only 93 Read, 74 Write!  Wasn't happy.  Then realized it may have been a limitation of my USB 3.0 card reader that was keeping the numbers low.  Put the card in my GH5s, shot some 4K 400 All-I, and the card seemed to handle it fine (I let it run for about 4 mins).  As a comparison, I then tried my Sandisk Extreme Pro 95 card, which actually had higher CrystalMark write number (88), and that card didn't last more than 5 seconds in the GH5s' 4K 400 All-i before camera shut down due to insufficient card performance."
5.0,Works for the GH5 in All-Intra 400mbps!,"If you're looking for dependable SD cards for the GH5's high bitrates, you're in luck. I purchased 6 of these 64GB cards. I ran multiple tests on my GH5 with these cards in All-Intra/400mbps mode..."
4.0,The capture buffer on my a7III fills up at about ...,The capture buffer on my a7III fills up at about the same time with this card as it does with the Lexar 1000x cards. It does however take half the time to clear the buffer when writing the files to the card. Download onto the camera is much faster as well. Wish it were a little cheaper.
4.0,"A little pricey and tested a little under spec, working for 4k with XT3","UPDATE : having used these cards a quite a few times now, I think they are underwhelming. I bought a new USB3 SD card reader and I'm still not getting any better  read /write times. In fact was more unsettling is that they ramp up their write speed and it takes several seconds for them to hit full speed which is still under spec. OTH A sandisk card I have instantly hits its R/W speeds and is faster... and costs 1/2 the price. Thinking I may return these."
5.0,It's an SD card.,"Bought for use in my Sony a77ii, a6000, and NEX5R."
1.0,Failed in the field,I purchased the Sony card because I was told not to trust PNY. The Sony card wasn't two months old when it became unreadable by my MacAir while I was leading a workshop. I switched back to a PNY card I've used for two years and continued the workshop. I was later able to access the images but I no longer trust the Sony. Don't believe people who insist you spend more money for name brands.
1.0,258 images disappeared blank,"I have a new Nikon D850, and Macbook Pro, have been shooting semi-pro for years.  Just got this card with the D850.  I was importing with Lightroom and the card just wiped itself clean/blank before it even imported.  The camera says its blank, the laptop shows no data on it.  Just GONE.  Christmas... gone...  Fortunately, I have a different XQD card.  But this one is junk. I'm blown away by this.  Never seen anything like it."
5.0,Excellent buy!,"I can confirm that this card works for the Panasonic GH5 400mbps 10bit 422 codec. I have now used it multiple times successfully, with no negative issues to report. Excellent buy!"
5.0,Really good,"I got four of these to shoot a day long event this year that I am offical photographer for.  10:30 AM to 8:30 PM.  ~ 8,000 images :-)"
5.0,400mbps on the GH5 no problem,"Yeaaaaa! These are great with my Panasonic GH5. I’ve been using them and they handle 400mbps with no problem. I have 3 GH5s and have ran them full @ 400mbps tons of times. No errors, no slow writing, just reliable. Super happy cause these are a lot cheaper than the high mbps cards."
5.0,Works like a champ,"This works great on my a6500.  Sony cameras have some pretty slow chips in them, so you can't really get more than 30MB/s write speed out of the camera anyhow, so why bother spending a ton of money on a fast card.  Yes, it will help you read the card while moving the pics to your computer, but that is about it.  I figure I'm better off balancing and getting a decent speed card (this one) and not break the bank.  I'm happy with it."
5.0,Five Stars,Works perfectly well with my GH5 on all recording modes (even the 400 mbps).
3.0,Not much faster than Sandisk,"I've bought 2 SD cards for Canon M50.  Between the Sony 32GB and SanDisk Extreme Pro 64GB SDXC UHS-I, Sony top the write speed match in M50 camera write time....by ONE second.  Worth paid almost $7 dollars extra for one extra second?  Meh, not really.  Hey, reminder, this Sony SD card is only 32GB~!  And the SanDisk Extreme Pro 64GB seems more reasonable."
5.0,"Amazing Card , if you use a UHS-II card get this. If you don't, still Get it!",Any camera will benefit from these cards.  They give you a quicker buffer and some transfer speed at the least on UHS-I.  I use this in the Fujifilm X-H1 and they're fantastic.  They handle just about everything I do from 4K DCI 3 hour shoots to all day photo shoots.
5.0,Works for 4k video on my Sony A7R II,"Works perfect on my Sony A7r II camera, I needed a faster card to capture 4k video. This works perfect."
5.0,Super fast UHS-II card,Super fast card with a UHS-II reader.  I bought two and use them in my Canon camera.  They work at normal speeds in devices that are not UHS-II.
5.0,Sony Memory card,"I suppose we learn best from experience. This card is ""all that I hoped it would be.""I can set my shutter on 5 fps, shoot and the camera doesn't have to wait for the card to write the data. Slot one on my a99 can be either the Sony SDXC UHS-II or a SanDisk memory card. I can't get more technical than that. The Sony memory is so much faster and uses the camera's capability.  Sony is much more expensive but it is so much nicer."
5.0,"It's working, so that's winning.","It's better than the San Disk pro I bought at first, which won't work in my camera at all (Sony Z190). I can't believe it's the same price for half the size, but the other one wasn't even working at all, so you do what you gotta do. I'll update if I have any trouble."
5.0,Works Great in my Sony a7iii,I needed this to shoot 4k video on my new Sony a7iii.  It works perfectly and was reasonably priced compared to alternatives.
5.0,Good for fullrame mirrorless,Good! Works well with my mirrorless photo and video. Sony A7r mark ii and Sony A7s Mark ii
5.0,Works when Sandisk didn't,"Bought for my new Sony a7III to record 4K after finding two new Sandisk 64GB UHS-I cards wouldn't read, learned they are from a defective batch. No such worries with this Sony card. You what what you pay for, and in this case, the Sony card cost twice the price of the Sandisk."
5.0,So far so good,"Been using it for a couple months. So far so good. Works great on a7iii, doesn't cause any choppy monitoring that slower cards would."
5.0,I had one error in the first few weeks. ...,"I had one error in the first few weeks.  Should do full format, (not Quick) in your computer before formatting in the camera.  That fixed the error."
5.0,Best SD card on the market.,"I bought this card to storage 4K footage from my camera. The camera have demanding specs for that and I'm very happy with the speed, quality and overall results that this card gave me so far. I did not have tested the speed but I have no complaints when using it with my system, if were not fast enough the system I would have let me know of that."
5.0,Great for the price!,"Highly recommend these cards! I have been using them in the 32 and 64GB flavors for about 8 months and haven't had a single issue with them. Rock solid performance and reliability. I recently upgraded to the G series card(for the UHS-II slot) and if you need the extra speed I'd recommend it, blazing fast buffer clearing!"
1.0,Can't record on the A7iii!,I just ran into a problem that just popped up out of nowhere.
5.0,"So far, so good.  GH5's 400 mbit ALL-I 6k is working great.","So far so good.  I've only had this a few days, but it records the Panasonic GH5's 400mbit all-I 6k format fine in my stress tests (filming foliage in the wind) so I couldn't be happier."
5.0,Works with Sony A7III,"I use this in my Sony A7III and have no issues with photo or video speeds. I have not shot any 4K personally, but the A7III doesn’t have a high bit rate anyways. I haven’t felt the need to spend twice as much on the new model for not even double the speed."
5.0,Much Faster than Cards with Older UHS-I Standard,"I did side-by-side comparisons of this memory card with a couple of older, slower cards (one Sony and one SanDisk). This model (with the UHS-II standard) was much faster. The camera did not have to rely on the buffer as much, and off-load to my computer was also significantly faster."
5.0,The Need for Speed!,These work well... I didnt clock them like others do here in the reviews.I was at 11fps on my X-T3 shooting RAW+Jpg and didn't hit the buffer. That's the only test I needed.
5.0,Perfect SD card for anyone looking for a 128GB SD Card!,"This Sony 128GB SD Card is perfect for anyone looking for a larger capacity card that is faster than most cards on the market. Although it is not the fastest of the Sony line of cards, you are looking at only waiting for photos to buffer if you are shooting in modes like High or High+."
5.0,Worth the extra money,I shoot a lot of 4k video with a Sony A7iii and have never once had an issue with these cards. Writing speed is great and having 2 of these 128gb cards I never run out of space during an all day shoot. Don't put cheap cards in your camera and shell out the extra dough for name brand. I chose a Sony card because I figured it would read bes with my Sony camera and I have 0 complaints.
5.0,High-enough speed for all but the very fastest action shots,"This card is fast enough for most burst photos, 4K video, and traditional 1080p video. It may not suffice for the fastest the A7iii is capable of, but for 90% of shots taken by 99% of users, it's the perfect card."
4.0,Does the job,Sony the one and only. Not the only anymore but a good quality choice for my pro camera. Carry backups
5.0,Performs Perfectly,I purchased this Sony memory card for my new Olympus mirrorless camera. I needed something that would be reliable while shooting at various sites. This card has worked perfectly so far.
5.0,It works great with my Sony A7iii and is priced right,"To be honest, I purchased this SD card after more research than probably necessary."
5.0,Great size for video files.,"Automatically receives video files in my Nikon D 850 and works well. I have only shot short videos and really don't expect to do much in video, but what I have done worked well on this card."
5.0,Expensive - But Only Option For Nikon Z7,"You really have no choice if you are using the Z7. This Memory Card works perfectly, is well made, fast and easy to handle. It takes a special USB reader to connect to your computer. So the entire package is a bit expensive. But considering the investment in camera equipment and the value of ""getting the shot,"" it's really not that big of an expense."
5.0,"Wow, a great card.",This card does the trick with my A7rII. It is far faster than anything I've used in the past. I'm going to purchase a few more!
5.0,Fast and reliable,Very fast and reliable memory card used in my A7RII.
5.0,Perfect for GH5 GH5S,Perfect for GH5 and GH5S
5.0,Five Stars,Good product.
5.0,Great for the Sony A6300,This SD card is a perfect match with my Sony A6300. Highly recommend it for the Sony Alpha series.
5.0,Wow!,Works perfectly in my GH5. Great value product!!
4.0,"Great speed, good price","Needed something fast for high-quality HD video, and this is it. Sucks-up the bits like nobody's business."
5.0,Five Stars,"Fast, huge, capable. What more can a photog want?"
4.0,"Fast card, but a bit too pricey..","It's definitely a very fast card, but I find it still pricey (-1 star). I use it on my Sony a7iii and it works great."
5.0,Five Stars,Super fast and reliable. I love it!
5.0,Perfect,Perfect. Does what it's supposed to do in my camera. Haven't had any issues in the Sony a7iii
5.0,Works great,Good item in small package.  Does the job well in my camera.
5.0,GREAT PRODUCT,I USE IT IN MY SONY VIDEO CAMERA... WORKS GREAT AND LOTS OF STORAGE :-)
5.0,Five Stars,used it for my camera and the buffering took a lot less time than my previous slower memory card.
5.0,Works great with Sony a7RIII,"I bought 2 of these cards and they've performed flawlessly in my Sony a7RIII for both photos and 4K video. Expensive, but worth it."
5.0,Great value!,Works great with my Lumix GH5 and Lumix G9. Super fast!
5.0,Works just right with the A7sii,
5.0,Perfect for my Fuji Xh1,"Have only had sandisk in the past, but read reviews on this and so far it’s been great, fast rewrite speeds too"
5.0,gh5s,"Got these specific to the gh5s from a YouTube recommendation, so far so good!"
5.0,recommended for video 4K recording,"suitable price, recommended for video 4K recording, nice with canon and sony 4K I used"
5.0,Great Card!,"Solid, fast read/write and affordable. Great combo with my A7III. No dropouts or lags."
5.0,Linux GH5 compatible,Works with my GH5 recorded 4k 60p and 24p!
5.0,Great memory card. Looks authentic. works as it should be.,Great memory card. Looks authentic. works as it should be.
5.0,Quality,"Fast for taking burst shots and clearing the buffer, much cheaper than the 300mbs"
5.0,Fast and reliable!,Never had a Sony card fail. Not once!
5.0,Gets the job done,Expensive but works perfect with Sony a7r3
5.0,Five Stars,Love it......work perfect with my sony camera in 4k
5.0,Works great,Works great. Fast read and writing.
5.0,So far so good for my Panasonic GH5,This thing has been able to handle recording 4K video at 400 Mbps in All-I with V-log picture profile.
5.0,Works good,Sony is perfect
5.0,SUPERB,"Works great, used it with the GH5s 4k 10 bit and had no problems 💯"
5.0,Sony the best,I like this product
5.0,Great!,No problem with this in my Sony a7III.
5.0,super fast cards,Super fast cards. Fast shipping
5.0,Great product,Great product
5.0,Works great,No problems so far. Works great with my Sony A7 Mark3.
4.0,Good price,Good price at decent speed. Not the fastest but fast enough.
5.0,Five Stars,This is a great memory card.  Fast and reliable.
5.0,Five Stars,I Love it!
5.0,Does everything I purchased it for.,Great sd card
5.0,Works so great!,Works perfect! I have a Sony A7Riii and it captures and saves photos lightning fast!
4.0,No comment,No comment
5.0,Worth the money,Worked perfect for my Sony A6500. Records with the max 4k quality and hi burst rate of photos.
5.0,Five Stars,"Love this card.  Fast, better pictures"
5.0,Good price from a great company,So far so good. Good price good preforence
5.0,Five Stars,"good quality, good price, works as expected."
5.0,great for fuji xt3!,I bought it for my Fuji xt3 to shoot full 4K at 400 megabytes per second and it does a great job!
5.0,Works like expected,Everything I expected.
5.0,Does exactly what it's supposed to do,"Fast transfer and save speed. Bought this because while shooting in rapid mode, there was always a long wait for my Sony A7iii to write all of the images on the card. This new card completely eliminated that time."
5.0,Quality,High quality
5.0,A great and valuable asset,Superb
5.0,Good,Good
5.0,"everything is fine, the goods are good","everything is fine, the goods are good"
5.0,Five Stars,good performance. a sweet spot of price and speed
5.0,No complaints,"Great SD Card, good value for the write speed and memory."
5.0,Great memory card!,Great memory card for video and for a reasonable price
4.0,Good but too expensive,Nice and fast. 4 stars cause of high price. They likely made this for less than $8.
5.0,Good choice,Good for the price
5.0,Five Stars,so far so good.
5.0,Five Stars,Works the way it supposed to do.
5.0,Best product,Very good
5.0,Five Stars,It works as should.
5.0,No problems! :),Works perfect
5.0,Muy buena,Perfecta funciono adecuadamente a mi cámara
5.0,Very fast transfer,Great product very fast transfer speeds
5.0,Works,Just as advertised
5.0,Great Product,Works awesome. Wish it was less expensive!
5.0,"Good quality, works as expected.",Worked as expected! Can't wait for these things to go down in price!
5.0,As expected,As expected
5.0,Five Stars,It's as fast as they come.
5.0,The write speed and the read speed.,Very good quality memory card. It meets my expectations. Very reliable performance.
5.0,fast delivery,in great condition
5.0,Recommend,Good quality; high performance; highly recommended from me
5.0,Excellent for additional space on a chrome/netbook,"I use this card to expand the storage on my Chromebook with crouton Ubuntu, which cannot be upgraded internally. It performs exceptionally well for the price: installation of programs on the card are slow, but running from it is only slightly slower than from internal storage for most purposes (steam games run flawlessly). There are cards with faster write speeds, but you don't really need anything more for casual use and the prices increase steeply for anything more than this."
5.0,Five Stars,Fast sd card it works perfect for my GH5 with no problems its a must buy.
5.0,a good upgrade for future cameras,it's ok...
5.0,Fast !,I buy only Sandisk & Sony SD cards
1.0,Not so good for business,Formatted this for my camera and started shooting a job. About 200 shots in and the card failed. Not so good for business.
5.0,Five Stars,Fast read write for my new camera!
5.0,Five Stars,No comments
5.0,It works just fine!,It is exactly as stated. Great Quality!
1.0,I bought this and this was fake I tested speed ...,I bought this and this was fake I tested speed test and it was just a third as said on the write and read speed
1.0,32GB is useless.,If you're trying to record with XAVC-S format don't bother with the 32GB card the Sony a6000 just ignores the fact that it's UHS-II card and treats it like a normal SD card.
2.0,*** Use CHKDSK to recover corrupted SD card data ! ! ***,"If you wade through the reviews of this card's faster sibling, there seems to be a pattern of the card getting corrupted by Sony cameras, making a PC think the card is unreadable, and thus the PC prompting you to format the SD card.  If you get this, DO NOT reformat the card.  Instead, open a command prompt as admin and run CHKDSK /R /X /F.  For me, this found a corrupted boot record, which it fixed, and none of my files were lost."
5.0,Fast If You Have the Write Hardware,"Good solid card, but keep in mind you need a camera/reader that can handle UHS-II specification to realize the 260 Mb/sec read speed and 100 MB/sec write speed. Without one, you'll get only 30-40 MB/sec speeds. Sony sells a USB plug in reader that can handle the transfer speeds "
4.0,Fast and Relaible So far,This is a seemingly well-made SD card. Only time will tell.
5.0,"Crazy fast reads, fast rights, and no issues whatsoever","This blazing fast card does give up a little capacity vs a comparably priced UHS-I card, but 32gb is as much as I'd want on a single card for critical use anyway.  The in camera speed is tremendous and helps clear the cache for bursts.  The card has worked without any issues in my Nikons and Fuji cameras."
4.0,"Works as Expected, Solid Offload Speed","I cycle cards quickly in my line of work and so I tend to stick with brands that I know to make sure I never lose shots due to bad cards/cards going bad.  This offloads pictures and videos quickly and has enough storage for the latest high resolution cameras. Insertion and removal is quick and easy and it never sticks in the camera body.  In all, I'm pleased to dry a different brand than my usual Sandisk."
4.0,Great card to use but be sure your camera is compatible.,"Although I haven’t been unhappy with the read/write performance of my Sandisk flashcards, I thought I would like to try the latest in flash card technology. After reviewing the information on the listing and seeing that it was recommended for all brands of cameras used by serious photographers I assumed, erroneously, that mine (the Nikon D7200) fell into that category."
5.0,Works Great and Holds A Lot of Photos and Videos,"I am usually pretty loyal to my Sandisk memory cards, but I wanted to give these a try and was not disappointed. I didn't find the speed levels to be any less than the memory cards that I currently own, which work at a good speed. This is pretty much on par and I'm very pleased. I take a lot of photos and videos and find myself going though memory cards pretty quickly. I never go less than 32GB. It's fantastic, because it holds so much and I don't have to keep switching them out. Although, I was originally brand loyal when it came to my memory cards, I am very happy with this Sony brand and will definitely be picking up a few more."
5.0,Pretty much delivers what it says...,"Blazing fast reads with a new USB 3 card reader, and decent write speeds enough for all practical purposes for any photographer out there (can write about 10 frames/second, A 20M pixel camera JPG images are in the range of 5-12MB or so per picture)."
5.0,Perfect For Canon DSLR,I don't ask much from memory cards but I do them to be fast and a decent storage size for my photographing hobby. These sony memory cards are fast at writing and I've had quick speeds when I upload them to my computer. There is a small slide lock function that I appreciate for when I want to easily lock my photos. 32gb is a perfect size and I can take about 900 raw photos or so and these are cost effective enough to have several.
3.0,Not A Great Price To Performance Ratio,"This Sony 32GB SD card is one of the faster Class 10 cards that I have tested to date, but definitely falls well short of advertised specs. Using the ATTO benchmark test I was able to reach read speeds of around 86MB/s, which is well short of the 260MB/s advertised. To be fair, most SD cards I have tested fall short of their advertised speeds. I was a bit surprised that this Sony product fell so short considering that it is priced significantly above what most Class 10 cards are these days."
5.0,Fast and effective SDHC card - works great in my Canon XA30 Camcorder,"This is a great memory card. I use it with my high definition camcorder and it is very fast. I did a test on my Mac and there it had write speeds of 80 MB/s and read speeds of nearly 90 MB/s. That's not quite up to the specs that they advertise of 100 MB/s read and 260 MB/s write, but that reflects the speed of the reader in my Mac, not the speed of the card itself. It's as fast as any SDHC card I've tested in my Mac."
4.0,"Was a little to high end to get the full benefit for me, for those with newer high end cameras that support the standard.","Seems to be very fast, but my two year old Sony is not capable of using the UHS-II upgrade.  Fortunately, it does work with the standard SD so the slot in my Alienware tower could read it, but I guess I can't take advantage of the insane speeds claimed.  I checked with my brother who has better high end cameras, but they were not good enough to use this card fully.  The UHS-II is has a second row of contacts beyond the standard for the SD cards, if those are not in the camera or the card reader you will not be able to use the full power of this card.  That seems to be why they made the USB plug in to adapt something to transfer images properly from the camera.  Currently, you need a new fairly high end camera to use this.  I'll keep this and use it as a fast SD UHS-1 card until the tech catches up a little and I can afford to upgrade my camera.  Recommended, but right now to very high end Digital Camera owners who can use this card."
5.0,Super card - fast and great capacity!  Fits our Nikon CoolPix L32.,"Love this huge capacity Sony card.  We have used various brands, and Sony is up there with the best.  The card holds hours of shooting at the maximum resolution, or plenty of video.  Reading the data was easy and uploading went quickly- important with a high- capacity card like this.  The image quality is also excellent.  There is nothing negative to say about this card.  Be sure it fits, and go for it!"
5.0,"Great Memory Card, I loved it very much!","love it, love it, and love it!"
5.0,Copied Batch of Small Photo Files in Less Than Eyeblink,"This SONY SF-M32/T MEMORY CARD (32GB, UHS-II SD, CL10, U3, Max R260MB/s, W100MB/s) is compatible with my 7-year-old Win10 PC, and it is astonishingly fast.  It wrote a batch of 20 small photo files in less than an eyeblink.  It took far longer to open just one of the files for viewing than it did to copy the entire batch."
